:020000041004E6
:1000000000600020996E0410A5690410AD69041009
:1000100000000000000000000000000000000000E0
:10002000000000000000000000000000B56904109E
:100030000000000000000000BF690410C96904103E
:10004000FD6E0410FD6E0410FD6E0410614104107D
:10005000000000000000000000000000FD6E041021
:10006000DD5F0410D95E0410B55E0410FD6E04104F
:10007000FD6E0410FD6E041000000000D76904102E
:10008000ED690410FD6E0410316A041000000000D8
:10009000236A04100000000000000000156A04102C
:1000A000FD6E04103F6A0410FD6E0410FD6E041016
:1000B0000000000000000000000000000000000040
:1000C00010B5904216D98AB2030C090C0C4659435C
:1000D00080B25343444350431B191A041B0C10189D
:1000E000594180225203002312184B41520DD8026D
:1000F000104310BD4843802252031218520D10467F
:1001000010BDC0468B0707D0013A22D30B780131CE
:10011000037001308B07F7D1830730D0DB4219D051
:100120000138043A08D308C943701B0A43801B0CEA
:1001300003710430043AF6D2D20707D30B88437018
:1001400001D08A78C2701B0A8370704701D00B7887
:1001500043707047043A06D308C903801B0C4380E0
:100160000430043AF8D2D20705D30B88038005D0B7
:100170008B788370704701D00B780370704770B430
:10018000103A03D378C978C0103AFBD2530701D391
:1001900018C918C001D508C908C0D20704D30B88F4
:1001A000038002300231002A01D50B78037070BC45
:1001B0007047C046EFF31482EFF30981154880F3CE
:1001C0001488BFF36F8FF0B543464C4655465E46E4
:1001D0006746F8B4104CEFF30883636006B4BFF3CE
:1001E0004F8F30BFC046C0460B4C646884F308880C
:1001F00082B003BCF8BC9846A146AA46B346BC46AA
:10020000F0BC04BC80F3098881F31488BFF36F8FBE
:100210001047C04600000000040000200023C25C1C
:100220000133002AFBD1581E7047000003B4714609
:10023000490840004900095E49008E4403BC7047EC
:10024000002243088B4274D303098B425FD3030A15
:100250008B4244D3030B8B4228D3030C8B420DD328
:10026000FF22090212BA030C8B4202D312120902B6
:1002700065D0030B8B4219D300E0090AC30B8B42F4
:1002800001D3CB03C01A5241830B8B4201D38B03A2
:10029000C01A5241430B8B4201D34B03C01A524147
:1002A000030B8B4201D30B03C01A5241C30A8B428A
:1002B00001D3CB02C01A5241830A8B4201D38B0275
:1002C000C01A5241430A8B4201D34B02C01A524119
:1002D000030A8B4201D30B02C01A5241CDD2C3098B
:1002E0008B4201D3CB01C01A524183098B4201D307
:1002F0008B01C01A524143098B4201D34B01C01AF2
:10030000524103098B4201D30B01C01A5241C30869
:100310008B4201D3CB00C01A524183088B4201D3D8
:100320008B00C01A524143088B4201D34B00C01AC4
:100330005241411A00D20146524110467047FFE730
:1003400001B5002000F0F0F802BDC0460029F7D04A
:1003500076E7704703460B437FD4002243088B4265
:1003600074D303098B425FD3030A8B4244D3030B3C
:100370008B4228D3030C8B420DD3FF22090212BA01
:10038000030C8B4202D31212090265D0030B8B427D
:1003900019D300E0090AC30B8B4201D3CB03C01A67
:1003A0005241830B8B4201D38B03C01A5241430B42
:1003B0008B4201D34B03C01A5241030B8B4201D332
:1003C0000B03C01A5241C30A8B4201D3CB02C01A9D
:1003D0005241830A8B4201D38B02C01A5241430A15
:1003E0008B4201D34B02C01A5241030A8B4201D304
:1003F0000B02C01A5241CDD2C3098B4201D3CB01AB
:10040000C01A524183098B4201D38B01C01A524159
:1004100043098B4201D34B01C01A524103098B425D
:1004200001D30B01C01A5241C3088B4201D3CB0048
:10043000C01A524183088B4201D38B00C01A52412B
:1004400043088B4201D34B00C01A5241411A00D2DB
:1004500001465241104670475DE0CA0F00D0494244
:10046000031000D34042534000229C4603098B42B4
:100470002DD3030A8B4212D3FC22890112BA030A3C
:100480008B420CD3890192118B4208D389019211BE
:100490008B4204D389013AD0921100E08909C30943
:1004A0008B4201D3CB01C01A524183098B4201D345
:1004B0008B01C01A524143098B4201D34B01C01A30
:1004C000524103098B4201D30B01C01A5241C308A8
:1004D0008B4201D3CB00C01A524183088B4201D317
:1004E0008B00C01A5241D9D243088B4201D34B0032
:1004F000C01A5241411A00D20146634652415B1074
:10050000104601D34042002B00D549427047634654
:100510005B1000D3404201B5002000F005F802BD99
:100520000029F8D016E770477047C0469140030095
:1005300090409C46203A9340194352426346D34030
:10054000194370471C2101231B04984201D3000C5E
:1005500010391B0A984201D3000A08391B09984236
:1005600001D30009043902A2105C40187047C0464C
:10057000040302020101010100000000000000006C
:10058000002B11D1002A0FD1002900D1002802D060
:100590000021C943080007B4024802A14018029094
:1005A00003BDC04685FFFFFF03B4684601B502984E
:1005B00000F034F8019B9E4602B00CBC7047C04668
:1005C000F0B5CE469946030C9C46130447461B0CD7
:1005D0001D000E0061460404240C80B50700100CB9
:1005E0004B436543414360432C0CC01824188C4690
:1005F000A34203D980235B029846C4444946794309
:100600005643230C2D042D0C8919634424046019CE
:10061000C918C0BCB946B046F0BDC046F0B5574693
:100620004E464546DE46E0B504000D00924699462A
:1006300083B08B4230D82DD04946504600F0BAF8EE
:1006400029000600200000F0B5F8331A9846203B38
:1006500034D49B4653465A46934042461F00534665
:1006600093401E00AF423BD8AF4200D179E05B46D9
:10067000A41BBD41002B00DA76E00022002300928B
:10068000019301235A46934001930123424693402C
:10069000009329E08242CFD90022002300920193E7
:1006A0000C9B002B01D01C605D600098019903B089
:1006B000F0BCBB46B246A946A046F0BD42469B46AA
:1006C00020239B1A5246DA40414613004A468A408C
:1006D000170042461F43534693401E00AF42C3D902
:1006E00000220023009201934346002BD8D0FB0741
:1006F00072081A4346467B080EE0AB4201D1A24283
:100700000CD8A41A9D41012024196D410021013EFD
:1007100024184D41002E06D0AB42EED9013E2419DB
:100720006D41002EF8D1009801995B46001969418E
:10073000002B24DB2B005A464446D3402A00E240DB
:100740001C005B461500002B2ADB26009E40330070
:1007500026004746BE403200801A99410090019120
:100760009EE7A342BCD882E74246202300219B1A81
:100770000022009101920122DA40019285E742466F
:1007800020239B1A2A0046469A402300F340444601
:1007900013432A00E2401C005B461500002BD4DA0C
:1007A00042462F002023260097409B1ADE403B0044
:1007B0003343CDE710B5002903D1FFF7C3FE203046
:1007C00002E00800FFF7BEFE10BDC04680B500AFD6
:1007D000074A80239B000021D154054B054A002184
:1007E0009954034B044A00219954C046BD4680BD2C
:1007F00094010020010200000202000080B582B0D6
:1008000000AF0200FB1D1A701F4B204A9B5C002B9F
:1008100034D11D4A80239B00D35C19001A4BFA1D6A
:1008200012785A54184A80239B00D35C0133D9B202
:10083000154A80239B00D154134A80239B00D15C2E
:10084000114A80239B00D1540F4A80239B00D35C24
:1008500001330F4A134003D5013B0E4A13430133C2
:100860001900094B0C4A9B5CCB1A5A425341DBB22C
:100870001900054B054A9954012300E00023180094
:10088000BD4602B080BDC0469401002002020000B7
:10089000FF01008000FEFFFF0102000080B582B072
:1008A00000AFBB1D012252421A80214A80239B00C7
:1008B000D25C1F4B1F495B5C9A4204D11C4B1E4A01
:1008C0009B5C002B2DD01A4B1A4A9B5C1A00184BCC
:1008D0009A5CBB1D1A80164B164A9B5C0133D9B239
:1008E000134B144A9954124B124A995C104B114AFB
:1008F00099540F4A80239B00D35C01330F4A134065
:1009000003D5013B0E4A134301331900084B094A32
:100910009B5CCB1A5A425341DBB21900044B064A86
:100920009954BB1D00229B5E1800BD4602B080BDDD
:10093000940100200102000002020000FF0100807B
:1009400000FEFFFF80B500AF0A4A80239B00D25C07
:10095000084B09495B5C9A4206D1064B074A9B5CEF
:10096000002B01D1012300E00023DBB21800BD46BB
:1009700080BDC04694010020010200000202000078
:1009800090B589B000AF08243B19180018231A004D
:10099000002126F045FD3B00180008231A00002125
:1009A00026F03EFD3B1905221A603B1980225202B7
:1009B0005A603B1904221A613B1918000BF06EFDB6
:1009C000031E01D000230FE03B0000221A603B0011
:1009D00000225A603B00102118000BF0A9FE031EF4
:1009E00001D0002300E001231800BD4609B090BDEE
:1009F00080B586B000AF3B00180018231A00002114
:100A000026F00EFD3B0002221A603B0080225201BC
:100A10005A613B0018000CF021F8031E01D000239E
:100A200000E001231800BD4606B080BD80B582B04D
:100A300000AF0F4B1B78002B01D0012313E006F011
:100A40007DFB01237B60FFF7D3FF031E01D1002351
:100A50007B60FFF795FF031E01D100237B60044BF1
:100A600001221A707B681800BD4602B080BDC046E6
:100A70009703002080B500AF72B6C046C046FDE7C0
:100A800080B500AF72B6C046C046FDE7F0B5D646A9
:100A90004F464646C0B5B8B00AAF05000C0010007E
:100AA0001900FB1D2A1C1A70BB1D221C1A707B1D0D
:100AB000021C1A703B1D0A1C1A70FB1D1E78BB1D00
:100AC0001B7898467B1D1C783B1D1D7802F04EFE5E
:100AD0000300994604F0F8FA03001B0A9BB29A46F9
:100AE00004F0F2FA03001A00FF231340134908220E
:100AF000B818089353460793082306934B4605936B
:100B00000623049301230393032302930195009486
:100B10004346320026F068FB002004F01DFC08224A
:100B2000BB18180004F0CEFB04F04CFCC046BD46D8
:100B30002EB0E0BCBA46B146A846F0BD58820610B9
:100B4000F0B59DB004AF040008001100FB1D221C8D
:100B50001A70BB1D021C1A707B1D0A1C1A70FB1D2B
:100B60001B78002B01D1022100E00121FB1D1B7825
:100B7000002B01D0022000E00120BB1D1C787B1D52
:100B80001D78FB1D1B78002B01D1042300E00323FB
:100B9000FA1D1278002A01D0042200E003220E4E32
:100BA000B4460826BE1903920293019500940300EF
:100BB0000A006146300026F017FB002004F0CCFB51
:100BC0000826BB19180004F07DFB04F0FBFBC046AF
:100BD000BD4619B0F0BDC046E0820610F0B5DE4655
:100BE00057464E464546E0B5A5B00AAF02000F2372
:100BF000FB181A700E23FB180A1C1A700F23FB181F
:100C00001B78002B02D10623994601E00523994663
:100C10000E23FB181B787B600F23FB181B78002B1F
:100C200001D1082200E007220F23FB181B78012BBB
:100C300001D1062100E005210F23FB181B78012BB1
:100C400001D1082000E007200F23FB181B78022B9E
:100C500001D1082400E007240F23FB181B78022B86
:100C600001D1062500E005250F23FB181B78032B77
:100C700001D1082600E007260F23FB181B78032B61
:100C800002D106239C4601E005239C460F23FB1856
:100C90001B78042B02D10823984601E007239846CD
:100CA0000F23FB181B78042B02D10623BB6001E045
:100CB0000523BB60174B3B6008239A4608239B46DD
:100CC000BB44DA44BB6808934346079363460693E4
:100CD0000596049503940290019100927B684A4620
:100CE0003968504626F080FA002004F035FB0823CE
:100CF00008229B18DB19180004F0E4FA04F062FBE8
:100D0000C046BD461BB0F0BCBB46B246A946A04695
:100D1000F0BDC04630830610F0B5DE4657464E465D
:100D20004546E0B5A5B00AAF05000C00100019005B
:100D30000F26BB192A1C1A700E23FB18221C1A70CE
:100D40000D23FB18021C1A700C23FB180A1C1A70C6
:100D5000BB191B78002B02D102239C4601E0012322
:100D60009C460F23FB181B78012B02D102239846C7
:100D700001E0012398460F23FB181B78022B01D1B9
:100D8000022200E001220F23FB181B78032B01D164
:100D9000022100E001210E23FB181B7899460D2348
:100DA000FB181B789A460C23FB181B789B4688235C
:100DB00008201B18DB191B78BB600F23FB181B785E
:100DC000002B01D1042400E003240F23FB181B781F
:100DD000012B01D1042500E003250F23FB181B780C
:100DE000022B01D1042600E003260F23FB181B78F9
:100DF000032B02D104233B6001E003233B6017482F
:100E0000786008200823C018C0193B680993089629
:100E100007950694BB6805935B460493534603937A
:100E20004B4602930191009243466246796826F050
:100E3000DBF9002004F090FA08200823C318DB191E
:100E4000180004F03FFA04F0BDFAC046BD461BB0DE
:100E5000F0BCBB46B246A946A046F0BD9083061042
:100E6000F0B5DE4657464E464546E0B5CBB014AF2A
:100E700005000C00100019003723FB182A1C1A70FB
:100E800036257B19221C1A703526BB19021C1A70D4
:100E900034243B190A1C1A70A62330201B18DA19B7
:100EA000D0210B18DB191B78DB0813700B18DB192A
:100EB0001B7803221340DAB2A5231B18DB19111C7F
:100EC00009018A1A1A70A4231B18DB19D4210A18E5
:100ED000D2191278D2081A700B18DB191B7803226A
:100EE0001340DAB2A3231B18DB19111C09018A1A5B
:100EF0001A70A7210B18DB197A1912781A703A198F
:100F0000BB1912781B789A420ED20B18DB197A198A
:100F1000127801321A700B18DB191B780D2B03D1D4
:100F20000B18DB1901221A703723FB181B78002BD2
:100F300002D102233B6301E001233B633723FB180B
:100F40001B78012B02D10223FB6201E00123FB622B
:100F50003723FB181B78022B02D10223BB6201E06E
:100F60000123BB623623FB181B783B613523FB183A
:100F70001B78FB60A72330229B18DB191B78BB6012
:100F80003423FB181B787B603723FB181B78002B5E
:100F900002D104237B6201E003237B623723FB1829
:100FA0001B78012B02D104233B6201E003233B6247
:100FB0003723FB181B78022B02D10423FB6101E0CD
:100FC0000323FB613723FB181B78032B02D1022379
:100FD000BB6101E00123BB613723FB181B78042BA5
:100FE00002D102237B6101E001237B613723FB18DF
:100FF0001B78052B02D102239B4601E001239B466F
:101000003723FB181B78062B02D10223994601E0F7
:1010100001239946A62330229B18DB191B789A4698
:10102000A5239B18DB191B789846A4239B18DB1972
:101030001B789C46A3239B18DB191E783723FB18CB
:101040001B78032B01D1042500E003253723FB186F
:101050001B78042B01D1042400E003243723FB1860
:101060001B78052B01D1042200E003223723FB1853
:101070001B78062B01D1042300E0032321493960AA
:101080000C2030214018C01913931292119410951E
:101090000F9663460E9343460D9353460C934B466F
:1010A0000B935B460A937B690993BB690893FB69C1
:1010B00007933B6A06937B6A05937B680493BB683E
:1010C0000393FB6802933B690193BB6A0093FB6A3D
:1010D0003A6B396826F088F8002004F03DF90C20BE
:1010E0003023C318DB19180004F0ECF804F06AF997
:1010F000C046BD4637B0F0BCBB46B246A946A04686
:10110000F0BDC046D4830610F0B5DE4657464E46C5
:101110004546E0B5B7B00AAF02000E23FB181A80AF
:1011200002F0DCFC031E09D1564A102308215B188B
:10113000DB191100180026F057F88DE00E257B19F9
:1011400000241C5F02F0CAFC03009C4200DB7AE032
:101150007B1900229B5E002B75DB7B191A88082304
:1011600008215B18DB191100180002F0CBFC7B1979
:1011700000229B5E002B01DC052500E006250E23E6
:10118000FB1800241C5F02F0A9FC0300013B9C42F9
:1011900001DB072100E008210E23FB1800229A5EE4
:1011A0003A60082008228318DB191B7898468318B8
:1011B000DB195B7899468318DB191B799A468318EB
:1011C000DB199B78DB08DBB29B4614008318DB1924
:1011D0009B781A0003231A4013001B019E1A220059
:1011E0008318DB19DB78DB08DBB2BB6014008318E3
:1011F000DB19DB781A0003231A4013001B019A1A2B
:101200000319DB195B797B600319DB199B791E4895
:10121000844610200019C01909937B68089307922F
:10122000BB68069305965B460493534603934B466F
:101230000293434601933B6800930B002A006146EA
:1012400025F0D2FF08E0114A102308215B18DB19B2
:101250001100180025F0C8FF002004F07DF81023CD
:1012600008229B18DB19180004F02CF804F0AAF8E7
:10127000C046BD462DB0F0BCBB46B246A946A0460E
:10128000F0BDC0467C840610A884061014850610A4
:1012900080B582B000AF78600E4B7A681A600E4B52
:1012A00000221A700D4B01221A7002F0D1FC02F0DC
:1012B0006FFF04F0A1FD02F095F903F017FF002085
:1012C00005F05CFE022005F059FE01231800BD4622
:1012D00002B080BD980300209C0300209D030020E5
:1012E00080B582B000AF3B1D1860054B1A683B1DEE
:1012F0001968100002F0E1F8C046BD4602B080BD9A
:1013000098030020B0B584B000AF3B1D00221A70D6
:101310003B1D00225A800F257C1902F0DBFC0300E4
:1013200023704D4B1B787A1912789A422FD04B4B71
:101330001B6832331C0004F0ABFD03009C4226D234
:101340003B1D04221A70444B1A787B191B785340BA
:10135000DBB21B029AB27B191B789BB2D3189AB2EC
:101360003B1D5A803C4B7A1912781A7004F090FD9C
:1013700002003A4B1A6004F08BFD0200384B1A60F1
:10138000384B01221A703B1D1868FFF7A9FF354B37
:101390001B781D00324B1B68334A9C1804F078FD03
:1013A00003009C429B415B42DBB22B400CD03B1DB7
:1013B00009221A703B1D00225A802A4B00221A7003
:1013C0003B1D1868FFF78CFF284B1B78002B2CD196
:1013D000274B1B78002B28D104F05AFD0200FA237A
:1013E00099001000FEF7B2FF0B1E1ED104F078FB2F
:1013F00003005AB21F4B1A7004F064FB03005AB288
:101400001D4B1A7004F050FB03005AB21B4B1A70AC
:1014100004F03CFB03005AB2194B1A703B1D022228
:101420001A703B1D1868FFF75BFF08217B183A1DF7
:1014300012681A607A18002311880904090C1B0C21
:101440001B040B43528812041B041B0C134318008B
:10145000BD4604B0B0BDC0461C260020A803002035
:10146000AC030020B0030020307500009D03002075
:101470009C030020A1030020A2030020A30300205E
:10148000A4030020B0B58EB002AF3B1D18602F231F
:10149000FB1800221A702E23FB18CA4A12781A7001
:1014A0003B1D1B785BB2092B08D13B1D5B88002BD1
:1014B00004D1C54B01221A7003F07DFFC24B1B788B
:1014C000002B2DD03B1D1B785BB2042B01D001F00B
:1014D000B7FABD4B00221A702E23FB1800221A7097
:1014E0002F23FB1801221A7003F05EFF04F0F8FAB4
:1014F00003005AB2B54B1A7004F0E4FA03005AB272
:10150000B34B1A7004F0D0FA03005AB2B14B1A7000
:1015100004F0BCFA03005AB2AF4B1A7001F090FA13
:10152000A84B1B78062B01D901F07BFA9A00AB4B34
:10153000D3181B689F463B1D1B785BB2022B11D151
:10154000A54B1B785BB2D8B2A24B1B785BB2D9B269
:101550009F4B1B785BB2DAB29C4B1B785BB2DBB261
:10156000FFF794FA3B1D1B785BB2042B01D001F00E
:101570005AFA3B1D5B881A0080235B00134014D08D
:101580003B1D5B881A00012313400ED12E23FB184C
:1015900001221A702F23FB1801221A70904B00228F
:1015A0001A70904B00221A70B4E03B1D5B881A0041
:1015B00080239B00134014D03B1D5B881A0002233C
:1015C00013400ED12E23FB1802221A702F23FB1872
:1015D00001221A70824B00221A70824B00221A706C
:1015E00098E03B1D5B881A008023DB0013400ED07F
:1015F0003B1D5B881A000423134008D12E23FB18DF
:1016000004221A702F23FB1801221A7082E03B1D5E
:101610005B881A0080231B0113400ED03B1D5B88A2
:101620001A000823134008D12E23FB1805221A7034
:101630002F23FB1801221A706CE03B1D5B881A00F7
:1016400080235B0113402AD03B1D5B881A001023C6
:10165000134024D102F08AF803001A002B243B190E
:10166000053A1A7002F098F803001A003B191B782B
:101670001100180002F038F8574B1B785BB2D8B253
:10168000544B1B785BB2D9B2514B1B785BB2DAB2C8
:101690004E4B1B785BB2DBB2FFF7F8F93AE03B1D2B
:1016A0005B881A0080239B01134001D101F0BBF934
:1016B0003B1D5B881A002023134001D001F0B3F9D1
:1016C00002F054F803001A002A243B1905321A705C
:1016D0003B191B78642B09D802F05EF803001A004E
:1016E0003B191B781100180001F0FEFF3A4B1B78E4
:1016F0005BB2D8B2374B1B785BB2D9B2344B1B7894
:101700005BB2DAB2314B1B785BB2DBB2FFF7BEF9EA
:1017100001F089F901F087F93B1D1B785BB2022BC0
:101720000BD1314B00221A702F4B18782C4B1978A3
:101730002C4B1B781A00FFF703FA3B1D1B785BB29A
:10174000042B01D001F071F93B1D5B881A00802346
:101750005B0013400ED03B1D5B881A000123134031
:1017600008D12E23FB1800221A702F23FB18012208
:101770001A70E8E03B1D5B881A0080239B00134031
:1017800034D03B1D5B881A00022313402ED1242144
:101790007B180B221A70124B1B781B029BB2114A4A
:1017A00012789B189AB27B185A807B18186803F03D
:1017B00019F82E23FB1800221A702F23FB18012280
:1017C0001A70C0E09C0300209D030020A1030020AC
:1017D000A2030020A3030020A4030020B88C06105D
:1017E0009F030020A00300209E0300203B1D5B8878
:1017F0001A008023DB0013402BD03B1D5B881A00AE
:101800000423134025D1D54B1B78002B0DD1D44B8D
:101810001B78013BDAB2D24B1A70D14B1B78FF2BED
:101820000DD1CF4B64221A7009E0CE4B1B78013BDF
:10183000DAB2CC4B1A70CB4B1A78CA4B1A70C74B22
:101840001878C74B1978C74B1B781A00FFF778F93F
:1018500079E03B1D5B881A0080231B0113402FD0C9
:101860003B1D5B881A000823134029D1BB4B1B7812
:10187000002B10D1BA4B1B780133DAB2B84B1A7077
:10188000B74B1B7864211800FEF760FD0B00DAB23D
:10189000B34B1A7009E0B34B1B780133DAB2B14B8A
:1018A0001A70B04B1A78AF4B1A70AC4B1878AC4B1F
:1018B0001978AC4B1B781A00FFF742F901F0C0F819
:1018C0003B1D5B881A0080235B01134017D03B1D32
:1018D0005B881A001023134011D1A04B1B785A4289
:1018E0005341DBB21A009D4B1A709C4B18789C4BED
:1018F00019789C4B1B781A00FFF722F923E03B1D57
:101900005B881A0080239B01134001D101F08DF800
:101910003B1D5B881A002023134001D001F085F89D
:101920008E4B1B785A425341DBB21A008B4B1A7014
:101930008A4B18788A4B19788A4B1B781A00FFF764
:10194000FFF801F072F801F070F83B1D1B785BB2F4
:10195000022B27D1814B00221A70834B00221A7070
:10196000824B00221A70824B00221A70814B002297
:101970001A70814B00221A70784B18787A4B1978BC
:101980007A4B1B780133DCB2794B1B780133DDB223
:10199000784B1B78784A1278019200932B00220032
:1019A000FFF75EFA3B1D1B785BB2042B01D001F000
:1019B0003EF83B1D5B881A0080235B0013400ED06D
:1019C0003B1D5B881A000123134008D12E23FB180E
:1019D00000221A702F23FB1801221A7022E23B1DED
:1019E0005B881A0080239B0013400ED03B1D5B8850
:1019F0001A000223134008D12E23FB1803221A7069
:101A00002F23FB1801221A700CE23B1D5B881A0081
:101A10008023DB00134000D1D0E03B1D5B881A001F
:101A20000423134000D0C9E04C4B1B78062B00D98F
:101A3000A6E09A00514BD3181B689F464A4B1B786F
:101A4000013BDAB2484B1A70474B1B78FF2B00D092
:101A500098E0454B0C221A7094E0444B1B78013BF4
:101A6000DAB2424B1A70414B1B78FF2B00D08BE04F
:101A70003E4B1E221A7087E03D4B1B78013BDAB2C9
:101A80003B4B1A703A4B1B78FF2B00D07EE0384B53
:101A90001E221A707AE0374B1B781A00F823134085
:101AA0000DD1344B1B785BB2032213405BB248224A
:101AB000524213435BB2DAB22E4B1A7067E02D4BE1
:101AC0001B78083BDAB22B4B1A7060E0294B1B786D
:101AD000002B03D1274BBB221A7058E0254B1B78F3
:101AE000013BDAB2234B1A70224B1B78042293433A
:101AF000DAB2204B1A704AE01F4B1B781A00F82309
:101B000013400DD11C4B1B785BB2032213405BB218
:101B10004822524213435BB2DAB2174B1A7036E0D6
:101B2000154B1B78083BDAB2134B1A702FE0124B9F
:101B30001B78002B03D1104BBB221A7027E00E4BF1
:101B40001B78013BDAB20C4B1A700B4B1B7804224A
:101B50009343DAB2084B1A7019E0C0469E03002086
:101B60009F030020A0030020B1030020B203002047
:101B7000B3030020B4030020B5030020D48C06106A
:101B8000C04604E0C04602E0C04600E0C046BD4B8F
:101B90001878BD4B1978BD4B1B780133DCB2BC4BB8
:101BA0001B780133DDB2BB4B1B78BB4A1278019224
:101BB00000932B002200FFF753F933E13B1D5B88B4
:101BC0001A0080231B01134000D1C1E03B1D5B883C
:101BD0001A000823134000D0BAE0AA4B1B78062B4A
:101BE00000D999E09A00AD4BD3181B689F46A64BCD
:101BF0001B780133DAB2A44B1A70A34B1B780D216A
:101C00001800FEF7A3FB0B00DAB29F4B1A7088E0B6
:101C10009E4B1B780133DAB29C4B1A709B4B1B789E
:101C20001F211800FEF792FB0B00DAB2974B1A70D7
:101C300077E0974B1B780133DAB2954B1A70944BCF
:101C40001B781F211800FEF781FB0B00DAB2904BC6
:101C50001A7066E08F4B1B781A00F8231340B82BDC
:101C600007D18C4B1B7803221340DAB2894B1A70D0
:101C700057E0884B1B780833DAB2864B1A7050E075
:101C8000844B1B78BB2B03D1824B00221A7045E09A
:101C9000804B1B780133DAB27E4B1A707D4B1B7878
:101CA0001A000423134039D07A4B1B780433DAB27C
:101CB000784B1A7032E0784B1B781A00F8231340E7
:101CC000B82B07D1744B1B7803221340DAB2724B46
:101CD0001A7026E0704B1B780833DAB26E4B1A701C
:101CE0001FE06D4B1B78BB2B03D16B4B00221A708E
:101CF00016E0694B1B780133DAB2674B1A70664BFA
:101D00001B781A00042313400AD0634B1B7804335A
:101D1000DAB2614B1A7003E0C04602E0C04600E050
:101D2000C046584B1878584B1978584B1B780133DC
:101D3000DCB2574B1B780133DDB2564B1B78564A49
:101D40001278019200932B002200FFF789F869E0D6
:101D50003B1D5B881A0080235B01134029D03B1D8B
:101D60005B881A001023134023D1464B1B78013B9C
:101D7000DAB2444B1A70434B1B78FF2B02D1414B14
:101D800006221A703F4B18783F4B19783F4B1B784F
:101D90000133DCB23E4B1B780133DDB23D4B1B7887
:101DA0003D4A1278019200932B002200FFF758F869
:101DB00038E03B1D5B881A0080239B01134001D152
:101DC00000F035FE3B1D5B881A002023134001D034
:101DD00000F02DFE2B4B1B780133DAB2294B1A7021
:101DE000284B1B7807211800FEF7B0FA0B00DAB277
:101DF000244B1A70234B1878234B1978234B1B78EC
:101E00000133DCB2224B1B780133DDB2214B1B784E
:101E1000214A1278019200932B002200FFF720F84C
:101E200000F005FE00F003FE3B1D1B785BB2022BA9
:101E30000BD1144B00221A70124B1878184B1978DA
:101E4000184B1B781A00FEF77BFE3B1D1B785BB21C
:101E5000042B01D000F0EDFD3B1D5B881A008023B0
:101E60005B00134020D03B1D5B881A000123134008
:101E70001AD12E23FB1802221A702F23FB180122DD
:101E80001A70F5E09E030020B1030020B203002089
:101E9000B3030020B4030020B5030020F08C06102B
:101EA0009F030020A00300203B1D5B881A008023B5
:101EB0009B00134034D03B1D5B881A000223134063
:101EC0002ED1964B1A781C217B181A70944B1B78D4
:101ED0000133DAB27B185A70924B1B780133DAB2B5
:101EE0007B181A71904B1A787B189A708F4B1A785E
:101EF0007B18DA708E4B1A787B189A718D4B1A7892
:101F00007B185A717B181868596801F077FD2E23E9
:101F1000FB1800221A702F23FB1801221A70A7E069
:101F20003B1D5B881A008023DB00134027D03B1D3C
:101F30005B881A000423134021D17F4B1B78002BB0
:101F40000DD17C4B1B78013BDAB27A4B1A70794B7E
:101F50001B78FF2B09D1774B64221A7005E0744B74
:101F60001B78013BDAB2724B1A70734B1878714BC5
:101F700019786F4B1B781A00FEF7E2FD78E03B1DE5
:101F80005B881A0080231B0113402ED03B1D5B8809
:101F90001A000823134028D1674B1B78002B10D15F
:101FA000644B1B780133DAB2624B1A70614B1B78B9
:101FB00064211800FEF7CAF90B00DAB25D4B1A7003
:101FC00009E05B4B1B780133DAB2594B1A70584B5E
:101FD0001A78574B1A70584B1878564B1978544B3F
:101FE0001B781A00FEF7ACFD42E03B1D5B881A002F
:101FF00080235B01134017D03B1D5B881A00102320
:10200000134011D14C4B1B785A425341DBB21A009A
:10201000494B1A70484B1878464B1978444B1B783B
:102020001A00FEF78DFD23E03B1D5B881A0080231C
:102030009B01134001D100F0FCFC3B1D5B881A00A2
:102040002023134001D000F0F4FC3B4B1B785A4294
:102050005341DBB21A00384B1A70374B1878354BA6
:102060001978334B1B781A00FEF76AFD00F0E1FC8B
:1020700000F0DFFC3B1D1B785BB2022B30D12E4BF6
:1020800000221A7003F02CFD03005AB22B4B1A7079
:1020900003F018FD03005AB2294B1A7003F004FD37
:1020A00003005AB2274B1A7003F0F0FC03005AB237
:1020B000254B1A70204B1878234B1B785BB2D9B292
:1020C000204B1B785BB2DAB21D4B1B785BB2DCB2E3
:1020D0001A4B1B785BB2DBB200932300FEF71CFEA9
:1020E0003B1D1B785BB2042B01D000F0A4FC3B1D10
:1020F0005B881A0080235B00134027D03B1D5B8860
:102100001A000123134021D12E23FB1800221A703C
:102110002F23FB1801221A7062E2C046B10300208F
:10212000B2030020B3030020B4030020B503002055
:10213000A00300209F0300209E030020A103002095
:10214000A2030020A3030020A40300203B1D5B8802
:102150001A0080239B00134000D19FE03B1D5B8849
:102160001A000223134000D098E0802200216F2043
:1021700002F088F8D74B1B785BB20A211800FEF7F3
:10218000E9F803005BB21B015BB2702213405CB242
:10219000D04B1B785BB20A211800FEF7C1F90B0087
:1021A0005BB223435BB2DBB21A0001216F2002F065
:1021B00069F8C94B1B785BB20A211800FEF7CAF810
:1021C00003005BB21B015CB2C34B1B785BB20A21FC
:1021D0001800FEF7A5F90B005BB223435BB2DBB23C
:1021E0001A0002216F2002F04DF8BC4B1B785BB245
:1021F0000A211800FEF7AEF803005BB21B015CB2C7
:10220000B64B1B785BB20A211800FEF789F90B0068
:102210005BB223435BB2DBB21A0004216F2002F0F1
:1022200031F8AF4B1B785BB20A211800FEF792F829
:1022300003005BB21B015CB2A94B1B785BB20A21A5
:102240001800FEF76DF90B005BB223435BB2DBB203
:102250001A0005216F2002F015F803F041FC03007D
:102260005AB29C4B1A7003F02DFC03005AB29A4BE1
:102270001A7003F019FC03005AB2984B1A7003F05D
:1022800005FC03005AB2964B1A702E23FB1800224D
:102290001A702F23FB1801221A70A1E13B1D5B88E5
:1022A0001A008023DB00134000D18CE03B1D5B88CB
:1022B0001A000423134000D085E08A4B1B78032BBF
:1022C0003FD000DD67E0022B29D064DC002B02D078
:1022D000012B12D05FE0824B1B785BB2DBB2013B7B
:1022E000DBB25AB27E4B1A707D4B1B785BB2002B6F
:1022F0004ADC7B4B0C221A7046E0784B1B785BB2B1
:10230000DBB2013BDBB25AB2744B1A70734B1B78D1
:102310005BB2002B3ADC714B1F221A7036E06E4B19
:102320001B785BB2DBB2013BDBB25AB26A4B1A706C
:10233000694B1B785BB2002B2ADA674B17221A70A5
:1023400026E0644B1B785BB2DBB2013BDBB25AB2D6
:10235000604B1A705F4B1B785BB2002B1ADA5D4B37
:102360003B221A705C4B1B785BB2DBB2013BDBB2E9
:102370005AB2594B1A70584B1B785BB2002B09DAD2
:10238000554B17221A7005E0C04604E0C04602E033
:10239000C04600E0C046534B1878514B1B785BB2E7
:1023A000D9B24E4B1B785BB2DAB24B4B1B785BB2A7
:1023B000DCB2484B1B785BB2DBB200932300FEF724
:1023C000ABFC00F03DFB3B1D5B881A0080231B012A
:1023D000134000D1A0E03B1D5B881A000823134086
:1023E00000D099E03F4B1B78032B43D000DD7CE00D
:1023F000022B2AD000DD78E0002B02D0012B12D076
:1024000073E0374B1B785BB2DBB20133DBB25AB2FD
:10241000334B1A70324B1B785BB20C2B58DD304BB0
:1024200001221A7054E02D4B1B785BB2DBB20133F2
:10243000DBB25AB2294B1A70284B1B785BB21F2BA8
:1024400052DD264B01221A704EE0234B1B785BB203
:10245000DBB20133DBB25AB21F4B1A701E4B1B7832
:102460005BB218211800FEF75BF80B005AB21A4B4A
:102470001A703AE0174B1B785BB2DBB20133DBB268
:102480005AB2144B1A70134B1B785BB23C211800E4
:10249000FEF746F80B005AB20E4B1A700D4B1B7824
:1024A0005BB2002B21D10C4B1B785BB2DBB201334A
:1024B000DBB25AB2084B1A70074B1B785BB218217B
:1024C0001800FEF72DF80B005AB2034B1A700CE0FF
:1024D000C0460AE0A1030020A2030020A3030020BD
:1024E000A40300209E030020C046C44B1878C44BB0
:1024F0001B785BB2D9B2C34B1B785BB2DAB2C24B6A
:102500001B785BB2DCB2C14B1B785BB2DBB20093D1
:102510002300FEF701FC63E03B1D5B881A0080236B
:102520005B01134029D03B1D5B881A001023134028
:1025300023D1B24B1B78013BDAB2B04B1A70AF4BD0
:102540001B78FF2B02D1AD4B03221A70AB4B1878CE
:10255000AB4B1B785BB2D9B2AA4B1B785BB2DAB239
:10256000A94B1B785BB2DCB2A84B1B785BB2DBB229
:1025700000932300FEF7D0FB32E03B1D5B881A007E
:1025800080239B01134000D155E23B1D5B881A005C
:102590002023134000D04EE2984B1B780133DAB26F
:1025A000964B1A70954B1B7803221340DAB2934B6B
:1025B0001A70924B1878924B1B785BB2D9B2914B40
:1025C0001B785BB2DAB2904B1B785BB2DCB28F4BFC
:1025D0001B785BB2DBB200932300FEF79DFB2AE27F
:1025E00029E23B1D1B785BB2022B0BD1834B0022EF
:1025F0001A70824B1C7801F0CFF8030019002000FC
:10260000FEF7ECFA3B1D1B785BB2042B00D014E202
:102610003B1D5B881A0080235B0013400ED03B1DDE
:102620005B881A000123134008D12E23FB180022D7
:102630001A702F23FB1801221A7047E13B1D5B889B
:102640001A0080239B00134031D03B1D5B881A0089
:10265000022313402BD1694B1B78042B23D89A00FB
:102660006B4BD3181B689F462E23FB1806221A704B
:102670002F23FB1801221A7018E001F0ADFA2E2367
:10268000FB1800221A702F23FB1801221A700DE08C
:1026900001F08EF92E23FB1800221A702F23FB184D
:1026A00001221A7002E0C04610E1C0460EE13B1D57
:1026B0005B881A008023DB0013401FD03B1D5B8822
:1026C0001A000423134019D14C4B1B780133DAB2A2
:1026D0004A4B1A70494B1B7805211800FDF736FE4E
:1026E0000B00DAB2454B1A70444B1C7801F054F8D9
:1026F000030019002000FEF771FAE7E03B1D5B883C
:102700001A0080231B0113401CD03B1D5B881A005C
:102710000823134016D1394B1B78013BDAB2374BF3
:102720001A70364B1B78FF2B02D1344B04221A70DF
:10273000324B1C7801F030F8030019002000FEF73E
:102740004DFA7DE13B1D5B881A0080235B0113403D
:1027500060D03B1D5B881A00102313405AD1274BD1
:102760001B78002B02D0012B36D045E001F014F885
:102770000300053BDAB22D243B191A703B191B7874
:102780007F2B15D93B1900221A7000F0EFFF0300D0
:102790001A003B191B781900100000F0A5FF174B19
:1027A0001A783B191B7819001000FEF717FA23E07E
:1027B00000F0DCFF03001A002D243B191B781900E0
:1027C000100000F091FF0D4B1A783B191B7819008F
:1027D0001000FEF703FA0FE018243B190B221A70C1
:1027E00002F072FC0300013B9AB23B195A803B197C
:1027F000186801F0F7FFC04668E0C0469E0300205D
:10280000A4030020A3030020A2030020A1030020B2
:102810000C8D06103B1D5B881A0080239B01134022
:1028200000D10AE13B1D5B881A002023134000D031
:1028300003E1964B1B78002B02D0012B36D045E0EC
:1028400000F0AAFF03001A002C243B1905321A706D
:102850003B191B78642B15D93B1964221A7000F0C0
:1028600085FF03001A003B191B781900100000F0C7
:102870003BFF864B1A783B191B7819001000FEF7B6
:10288000ADF923E000F072FF03001A002C243B197D
:102890001B781900100000F027FF7C4B1A783B19B9
:1028A0001B7819001000FEF799F90FE014243B196A
:1028B0000B221A7002F008FC030001339AB23B1994
:1028C0005A803B19186801F08DFFC046B5E03B1DEA
:1028D0001B785BB2022B08D16D4B00221A806C4B27
:1028E00000229B5E1800FEF70FFC3B1D1B785BB2BD
:1028F000042B00D0A3E03B1D5B881A0080235B0003
:10290000134011D03B1D5B881A00012313400BD1EB
:102910002E23FB1805221A702F23FB1801221A7090
:102920005B4B00221A807BE03B1D5B881A008023F2
:102930009B00134011D03B1D5B881A0002231340FB
:102940000BD12E23FB1805221A702F23FB1801220E
:102950001A704F4B00221A8062E03B1D5B881A0000
:102960008023DB00134005D03B1D5B881A00042345
:10297000134055D03B1D5B881A0080231B01134078
:1029800005D03B1D5B881A000823134048D03B1D2F
:102990005B881A0080235B0113401AD03B1D5B88C3
:1029A0001A001023134014D1394B00229B5E002BD8
:1029B00036DD374B00229B5E9BB2013B9BB21AB2C5
:1029C000334B1A80324B00229B5E1800FEF79CFBB3
:1029D00026E03B1D5B881A0080239B0113402ED00C
:1029E0003B1D5B881A002023134028D1284B00226E
:1029F0009B5E1C0001F072F80300013B9C421EDA52
:102A0000234B00229B5E9BB201339BB21AB2204B38
:102A10001A801F4B00229B5E1800FEF775FB0EE02C
:102A20000DE0C0460CE0C0460AE0C04608E0C046E3
:102A300006E0C04604E0C04602E0C04600E0C046F2
:102A40002F23FB181B78002B1AD010217B18002293
:102A50001A607B1803221A707B181868FEF712FDA3
:102A60000C4B2E22BA1812781A700C217B180022F7
:102A70001A607B1802221A707B181868FEF702FD94
:102A800001231800BD460CB0B0BDC0469E03002017
:102A9000B60300209C03002080B584B000AF7860AE
:102AA0000C4B00221A700C4B7A681A6003F0A2FAE1
:102AB00000F098FD0C217B1801221A707B1800226F
:102AC0005A807B18186800F009F801231800BD46E9
:102AD00004B080BDB8030020BC03002080B582B0E4
:102AE00000AF3B1D1860054B1A683B1D19681000AC
:102AF00000F0E3FCC046BD4602B080BDBC03002030
:102B0000F0B587B000AF1723FB1800221A700C2510
:102B10007B1900221A707B1900225A801626BC19D4
:102B200003F062FB0300237031007B181B78252B18
:102B30000BD01723FB1801221A707B1906221A707A
:102B40007B181B789AB27B195A801F4B1B78012B7C
:102B500015D103F064FB031E04D1FDF7F3FE03005F
:102B6000012B0CD1194B1A683B1D072119703B1D15
:102B7000002159803B1D1968100000F09EFC1723AE
:102B8000FB181B78002B07D0104B1A680C23FB187E
:102B90001968100000F091FC10217B180C22BA1863
:102BA00012681A607A18002311880904090C1B0C9A
:102BB0001B040B43528812041B041B0C1343180004
:102BC000BD4607B0F0BDC046C0030020BC030020D6
:102BD000B0B58EB000AF3B1D18603723FB18002244
:102BE0001A703623FB18DE4A12781A70DC4B1B78F9
:102BF000142B01D900F0A9FB9A00DA4BD3181B68FB
:102C00009F463B1D1B785BB2012B01D000F09FFB60
:102C10003623FB1801221A703723FB1801221A7081
:102C200000F095FB3B1D1B785BB2022B02D1CE4B13
:102C300000221A703B1D1B785BB2062B01D000F0FE
:102C400088FB3B1D5B880F2B3AD89A00C74BD318E3
:102C50001B689F463623FB1802221A703723FB1885
:102C600001221A702DE03623FB1803221A70372335
:102C7000FB1801221A7024E03623FB1805221A7073
:102C80003723FB1801221A701BE03623FB1807229A
:102C90001A703723FB1801221A7012E03623FB1832
:102CA00008221A703723FB1801221A7009E0362314
:102CB000FB1811221A703723FB1801221A7000E04A
:102CC000C04646E33B1D1B785BB2062B00D042E3B7
:102CD0003B1D5B88DCB200F05FFD030019002000A3
:102CE00000F002FD031E03D1A14B180000F082FB8F
:102CF0003623FB1801221A703723FB1801221A70A1
:102D000029E33B1D1B785BB2062B00D025E33B1D5E
:102D10005B88DAB2974B1A703623FB1804221A70BC
:102D20003723FB1801221A7017E33B1D1B785BB297
:102D3000062B00D013E328217B180B221A708D4B31
:102D40001B781B029AB23B1D5B88D3189AB27B1882
:102D50005A807B18186801F045FD3623FB180122C4
:102D60001A703723FB1801221A70F8E23B1D1B78FA
:102D70005BB2022B00D0F4E27B4B01221A707E4B37
:102D800000221A602C257C1900F082FD03002380AC
:102D90002C003B191B881B0A9BB2DBB2180003F006
:102DA00029FA3B191B88DBB2180003F023FA3623FB
:102DB000FB1806221A703723FB1801221A70D0E282
:102DC0003B1D1B785BB2072B00D0CCE22E217B1879
:102DD00020221A80684B1B689AB234243B190800E1
:102DE000791809888A1A1A803B181A88624B1B685E
:102DF000D31A552B02D93B1955221A8000233B6365
:102E000044E01C243B19180007231A00002124F079
:102E100007FB3B1901221A703B1901225A703B191A
:102E200049229A703B194A22DA703B1901221A7121
:102E30003B1901225A713B191B78180003F0DAF98B
:102E40003B195B78180003F0D5F93B199B78180003
:102E500003F0D0F93B191B79180003F0CBF93B19AB
:102E6000DB78180003F0C6F93B195B79180003F012
:102E7000C1F93B199B79180003F0BCF93E4B1B6864
:102E80005A1C3D4B1A603B6B01333B633423FB18E8
:102E90001B883A6B9A42B4DB2E243B191A88364BB6
:102EA0001B68D31A552B00D95DE2032003F0A2F969
:102EB0003B191B88FE2B03D9304B180000F09AFAFF
:102EC0002D4B00221A60284B00221A703623FB1863
:102ED00001221A703723FB1801221A7043E23B1DAE
:102EE0001B785BB2062B00D03FE200F03FFC0300F2
:102EF0001A003B1D5B88DBB21900100000F0F4FBE8
:102F0000031E03D11E4B180000F074FA3623FB1881
:102F100001221A703723FB1801221A7025E23B1D8B
:102F20001B785BB2022B00D021E2164B180007235E
:102F30001A00002124F074FA00F04EFE031E03D1A3
:102F4000114B180000F056FA3623FB1809221A70AC
:102F50003723FB1801221A700C4B00221A7006E26C
:102F6000B8030020208D0610C0030020748D0610C9
:102F70003C850610C1030020C403002054850610C0
:102F80008C850610C8030020A8850610CF030020FA
:102F90003B1D1B785BB2062B00D0EAE13B1D5B8832
:102FA0000D2B11D1DB4B180000F024FA3623FB184F
:102FB00001221A703723FB1801221A70D64B1868A9
:102FC000596800F01BFDD4E1D44B1B78B42B14D905
:102FD000D34B180000F00EFACF4B1868596800F078
:102FE0000DFD3623FB1810221A703723FB1801221F
:102FF0001A700D2003F0FEF8BBE1C84B1B78002BC4
:1030000004D0C54B1868596800F0F8FC3B1D5B887C
:10301000DAB2C14B1A703623FB180A221A70372312
:10302000FB1801221A70A4E13B1D1B785BB2062B32
:1030300000D0A0E13B1D5B88DAB2B74B5A70362353
:10304000FB180B221A703723FB1801221A7092E129
:103050003B1D1B785BB2062B00D08EE13B1D5B88CD
:10306000DAB2AD4B9A703623FB180C221A70372354
:10307000FB1801221A7080E13B1D1B785BB2062B06
:1030800000D07CE13B1D5B88DAB2A34B1A7136237A
:10309000FB180D221A703723FB1801221A706EE1FB
:1030A0003B1D1B785BB2062B00D06AE13B1D5B88A1
:1030B000DAB2994BDA703623FB180E221A703723D6
:1030C000FB1801221A705CE13B1D1B785BB2062BDA
:1030D00000D058E13B1D5B88DAB28F4B5A71362322
:1030E000FB180F221A703723FB1801221A704AE1CD
:1030F0003B1D1B785BB2062B00D046E13B1D5B8875
:10310000DAB2854B9A713623FB1809221A703723DD
:10311000FB1801221A70814B1B780133DAB27F4B06
:103120001A7032E13B1D1B785BB2062B00D02EE1FA
:103130003B1D5B880D2B00D029E13623FB180122B3
:103140001A703723FB1801221A7020E13B1D1B78EF
:103150005BB2062B00D01CE13B1D5B883B2B24D8C7
:103160003B1D5B880A211800FDF76AF803009BB23B
:103170005BB21B015CB23B1D5B880A211800FDF7A6
:10318000E5F80B009BB25BB223435BB2DBB21A00E3
:1031900001216F2001F076F83623FB1812221A70F5
:1031A0003723FB1801221A70F3E05E4B180000F081
:1031B00021F93623FB1801221A703723FB1801224C
:1031C0001A70E6E03B1D1B785BB2062B00D0E2E0F4
:1031D0003B1D5B88172B24D83B1D5B880A211800F8
:1031E000FDF72EF803009BB25BB21B015CB23B1DE6
:1031F0005B880A211800FDF7A9F80B009BB25BB2AF
:1032000023435BB2DBB21A0002216F2001F03AF8CF
:103210003623FB1813221A703723FB1801221A7069
:10322000B9E0414B180000F0E5F83623FB18012205
:103230001A703723FB1801221A70ACE03B1D1B7873
:103240005BB2062B00D0A8E03B1D5B881F2B24D867
:103250003B1D5B880A211800FCF7F2FF03009BB2BC
:103260005BB21B015CB23B1D5B880A211800FDF7B5
:103270006DF80B009BB25BB223435BB2DBB21A006A
:1032800004216F2000F0FEFF3623FB1814221A7071
:103290003723FB1801221A707FE0244B180000F03E
:1032A000A9F83623FB1801221A703723FB180122D4
:1032B0001A7072E03B1D1B785BB2062B00D06EE0EB
:1032C0003B1D5B880C2B33D83B1D5B880A21180003
:1032D000FCF7B6FF03009BB25BB21B015CB23B1D67
:1032E0005B880A211800FDF731F80B009BB25BB236
:1032F00023435BB2DBB21A0005216F2000F0C2FF4E
:103300003623FB1801221A703723FB1801221A708A
:1033100045E0C046C4850610C8030020CF03002046
:10332000D88506100086061018860610308606100E
:103330002E4B180000F05EF83623FB1801221A709D
:103340003723FB1801221A7029E0C04628E0C04646
:1033500026E0C04624E0C04622E0C04620E0C04649
:103360001EE0C0461CE0C0461AE0C04618E0C04659
:1033700016E0C04614E0C04612E0C04610E0C04669
:103380000EE0C0460CE0C0460AE0C04608E0C04679
:1033900006E0C04604E0C04602E0C04600E0C04689
:1033A0003723FB181B78002B1AD010217B18002222
:1033B0001A607B1803221A707B181868FFF708FC44
:1033C0000B4B3622BA1812781A700C217B18002287
:1033D0001A607B1802221A707B181868FFF7F8FB36
:1033E00001231800BD460EB0B0BDC0464886061089
:1033F000B803002080B584B000AF78607B68180007
:10340000FCF70CFF0300BB600E2002F0F3FE00236C
:10341000FB6009E0FB687A68D3181B78180002F09B
:10342000E9FEFB680133FB60FA68BB689A42F1DB96
:103430000A2002F0DFFE01231800BD4604B080BD63
:1034400080B582B000AF0C2023F0E4FC03007B6069
:103450007B68002B01D1002309E07B6800221A6001
:103460007B6800225A607B6800221A817B68180002
:10347000BD4602B080BD80B584B000AF78607B6887
:10348000002B01D1002314E07B681B68FB6008E07F
:10349000FB68BB60FB685B68FB60BB68180023F0DF
:1034A000C3FCFB68002BF3D17B68180023F0BCFC45
:1034B00001231800BD4604B080BD80B584B000AFC4
:1034C00078603B0019607B68002B01D1002326E067
:1034D000082023F09FFC0300FB60FB68002B01D158
:1034E00000231CE0FB683A0012681A60FB680022A7
:1034F0005A607B685B68002B04D07B685B68FA6865
:103500005A6002E07B68FA681A607B68FA685A6061
:103510007B681B8901339AB27B681A8101231800EA
:10352000BD4604B080BD90B589B000AF78607B68BF
:10353000002B07D118217B18FF221A707B1800225C
:103540005A8030E07B681B68002B0AD17B68002220
:103550005A6018217B1800221A707B1800225A80AA
:1035600021E07B681B68FB61FB695A687B681A6015
:103570007B681B68002B02D17B6800225A601424F0
:103580003B19FA6912681A60FB69180023F04CFCB9
:103590007B681B89013B9AB27B681A811823FB1850
:1035A0003A1912681A601823FA18002311880904BE
:1035B000090C1B0C1B040B43528812041B041B0C2C
:1035C00013431800BD4609B090BD80B582B000AF6E
:1035D00078607B681B895A1E9341DBB21800BD4698
:1035E00002B080BD80B582B000AF394B1B78002B94
:1035F00001D0012368E0374B1A69364B0C210A438E
:103600001A6100237B600FE07B68334A9446634471
:10361000DB001B78FF2B04D17B681AB22F4B1A807A
:1036200005E07B6801337B607B68FF2BECDD0023CA
:103630003B600FE03B682A4A94466344DB001B78FA
:10364000FF2B04D13B681AB2264B1A8005E03B6879
:1036500001333B603B68FF2BECDD1E4B1A691D4BB1
:1036600001210A431A611A4B01221A7000F07EF8F8
:103670000300FF2B04D000F08FF80300FF2B22D1B2
:1036800000F074F80300FF2B09D100F085F8030067
:10369000FF2B04D12821322000F026F813E000F09F
:1036A00065F80300FF2B07D100F076F8030019003E
:1036B000322000F019F806E000F058F80300282145
:1036C000180000F011F801231800BD4602B080BDBB
:1036D000D40300200010004000DE0002D0030020D0
:1036E00000DD0002D2030020B0B588B000AF0200B8
:1036F000FB1D1A70BB1D0A1C1A701A4B1B78002B7D
:1037000001D100232AE00C217B185C225A607B182F
:1037100001229A607B1800221A600823FA187B188D
:103720001100180003F0C0FF00F020F800F034F89A
:10373000BB1D1B781A02FB1D1B78D318FB611B25D0
:103740007C19FB6908491A00002003F0D3FE03002E
:1037500023707B191B785A425341DBB21800BD46D7
:1037600008B0B0BDD403002000E0061080B582B0E0
:1037700000AF074B1B78002B01D1002303E0054B62
:103780007B607B681B781800BD4602B080BDC046D8
:10379000D403002000E0061080B582B000AF074BD4
:1037A0001B78002B01D1002303E0054B7B607B6875
:1037B0001B781800BD4602B080BDC046D40300206F
:1037C00001E0061080B584B000AF3B00186059607E
:1037D0002C4B1B78002B01D100234FE02A4B0022F9
:1037E0009B5EFF2B01DD002348E03B001B781A00A5
:1037F0003B005B781B021A433B009B781B041A4377
:103800003B00DB781B061343FB603B001B791A006F
:103810003B005B791B021A433B009B791B0413435B
:10382000BB60194B00229B5E184A94466344DB0040
:103830001900FB681A00002003F05CFE031E01D093
:1038400000231BE0104B00229B5E104A9446634409
:10385000DB0004331900BB681A00002003F04AFEA5
:10386000031E01D0002309E0074B00229B5E9BB2A0
:1038700001339BB21AB2044B1A8001231800BD46D3
:1038800004B080BDD4030020D203002000DD00027C
:1038900080B500AF064B1B78002B01D1002303E05D
:1038A000044B00229B5E9BB21800BD4680BDC04603
:1038B000D4030020D203002090B587B000AF786019
:1038C0000A00BB1C1A8010243B19180007231A0099
:1038D000002123F0A5FD334B1B78002B08D17A681B
:1038E0003B191000190007231A0023F00EFE55E0C3
:1038F000BB1C1B882C4A0021525E934245DCBB1C3A
:103900001B882A4A94466344DB001A7810217B18EE
:103910001A70BB1C1B88254A94466344DB000133A4
:103920001A787B185A70BB1C1B88204A9446634443
:10393000DB0002331A787B189A70BB1C1B881B4A69
:1039400094466344DB0003331A787B18DA70BB1C9F
:103950001B88164A94466344DB0004331A787B18AC
:103960001A71BB1C1B88114A94466344DB00053363
:103970001A787B185A71BB1C1B880C4A9446634406
:10398000DB0006331A787B189A717A681023FB18CB
:103990001000190007231A0023F0B7FD7868BD4610
:1039A00007B090BDD4030020D203002000DD000248
:1039B000B0B586B000AF104B00221A8008217B18EA
:1039C0005D225A607B1801229A607B1800221A60DF
:1039D00017257C193A1D7B181100180003F064FEAE
:1039E000030023707B191B785A425341DBB2180045
:1039F000BD4606B0B0BDC046D203002080B586B03B
:103A000000AF3B0018605960304B1B78002B01D190
:103A1000002356E02E4B00229B5EFF2B01DD00238E
:103A20004FE03B001B781A003B005B781B021A43F7
:103A30003B009B781B041A433B00DB781B061343B7
:103A40007B613B001B791A003B005B791B021A4328
:103A50003B009B791B0413433B611E4B1B69FB60BE
:103A6000FB6801221340FB60194B00229B5E1A4A3F
:103A700094466344DB0019007B691A00002003F0C0
:103A800039FD031E01D000231BE0114B00229B5E79
:103A9000114A94466344DB00043319003B691A0061
:103AA000002003F027FD031E01D0002309E0084B8E
:103AB00000229B5E9BB201339BB21AB2044B1A8068
:103AC00001231800BD4606B080BDC046D4030020C7
:103AD000D00300200010004000DE000280B500AFDF
:103AE000064B1B78002B01D1002303E0044B00227E
:103AF0009B5E9BB21800BD4680BDC046D40300202B
:103B0000D003002090B589B000AF78600A00BB1CDC
:103B10001A8010243B19180007231A00002123F0F3
:103B20007FFC2A4B1B78002B08D17A683B191000C8
:103B3000190007231A0023F0E8FC42E0BB1C1B8895
:103B4000234A0021525E934232DABB1C1B88214A71
:103B500094466344DB001B68FB61BB1C1B881D4A49
:103B600094466344DB0004331B68BB61FB69DAB233
:103B700010217B181A70FB691B0ADAB27B185A7085
:103B8000FB691B0CDAB27B189A70FB691B0EDAB268
:103B90007B18DA70BB69DAB27B181A71BB691B0A31
:103BA000DAB27B185A71BB691B0CDAB27B189A71B6
:103BB0007A681023FB181000190007231A0023F05D
:103BC000A4FC7868BD4609B090BDC046D40300206F
:103BD000D003002000DE0002B0B586B000AF104B6D
:103BE00000221A8008217B185E225A607B1801226D
:103BF0009A607B1800221A6017257C193A1D7B18E1
:103C00001100180003F050FD030023707B191B788E
:103C10005A425341DBB21800BD4606B0B0BDC046A3
:103C2000D003002080B584B000AF7860074B196DD9
:103C3000064B7A680A431A65044B1B6D7A68134079
:103C4000FB60FB68C046BD4604B080BD0000404834
:103C500080B586B000AF1D4B1B78002B01D001232F
:103C600030E03B1D180014231A00002123F0D8FB7C
:103C70000820FFF7D7FF0420FFF7D4FF3B1DB02239
:103C800012011A603B1D00225A603B1D00229A60FF
:103C90003A1D9023DB051100180003F085FD3B1D44
:103CA00010221A603B1D00225A603B1D00229A60C0
:103CB0003B1D074A1900100003F076FD034B01225B
:103CC0001A7001231800BD4606B080BDD503002040
:103CD00000001048B0B500AF80231A019023DB0527
:103CE0001100180003F0E8FF03005BB25B015CB257
:103CF00080239A009023DB051100180003F0DCFFFD
:103D000003005BB21B015BB223435CB2194B102171
:103D1000180003F0D1FF03005BB2DB005BB223436A
:103D20005CB29023DB050821180003F0C5FF0300F7
:103D30005BB29B005BB223435CB29023DB050421A2
:103D4000180003F0B9FF03005BB2DB185BB223433A
:103D50005CB280235A009023DB051100180003F0A9
:103D6000ABFF03005BB223435BB2DBB21800BD467E
:103D7000B0BDC0460000104890B585B000AF02004D
:103D8000FB1D1A70224B1B69002B3DD0214B40229A
:103D9000002199541F4B4122202199541E4B1B682E
:103DA0001A681D4B1B6808218A431A609023DB05A3
:103DB0000221180003F09DFE154B12225A60144B8D
:103DC00000221A61124A9023DB051100180003F04B
:103DD000EBFC0121002005F0D1FF0121002005F0BE
:103DE000FBFFFB1D1B78002B0CD002F051F80300E9
:103DF000FB60C046FB6814331C0002F049F8030066
:103E00009C42F7D800F078FAC046BD4605B090BD98
:103E100020260020342600208C26002090B585B076
:103E200002AF78607B68DB78002B12D17B681B784F
:103E3000DB1899B27B685B781C007B680233104802
:103E40000122019200930123220004F079F803007B
:103E500011E07B681B78DB1899B27B685B781C00EB
:103E60007B6802330648012201920093012322005D
:103E700004F008F903001800BD4603B090BDC04629
:103E80003426002090B585B000AF3B1D1860494B2B
:103E90001B78002B01D1012387E00F23FB180022A0
:103EA0001A7001F0F5FF0300BB60C046424B434A65
:103EB0009B5A1C00404AC0235B01D35A0133C022E5
:103EC000D1001800FCF72CFB0B009C4208D1BB680A
:103ED000FA2292009C1801F0DBFF03009C42E5D817
:103EE000354B364A9B5A1C00334AC0235B01D35AD8
:103EF0000133C022D1001800FCF712FB0B009C42DA
:103F000004D1022003F0B0F801234EE0022003F0B8
:103F1000C9F8294AC0235B01D35A274A99003B1D9F
:103F20001B688B50244AC0235B01D35A013399B2DA
:103F3000214AC0235B01D1521F4AC0235B01D35ADF
:103F4000C022D1001800FCF701FA0B0099B21A4AFE
:103F5000C0235B01D152184B184A9B5A0133C0222F
:103F6000D1001800FCF7DCFA0B001900124AC0233C
:103F70005B01D35A994215D1114B41229B5CDBB2B4
:103F8000202B0FD10120FFF7F7FE0B4B0B4A9B5A5A
:103F90009A00094BD3180F22BC181800FFF73EFFF8
:103FA000030023700F23FB181B781800BD4605B0D3
:103FB00090BDC046DC1B0020D80300200218000082
:103FC0003426002080B582B000AF7860164B174AC7
:103FD0009B5A013399B2144B144A9952124B134A0B
:103FE0009B5AC022D1001800FCF7B0F90B0099B21F
:103FF0000D4B0E4A99520C4B0C4A9A5A0A49C0234F
:104000005B01CB5A9A420BD00120FFF7B5FE064B5D
:10401000064A9B5A9A00044BD3181800FFF7FEFE7D
:10402000C046BD4602B080BDD80300200218000083
:1040300080B584B000AF78600C203B1805221A7060
:104040002A4B2B4A9B5A294A9B00D31801331B78D1
:104050001BB21B021AB2254B25495B5A23499B0010
:10406000CB1802331B781BB213431BB29AB23B1816
:104070005A801E4B1E4A9B5A1C4A9B00D31803337E
:104080001B785A1E1B4B9200D2583B181868904759
:10409000164B174A9B5A013399B2144B144A995242
:1040A000124B134A9B5AC022D1001800FCF74EF95C
:1040B0000B0099B20D4B0E4A99520C4B0C4A9A5A6E
:1040C0000A49C0235B01CB5A9A420BD00120FFF76B
:1040D00053FE064B064A9B5A9A00044BD31818000D
:1040E000FFF79CFEC046BD4604B080BDD80300204B
:1040F000021800008826002090B585B000AF7860D7
:104100007B685B6C0422134021D0134B134A9A5AEC
:104110001149C0235B01CB5A9A4218D001F0B8FE76
:104120000300FB60C046FB680A331C0001F0B0FED0
:1041300003009C42F7D80120FFF71EFE064B074AFA
:104140009B5A9A00044BD3181800FFF767FEC0462D
:10415000BD4605B090BDC046D8030020021800003F
:1041600080B500AF094B1B689A69E023DB00134060
:1041700004D0064B180004F03DF803E0034B180090
:1041800004F01EF8C046BD4680BDC046342600205F
:1041900090B583B000AF364B1B78002B01D00123C4
:1041A00062E001F029FE334B8222D2051A60314BC6
:1041B000314A5A602F4B00229A602E4B0122DA605E
:1041C0002C4B00221A612B4B00225A61294B0022F2
:1041D0009A61284B0022DA61264B00221A62254B95
:1041E000412200219954FC1D224B180003F002FECD
:1041F00003002370FB1D1B78002B01D0002333E04C
:10420000FC1D1C4B0021180005F0C4FC03002370AA
:10421000FB1D1B78002B01D0002325E0FC1D154B56
:104220000021180005F002FD03002370FB1D1B7820
:10423000002B01D0002317E0104B114A00219952A6
:104240000E4AC0235B010021D152094B01221A7092
:104250000120FFF791FD00220221032003F0C4F8A2
:10426000032003F0D6F801231800BD4603B090BD2B
:10427000DC1B0020342600205B5B3000D8030020CC
:1042800002180000B0B584B000AF040008001100AF
:10429000FB1D221C1A70BB1D021C1A707B1D0A1C00
:1042A0001A70134B1B78002B01D101231CE00F2146
:1042B0007B1800221A700F4BFA1D12781A700D4BE2
:1042C000BA1D12785A700B4B0022DA70094B7A1D16
:1042D00012789A700D007C18064B1868FFF7D2FD13
:1042E000030023707B191B781800BD4604B0B0BDD5
:1042F000DC1B0020E01B002080B500AF0D4B4122ED
:104300009B5CDBB2202B11D10B4B0C4A9A5A0A4909
:10431000C0235B01CB5A9A4208D0074B074A9B5AED
:104320009A00054BD3181800FFF778FDC046BD462C
:1043300080BDC04634260020D803002002180000AB
:10434000B0B584B000AF040008001100FB1D221CB2
:104350001A70BB1D021C1A707B1D0A1C1A70184BA8
:104360001B78002B01D1012326E00F23FB1800222C
:104370001A70144BFA1D12781A70124BBA1D12786B
:104380005A707B1D1B78002B03D07B1D1B78012BE3
:1043900001D9012310E00B4B7A1D1278DA70094B1A
:1043A00000229A700F257C19064B1868FFF76AFDEA
:1043B000030023707B191B781800BD4604B0B0BD04
:1043C000DC1B0020E41B0020B0B584B000AF04006B
:1043D00008001100FB1D221C1A70BB1D021C1A7064
:1043E0007B1D0A1C1A700F257C197B1D1A78BB1DBA
:1043F0001978FB1D1B781800FFF744FF030023709A
:104400007B191B78002B01D0012300E0002318004A
:10441000BD4604B0B0BD000090B585B000AF786077
:104420007B681B78032B03D1022002F059FE06E0C3
:104430007B681B780D2B02D1002002F051FE0E2468
:104440003B1900221A807E2001F084FE3B193A19A4
:104450001288FF321A80FF2001F07CFE3B193A19C6
:10446000128806321A80062001F074FE0023BB6019
:104470001DE0BB687A68D3181B7819000E22BB18A0
:10448000BA1812888A181A80BB687A68D318197803
:10449000164ABB68D3180A1C1A70BB687A68D3180E
:1044A0001B78180001F056FEBB680133BB60BB6887
:1044B000032BDEDD0E243B193A19128852421A8072
:1044C0003B191B881B0A9BB2DBB2180001F042FEAD
:1044D0003B191B88DBB2180001F03CFEEF2001F015
:1044E00039FEC046BD4605B090BDC046181C002030
:1044F00080B584B000AF0200BB1D1A800C217B1870
:1045000003221A707B1800225A70BB1D1B881B0ADD
:104510009BB2DAB27B189A70BB1D1B88DAB27B188B
:10452000DA707B181800FFF777FFC046BD4604B06D
:1045300080BD000080B584B000AF0200FB1D1A7082
:10454000FB1D1B78252B01D10023DCE0FB1D1B7814
:104550007E2B02D16E4B00221A706D4B1B78082BFC
:1045600000D9CFE09A006B4BD3181B689F46FB1D08
:104570001B78FF2B00D0C4E0654B01221A70C0E00D
:10458000FB1D1B78062B03D1614B02221A70B9E088
:104590005F4B00221A70B5E05D4B03221A705E4B30
:1045A000FA1D12781A70ADE0FB1D1B78012B03D0A9
:1045B000FB1D1B78002B07D1574BFA1D12785A7040
:1045C000534B04221A709DE0514B00221A7099E05F
:1045D0004F4B05221A70504BFA1D12789A7091E0D9
:1045E0004B4B06221A704C4BFA1D1278DA7089E098
:1045F000494B1B781A00484B5B78D3189BB2464A4C
:1046000092789B189BB2444AD2789B189AB20C209D
:104610003B1842498A1A1A80FB1D1B789AB23B1834
:104620001B881B0A9BB29A4203D1394B07221A708E
:1046300068E0374B00221A7064E0374B1B781A0091
:10464000354B5B78D3189BB2334A92789B189BB258
:10465000314AD2789B189AB20E203B182F498A1AF9
:104660001A80FB1D1A783B181B88FF210B409A42C9
:1046700003D1274B08221A7044E0254B00221A7000
:1046800040E0FB1D1B78EF2B37D1234B1B78402BD1
:1046900028D1022002F024FD1F4BDB78042B1DD112
:1046A0001F4B1B78022B0ED81D4B1B780133DAB23F
:1046B0001B4B1A701B4B1800FFF7AEFE144B002269
:1046C0001A7000231FE0164B00221A70124B3D2275
:1046D0001A70154B1A78104BDA7006E0104B002256
:1046E0001A7002E00E4B00221A70002002F0F8FC53
:1046F000074B00221A70012305E0054B00221A70B7
:1047000000E0C04600231800BD4604B080BDC0468E
:10471000FF1B0020B48D0610001C0020FBFEFFFFD5
:10472000FE1B0020181C0020041C002080B584B053
:1047300000AF7860234B7A681A6001F05DFB224B72
:1047400002221A70FFF728F803001A001F4B1A7094
:104750001E4B1B78002B03D11C4B01221A7006E064
:104760001A4B1B78642B02D9184B64221A70184B11
:104770001E221A7001F08CFB0200164B1A6001F029
:1047800087FB0200144B1A60144B00221A70144B62
:1047900000221A700E4B1B78FF2B03D00C4B1B789A
:1047A0001E2B02D90A4B1E221A700C217B180C22D8
:1047B0001A607B181800FFF72FFE01231800BD4672
:1047C00004B080BDE81B0020EC1B0020ED1B002086
:1047D000EE1B0020F01B0020F81B0020FD1B00201A
:1047E000FC1B002080B582B000AF3B1D1860054B5C
:1047F0001A683B1D19681000FEF75FFEC046BD46F3
:1048000002B080BDE81B0020F0B593B000AF0821D6
:1048100010268B19DB1900221A708B19DB19002264
:104820005A8001F035FB03007B6433229319DE19B3
:1048300001F064FC03003370332210269319DB1956
:104840001B78252B2ED09319DB191B781800FFF746
:1048500071FE031E26D0082130000B18DB19082238
:104860001A70854B1B781BB21B021AB2824BDB7885
:104870001BB213431BB29AB20B18DB195A807F4B41
:104880001B78002B07D10B18DB1901221A700B18AB
:10489000DB1901225A80082310229B18DB191868A3
:1048A000FFF7A0FF764B1B78012B58D1734B1B7879
:1048B000002B54D001F0ECFA0300FB63714B1A6833
:1048C000714B1B689A4205D96E4B1A686E4B1B6878
:1048D000D31A00E00023BB636C4B1B787B63022080
:1048E00002F0FEFB7B6B002B39D07B6B632B36D841
:1048F000BB6BBB600023FB607B6B6422D31A3B6005
:1049000000237B603A687B68B868F968FBF758FE5B
:1049100002000B00BA62FB627B6B1C0000231D00CF
:1049200022002B00B86AF96AFBF72AFE02000B008E
:1049300013007B62534B1B68FA6BD31A7A6A9A4254
:104940000DD84F4B00221A70082110200B18DB19CC
:1049500009221A700B18DB191868FFF743FF474B41
:104960001B78002B26D0464B1B78002B22D101F060
:104970008FFA03003B62464B1B683A6AD31A454ADA
:10498000934217D93C4B3D221A70434B1A783A4B4D
:10499000DA703C4B3A6A1A60082110200B18DB19B8
:1049A00008221A700B18DB191868FFF71BFF384B29
:1049B0003A6A1A60394B1B687A6CD31A384A9342A8
:1049C00012D92E4B1B78002B0ED1082110200B186A
:1049D000DB1901221A700B18DB1900225A800B1800
:1049E000DB191868FFF7FEFEFEF7C0FE03001A0091
:1049F0002C4B1B789A4207D1FEF7CEFE03001A001B
:104A0000224B1B789A421CD01C4B1B78002B18D0D1
:104A1000082410256319DB190A221A70FEF7A6FE76
:104A200003001A001F4B1B78D31A5A425341DBB2C2
:104A30001A006319DB195A806319DB191868FFF72C
:104A4000D1FE0C2110200B18DB1908221218D219E4
:104A500012681A600B18DA19002311880904090C6E
:104A60001B0C1B040B43528812041B041B0C134326
:104A70001800BD4613B0F0BD001C0020FC1B002038
:104A8000EC1B0020F41B00201C1C0020ED1B002050
:104A9000F01B0020C0D40100041C0020F81B0020E3
:104AA000B70B0000EE1B002090B59FB000AF3B1D80
:104AB00018603B1D1B785BB2012B00D0BDE02821A4
:104AC0007B180E221A607B181800FFF7A5FC7723CD
:104AD000FB1801221A70CE4B01221A70FEF7B0FCAF
:104AE00003003B6654E024217B184E221A707B1889
:104AF00000225A707B1800229A70C54B1A787B18D6
:104B0000DA707B181800FFF787FC01F0C1F9030089
:104B1000FB65C04601F0F2FA03001800FFF70AFD3A
:104B2000031E08D1FB6DFA2292009C1801F0B0F927
:104B300003009C42EED8FB6DFA2292009C1801F013
:104B4000A7F903009C4222D3B24B1B784E2B15D100
:104B5000AF4B1B780133DAB2AD4B1A7020217B18B2
:104B600000221A70AB4BDB781A007B185A807B1836
:104B70003A6E19681000FEF7A0FC09E0A54B1B78FF
:104B8000402B05D17723FB1800221A7000E0C046A5
:104B90007723FB181B78002BA5D19D4B1B78013B7D
:104BA000DAB29B4B1A709A4B1B78180022F032F93C
:104BB00003001A00984B1A6000233B6713E03B6E1A
:104BC0001800FEF7B0FC03001A0030217B181A60B1
:104BD0007B185988904B1A683B6FD318CAB21A7069
:104BE0003B6F01333B678A4B1B781A003B6F934244
:104BF000E5DB3B6E1800FEF73EFC884B01221A7085
:104C00002C243B1906221A703B1900225A703B19BA
:104C100000229A70824B1B781A0013001B019B1A0A
:104C20005B0064211800FBF795FB0300DAB23B1927
:104C3000DA703B191800FFF7EFFB3B1D1B785BB2E6
:104C4000092B58D1774B00221A7001F021F902008C
:104C5000754B1A60754B1B78002B3FD0734B1A783D
:104C60006B4B1B789A4239D86B4B1B68002B35D0A5
:104C70006F4B01221A800023FB660EE0664B1A6818
:104C8000FB6ED3181B781A00694B1B88D3189AB295
:104C9000674B1A80FB6E0133FB66644B1B78013B4C
:104CA000FA6E9A42EADB634B1B781A00604B1B8852
:104CB000D3189AB25A243B19013A1A8001F0E8F845
:104CC00003007B65584B7A6D1A605B4B7A6D1A60F6
:104CD0003B191B881800FFF70BFC0CE0514B01221D
:104CE0001A701C217B180E221A607B181800FFF71F
:104CF00093FB0023CCE13B1D1B785BB2082B00D05B
:104D0000E9E03B1D5B881B0A9AB253217B181A709D
:104D10007B181B783D2B00D0DDE001F0B9F80300D3
:104D2000FB64464B1B68FA6CD21A96235B009A42CE
:104D300000D8D0E0414BFA6C1A60414BFA6C1A6013
:104D40003A4B1B78002B00D1C3E0384B1A78304B1C
:104D50001B789A4200D9BCE02F4B1B68002B00D176
:104D6000B7E02D4B1A68314B1B78013BD3181B78E9
:104D7000BB64BB6C002B01D1002389E101235B42A2
:104D8000B96C1800FBF7E2FA0B00DB437B641823D5
:104D9000FA182C4B1100180007F073FFBB697A6CEE
:104DA0009A42F4D9BB69B96C1800FBF7CFFA0B0033
:104DB000DBB20133DAB21F4B1A70BB6C012B11D975
:104DC0001C4B1A78204B1B789A420BD1194B1B783D
:104DD000B96C1800FBF7BAFA0B00DBB20133DAB298
:104DE000144B1A70114B1B78042B03D1114B1B78F9
:104DF000072BC3D00F4B1A78134B1A700D4B1A7830
:104E0000124B1A700A4B01221A800023BB662EE057
:104E1000101C0020001C00200C1C0020FC1B00208B
:104E2000EE1B0020EC1B0020F01B0020051C0020C6
:104E3000061C0020081C00201C1C0020141C002044
:104E4000F41B0020AC2100200A1C0020041C0020C0
:104E5000914B1A68BB6ED3181B781A008F4B1B88B6
:104E6000D3189AB28D4B1A80BB6E0133BB668C4B44
:104E70001B78013BBA6E9A42EADB8A4B1B78632BA4
:104E80001AD9894B1B781A00844B1B88D3189AB205
:104E900042243B19013A1A8000F0FAFF0300FB6339
:104EA000824BFA6B1A60824BFA6B1A603B191B88B3
:104EB0001800FFF71DFB0AE07E4B01221A70142137
:104EC0007B180E221A607B181800FFF7A5FA012341
:104ED000DEE00023DCE03B1D1B785BB20B2B00D037
:104EE00094E03B1D186800F047FE00F0D1FF02007F
:104EF0006E4B1A603B1D5B881B0A9BB2002B00D1D6
:104F000071E03B1D5B881B0A9BB26B4A127893428F
:104F100069D83B1D5B881A00FF23134000D174E061
:104F20003B1D5B881A00FF231A405B4B19683B1D31
:104F30005B881B0A9BB2013BCB181B789A4264DC4E
:104F40005C4B00221A703B1D5B881B0A9BB2DAB2D5
:104F5000534B1A703B1D5B88DAB2584B1A704F4B9B
:104F600001221A8000237B660EE04B4B1A687B6E91
:104F7000D3181B781A00494B1B88D3189AB2474B99
:104F80001A807B6E01337B66454B1B78013B7A6E42
:104F90009A42EADB494B1B781A00404B1B88D31816
:104FA0009AB23A243B19013A1A8000F071FF0300CB
:104FB0007B633E4B7A6B1A603D4B7A6B1A603B19F0
:104FC0001B881800FFF794FA642002F03DF91021C5
:104FD0007B180D221A607B181800FFF71DFA384B5A
:104FE00000221A7011E0334B02221A700C217B1838
:104FF0000E221A607B181800FFF70EFA284B0022C9
:105000001A702E4B00221A7000E0C0463B1D1B7820
:105010005BB20A2B3BD1FEF7BFFB03001A00214B0A
:105020001A70204B1B78002B03D11E4B01221A70E3
:1050300006E01C4B1B78642B02D91A4B64221A70B1
:10504000FEF794FB03001A001E4B1A703B1D5B8891
:10505000002B1CD108243B1906221A703B19002290
:105060005A703B1900229A70164B1B781A001300D5
:105070001B019B1A5B0064211800FBF76BF903000E
:10508000DAB23B19DA703B191800FFF7C5F90123B2
:105090001800BD461FB090BD0C1C0020061C00204F
:1050A000051C0020ED1B0020081C0020F01B002028
:1050B0001C1C0020EC1B0020101C0020041C0020E5
:1050C000091C0020EE1B002080B500AF054B1B78AB
:1050D0001B029BB2044A12789B189BB21800BD4673
:1050E00080BDC046051C0020041C002080B500AF18
:1050F00000F06FF90A2002F0A7F800F075F9C82057
:1051000002F0A2F8002000F027F900F05BF9C04699
:10511000BD4680BD80B592B000AFF860B960FB1DA0
:105120001A70FB687A2B00DDC0E0BB68382B00DD0D
:10513000BCE0FB1D1B78FB63BB68002B00DA073368
:10514000DB10BB63BB685C4A134004D5013B0822FB
:105150005242134301337B63BB680833002B00DAF0
:105160000733DB103B63FB68FB62FB680633BB6203
:10517000FF227B6B9A4013007B6200237B643AE042
:10518000FA6A7B6CD3187B61BB6BDA017B69D3183D
:105190004A4AD35C5BB27A6A52B2D24352B21340EB
:1051A0005AB213203B181A704549FA6B13005B0082
:1051B0009B185B00CA187B6CD3181B7819007A6A9D
:1051C0007B6B1A4113000B401A007B6B9A40130053
:1051D0005AB23B181B785BB213435AB23B181A7091
:1051E000BB6BDA017B69D318344A39180978D1547A
:1051F0007B6C01337B64BA6AFB6AD31A7A6C9A427D
:10520000BEDB3A6BBB6B9A4250DD7B6B0822D31A34
:10521000FF221A4113003B6200233B6440E0FA6A1C
:105220003B6CD318FB613B6BDB015A1DFB69D31A46
:10523000224AD35C5BB23A6A52B2D24352B21340B2
:105240005AB21B203B181A701D49FA6B13005B0001
:105250009B185B00CA183B6CD3181B7819007B6B3A
:105260000822D31A3A6A9A4013000B401A007B6B4B
:105270000821CB1A1A4113005AB23B181B785BB2B3
:1052800013435AB23B181A703B6BDB015A1DFB6982
:10529000D31A0A4A39180978D1543B6C01333B645C
:1052A000BA6AFB6AD31A3A6C9A42B8DB0023180038
:1052B000BD4612B080BDC04607000080201C002003
:1052C000B886061080B586B000AF78607B68002B8A
:1052D0003CD000237B6100233B610023FB602BE07B
:1052E000FB687A68D3181B780A2B05D17B690133D8
:1052F0007B6100233B611CE03B69152B04D17B697A
:1053000001337B6100233B617B69082B20D03A6924
:1053100013005B009B185B0018007B69D900FB68D9
:105320007A68D3181B781A00FFF7F4FE3B69013343
:105330003B61FB680133FB60FB687A68D3181B781C
:10534000002B06D0FB68AA2BCADD02E0C04600E0B5
:10535000C046BD4606B080BD80B584B000AF020037
:10536000FB1D1A700023FB6011E0FB1D1B78012B55
:1053700005D10C4AFB68D318FF221A7004E0094AD1
:10538000FB68D31800221A70FB680133FB60FA68CF
:105390008023DB009A42E8DBC046C046BD4604B02D
:1053A00080BDC046201C002080B500AF00F01CF876
:1053B000C046BD4680BD80B500AF00F072F8C04663
:1053C000BD4680BD80B500AF00F076F8C046BD4652
:1053D00080BD80B500AFFBF729FB00F00DFDFEF7A7
:1053E000D7FEC046BD4680BD80B500AFAE2280214D
:1053F0003C20FEF7E9FF0A2000F0A0F8A822802157
:105400003C20FEF7E1FF3F2280213C20FEF7DCFF3D
:10541000D32280213C20FEF7D7FF082280213C20A8
:10542000FEF7D2FF402280213C20FEF7CDFFA122D3
:1054300080213C20FEF7C8FFC02280213C20FEF7DF
:10544000C3FFDA2280213C20FEF7BEFF122280211A
:105450003C20FEF7B9FFA42280213C20FEF7B4FFD8
:10546000A62280213C20FEF7AFFF8D2280213C2028
:10547000FEF7AAFF142280213C20FEF7A5FFD922C7
:1054800080213C20FEF7A0FFF12280213C20FEF786
:105490009BFFAF2280213C20FEF796FFC046BD4611
:1054A00080BD80B500AFAE2280213C20FEF78CFF8E
:1054B000C046BD4680BD000080B584B000AF1E4B25
:1054C000FB600023BB602FE0BB68DBB20822D31A6D
:1054D000DBB25BB25022524213435BB2DBB21A0022
:1054E00080213C20FEF770FF002280213C20FEF747
:1054F0006BFF102280213C20FEF766FF00237B60BB
:105500000CE0FB681B781A00C0213C20FEF75CFF12
:10551000FB68013BFB607B6801337B607B687F2B12
:10552000EFDDBB680133BB60BB68072BCCDDC04639
:10553000C046BD4604B080BD1F20002080B584B0A9
:1055400000AF786000F0A4FC0300FB60C04600F0F0
:105550009FFC0200FB68D31A7A689A42F7D8C046CB
:10556000C046BD4604B080BDF0B58FB000AFB64BAD
:105570001B78002B69D0B54B1A7820257B191A703F
:10558000B34B1B78002B25D0B24B1B785BB2DB00F2
:105590005CB2B14B1B780F211800FAF751FE0300E3
:1055A000DBB25BB223405BB2DAB27B199A70AB4BD1
:1055B0001A7829007B185A707B180022DA707B1841
:1055C00000221A717B1800225A71A14B1A787B189D
:1055D0009A7130E0FEF75CF90300013B9AB218269D
:1055E000BB1911001800FEF767F920257B1900226E
:1055F0009A707B1900225A70964B1B785BB2DB00C5
:105600005CB2954B1B780F211800FAF719FE0300C6
:10561000DBB25BB223405BB2DAB27B19DA708F4B3C
:105620001A787B191A71BB195A797B195A71BB19EF
:105630009A797B199A712023FB1818685968FEF72C
:10564000C1F8814B00221A7011E20C217B180B2249
:105650001A707B1800225A8000237B6303E2804B80
:1056600000229B5E013300D00CE13223FB180022A4
:105670001A80FDE010243A193223FB181B88190008
:105680001000FEF73FFA31257B1920003A181278F6
:105690001A703B189A782F23FB18D2081A703B18FF
:1056A000DA782E23FB18D2081A703B189B78032255
:1056B0001340DAB22D23FB18111C09018A1A1A7043
:1056C0003B18DB7803221340DAB22C23FB18111CA1
:1056D00009018A1A1A703B185A783B181B799A42AA
:1056E0000BD93B181A787B1901321A707B191B7879
:1056F0000D2B02D17B1901221A7010217B181A7808
:10570000524B1B789A420BD0504B1B783122BA185F
:1057100012789A4204D07B181B78002B00D0A1E0AD
:1057200010217B185A784D4B1B789A420BD87B1866
:105730001A794A4B1B789A4205D37B185A787B1802
:105740001B799A4215D910217B185A78434B1B7844
:105750009A4206D97B181A79404B1B789A4200D29C
:1057600080E010217B185A787B181B799A4200D868
:1057700078E0384B1B782F22BA1812789A4206D25A
:10578000344B1B782E22BA1812789A4245D8314BE6
:105790001B782F22BA1812789A4206D12E4B1B780A
:1057A0002D22BA1812789A420DD92A4B1B782E2234
:1057B000BA1812789A420ED1274B1B782C22BA18AD
:1057C00012789A4207D92F23FA182E23FB18127841
:1057D0001B789A4221D11F4B1B782F217A181278FF
:1057E0009A423FD11C4B1B782D22BA1812789A424C
:1057F00038D8184B1B782E203A1812789A4231D19B
:10580000154B1B782C22BA1812789A422AD97A188A
:105810003B1812781B789A4224D11022BB185B796E
:105820001B029BB2BA1892799B189AB20C217B1872
:105830005A807B181868FEF7D5FF3223FB18002228
:105840009A5E074B1A801DE02C20002028200020A3
:105850002D2000202A2000202B200020292000209D
:105860002E20002032217B181A887B1801321A80E2
:10587000FEF734F903001A003223FB181B88934209
:1058800000D2F7E67C4B00229B5E013300D1E7E0BB
:10589000794B00229B5E9AB210257C193B001100C7
:1058A0001800FEF72FF93B002000190007231A000B
:1058B00021F02BFE30243B1928003A1812781A7078
:1058C0003B189A782B23FB18D2081A703B18DA7809
:1058D0002A23FB18D2081A703B189B780322134026
:1058E000DAB22923FB18111C09018A1A1A703B1815
:1058F000DB7803221340DAB22823FB18111C0901BC
:105900008A1A1A703B185A783B181B799A420BD99D
:105910003B181A783B1901321A703B191B780D2B72
:1059200002D13B1901221A7010217B181A78534BAF
:105930001B789A420BD0514B1B783022BA18127840
:105940009A4204D07B181B78002B00D07AE01021FB
:105950007B185A784A4B1B789A420BD87B181A79D5
:10596000474B1B789A4205D37B185A787B181B79D2
:105970009A4213D910217B185A78414B1B789A42CE
:1059800005D97B181A793E4B1B789A425AD31021BD
:105990007B185A787B181B799A4253D9394B1B785C
:1059A0002B22BA1812789A4206D2364B1B782A223A
:1059B000BA1812789A4253D8324B1B782B22BA1855
:1059C00012789A4206D1304B1B782922BA181278E5
:1059D0009A420DD92B4B1B782A22BA1812789A4278
:1059E0000ED1294B1B782822BA1812789A4207D96F
:1059F0002B23FA182A23FB1812781B789A422FD1EE
:105A0000204B1B782B217A1812789A421AD11E4B00
:105A10001B782922BA1812789A4213D8194B1B788E
:105A20002A203A1812789A420CD1174B1B78282258
:105A3000BA1812789A4205D97A183B1812781B784E
:105A40009A420DD00C217B1800225A807B181868CE
:105A5000FEF7C8FE084B012252421A8000237B63E6
:105A60007B6B01337B637B6B002B00DCF7E5C0466F
:105A7000BD460FB0F0BDC0462E20002028200020DB
:105A8000292000202A2000202B20002080B500AFF4
:105A9000012205216F20FEF753FC024B1B781800F2
:105AA000BD4680BD2820002080B500AF0122042122
:105AB0006F20FEF745FC024B1B781800BD4680BDE9
:105AC0002920002080B500AF012202216F20FEF7BF
:105AD00037FC024B1B781800BD4680BD2A200020F1
:105AE00080B500AF012201216F20FEF729FC024B97
:105AF0001B781800BD4680BD2B20002090B585B0D6
:105B000000AF7860194B7A681A60FEF741FB00F02D
:105B100073F9802200216F20FEF7B4FB08220321D5
:105B20006F20FEF7AFFB124B00221A600C243B19CA
:105B300000221A703B1900225A803B1909221A7060
:105B40003B1900225A8000F0A3F90200084B1A60AA
:105B50003B19186800F010F8064B012252421A80D7
:105B600001231800BD4605B090BDC046202000208E
:105B7000242000202E20002080B582B000AF3B1DE5
:105B80001860054B1A683B1D19681000FDF795FC5D
:105B9000C046BD4602B080BD2020002080B584B044
:105BA00000AF3B1D00221A703B1D00225A8000F0FE
:105BB0006FF90300FB60154B1B68FA68D31A144A8F
:105BC00093420CD93B1D09221A703B1D00225A80BA
:105BD0000E4BFA681A603B1D1868FFF7CDFF0821CD
:105BE0007B183A1D12681A607A180023118809047C
:105BF000090C1B0C1B040B43528812041B041B0CC6
:105C000013431800BD4604B080BDC04624200020C8
:105C10002F75000080B582B000AF3B1D18603B1DA2
:105C20001B785BB20B2B1BD1012205216F20FEF7E5
:105C300087FB012204216F20FEF782FB0122022153
:105C40006F20FEF77DFB012201216F20FEF778FB1C
:105C5000634B01221A703B1D5B88DAB2614B1A70EC
:105C60003B1D1B785BB2092B16D1012205216F2049
:105C7000FEF766FB012204216F20FEF761FB012283
:105C800002216F20FEF75CFB012201216F20FEF74D
:105C900057FB534B00221A703B1D1B785BB2052B40
:105CA00000D098E03B1D5B881B0A9BB2052B0BD0F4
:105CB00000DD90E0042B1ED000DD8CE0012B00D134
:105CC00070E0022B2ED086E03B1D5B881B11DBB2FF
:105CD00001221340DBB21A1C9200D318DB18DAB28F
:105CE0003B1D5B88DBB20F210B40DBB2D318DAB26D
:105CF0003D4B1A706FE03B1D5B881B11DBB203222A
:105D00001340DBB21A1C9200D318DB18DAB23B1D29
:105D10005B88DBB20F210B40DBB2D318DAB2334B16
:105D20001A7058E03B1D5B881A004023134022D0B4
:105D30003B1D5B885B11DBB201221340DBB20C22FE
:105D40005343DAB23B1D5B881B11DBB201210B40D0
:105D5000DBB2191C8900CB18DB18DBB2D318DAB21E
:105D60003B1D5B88DBB20F210B40DBB2D318DAB2EC
:105D70001F4B1A702FE03B1D5B881B11DBB2032207
:105D80001340DBB21A1C9200D318DB18DAB23B1DA9
:105D90005B88DBB20F210B40DBB2D318DAB2144BB5
:105DA0001A7018E03B1D5B881B11DBB20722134001
:105DB000DBB21A1C9200D318DB18DAB23B1D5B88E9
:105DC000DBB20F210B40DBB2D318DAB2094B1A70E9
:105DD000FFF7CAFBC04601231800BD4602B080BDD4
:105DE0002C2000202D200020282000202920002009
:105DF0002A2000202B20002080B584B000AF204B4B
:105E00001B78002B01D0012336E03B001800102343
:105E10001A00002121F004FB1A4B1B4A1A60194B8F
:105E200020225A60174B00229A60164B174ADA60FC
:105E3000144B00221A61134B00229A61114B180077
:105E400006F07CFF031E01D0FAF71AFE3B00802209
:105E500052011A603A000B4B1100180007F0E6F8E7
:105E6000031E01D0FAF70CFE064B180006F0AAFF3D
:105E7000034B01221A7001231800BD4604B080BDF7
:105E8000702000203020002000200040E7030000A8
:105E900080B500AF054B1B78002B01D1002301E03A
:105EA000034B1B681800BD4680BDC0467020002013
:105EB0006C20002080B500AF054B1B685A1C044BBA
:105EC0001A60044B180006F0C3FFC046BD4680BDF3
:105ED0006C2000203020002080B500AF3C4B1B68B8
:105EE000DB690822134003D0394B1B6808221A6271
:105EF000374B1B68DB692022134030D0354B2422FE
:105F00009B5C01225340DBB2002B20D0304B1B683E
:105F1000596A304B1B8C1A00C9B22E4B99542D4B29
:105F20001B8C01339AB22B4B1A842A4B1B8C1F22D9
:105F300013409AB2274B1A84264B5A8C254B1B8C44
:105F40009A420CD1234B24220121995407E0204B83
:105F50001B689A691E4B1B6808210A439A611C4BF7
:105F60001B68DB69402213402ED01B4B1A8C1A4B46
:105F70005B8C9A4204D1184B24229B5C002B1ED0D0
:105F8000154B5B8C1A00144B9A5C114B1B689A6280
:105F9000114B5B8C01339AB20F4B5A840E4B5B8CC6
:105FA0001F2213409AB20C4B5A840B4B24229B5C49
:105FB000002B09D0084B24220021995404E0044B03
:105FC0001B6840221A62FFE7C046BD4680BDC0463E
:105FD00074200020682100204021002080B500AFFF
:105FE000034B180007F0A4FFC046BD4680BDC04665
:105FF0008C26002080B500AF3B4B1B78012B01D1D4
:1060000000236EE0FFF7F8FE374B01221A70374B82
:10601000374A1A60354B962292015A60334B002260
:106020009A60324B0022DA60304B00221A612F4B0B
:106030000C225A612D4B00229A612C4B00221A62CD
:106040002A4B00225A62294B00229A62274B0022D7
:106050005A66264B180007F0D3F9031E01D0FAF751
:106060000FFD224B0021180007F082FE031E01D015
:10607000FAF706FD1D4B0021180007F0B9FE031EBC
:1060800001D0FAF7FDFC194B1B685A68174B1B68C7
:10609000802109020A435A6000220021092001F0F0
:1060A000A3F9092001F0B5F9124B00225A84114BD3
:1060B00000221A840F4B2422002199540E4B0022F7
:1060C0005A840D4B00221A840B4B24220021995430
:1060D000064B1B681A68054B1B6860210A431A604F
:1060E00000231800BD4680BD8E21002074200020B2
:1060F00000500041402100206821002080B582B07E
:1061000000AF134B1A8C124B5B8C9A4204D1104B8C
:1061100024229B5C002B16D00D4B5B8C1900FB1DC1
:106120000B4A525C1A700A4B5B8C01339AB2084BD3
:106130005A84074B5B8C1F2213409AB2044B5A843B
:10614000FB1D1B7800E025231800BD4602B080BD72
:106150006821002080B582B000AF0200FB1D1A70DC
:106160001F4B24229B5C01225340DBB2002B31D019
:106170001B4B1A8C1A4B5B8C9A420BD1194B1B6828
:10618000DB698022134005D0164B1B68FA1D12787C
:106190009A621DE0124B1B8C1900114BFA1D1278EC
:1061A0005A540F4B1B8C01339AB20D4B1A840C4B73
:1061B0001B8C1F2213409AB2094B1A84084B1A8C6D
:1061C000074B5B8C9A4203D1054B24220121995441
:1061D000002300E025231800BD4602B080BDC04664
:1061E000402100207420002080B500AF2523180036
:1061F000BD4680BD80B582B000AF0200FB1D1A70A5
:106200000BF0F0FA0300022B04D1FB1D1B781800E1
:10621000FAF7F4FA25231800BD4602B080BD80B518
:1062200000AF00231800BD4680BD80B582B000AF2E
:10623000786000200DF0E4FC08F0FAFE031E01D0A7
:10624000FAF71EFC08F098FD08F08AFE0BF004F93E
:1062500000200DF0DFFC00231800BD4602B080BD19
:1062600080B500AF01235B4218000DF0E3FCC0468F
:10627000BD4680BD80B500AFC046BD4680BD80B57F
:1062800000AFC046BD4680BD80B582B000AF78602B
:106290007B681B691800BD4602B080BD80B584B024
:1062A00000AF7860074B196E064B7A680A431A668E
:1062B000044B1B6E7A681340FB60FB68C046BD460A
:1062C00004B080BD0000404880B582B000AF786067
:1062D000064B1B6E7A6813407A689A4201D10123FB
:1062E00000E000231800BD4602B080BD0000404819
:1062F00080B582B000AF7860044B196C034B7A68AC
:106300000A431A64C046BD4602B080BD0000404842
:1063100080B582B000AF7860054B1A6C7B68D943BA
:10632000034B0A401A64C046BD4602B080BDC04659
:106330000000404880B586B000AFFAF777FB030055
:10634000012B01D0FAF796FB002000F017FE022087
:1063500000F014FE00F09AF800F0B6F800F0EAF849
:1063600000F080F80020FFF760FFFAF72FFAFFF740
:1063700041FE00237B6113E0FDF762F80100354B1D
:106380007A699200D150344B7A699200D358314ADD
:10639000796989008A58100098477B6901337B61CD
:1063A0007B69032BE8DD00233B6112E02B4B3A694C
:1063B0009200D358984703001A003B1D1A603B1DFA
:1063C0001B785BB2013301D1FAF754FB3B6901330F
:1063D0003B613B69032BE9DD0F23FB1800221A7098
:1063E00030E00F23FB1801221A700023BB6026E067
:1063F000184BBA689200D3581800FDF794F80300C0
:106400001A003B001A60134BBA689200D358180068
:10641000FDF7DBF8031E03D00F23FB1800221A70D0
:106420003B001B785BB2002B06D00D4BBA68920084
:10643000D2583B0018689047BB680133BB60BB680B
:10644000032BD5DD0F23FB181B78002BC9D0FFF7DA
:1064500007FFA8E790210020EC260020FC26002062
:106460000C27002080B500AF064B074A1A60054B89
:10647000180003F027FC031E01D0FAF701FBC04609
:10648000BD4680BDA02100200000304880B582B00C
:1064900000AF00237B600120FFF716FF031E08D129
:1064A0000120FFF725FF0120FFF732FF0120FFF752
:1064B000F5FEC023DB057B603B1D180003F060FE8A
:1064C000C046BD4602B080BD80B582B000AF3B0083
:1064D000180008231A00002120F0A2FF0120FFF776
:1064E000F3FE031E08D10120FFF702FF0120FFF792
:1064F0000FFF0120FFF7D2FEC0460C4B1800FFF73C
:10650000C3FE03000F2BF8D93B00A02252001A80D3
:106510003B0001229A703B00054A5A603B0018007C
:1065200004F054FBC046BD4602B080BD00180060B8
:106530001027000080B500AF064B074A1A60054BD4
:10654000180006F063FB031E01D0FAF799FAC04663
:10655000BD4680BDAC2100200000604880B584B0FD
:1065600000AF7860074B196D064B7A680A431A65CD
:10657000044B1B6D7A681340FB60FB68C046BD4648
:1065800004B080BD0000404880B584B000AF7860A2
:10659000074B596D064B7A680A435A65044B5B6D8D
:1065A0007A681340FB60FB68C046BD4604B080BDFE
:1065B0000000404880B584B000AF7860074B996D0B
:1065C000064B7A680A439A65044B9B6D7A681340C0
:1065D000FB60FB68C046BD4604B080BD000040487B
:1065E00080B584B000AF7860074B196E064B7A68AF
:1065F0000A431A66044B1B6E7A681340FB60FB6803
:10660000C046BD4604B080BD0000404880B582B0A1
:1066100000AF7860064B1B6E7A6813407A689A4226
:1066200001D1012300E000231800BD4602B080BD67
:106630000000404880B582B000AF7860044B196C10
:10664000034B7A680A431A64C046BD4602B080BD57
:106650000000404880B582B000AF7860054B1A6CEE
:106660007B68D943034B0A401A64C046BD4602B05A
:1066700080BDC0460000404880B500AF80235B006D
:106680001800FFF781FFC046BD4680BD90B589B0B8
:1066900000AF78600C243B19180014231A00002165
:1066A00020F0BEFE7B681A688223DB059A4247D140
:1066B0000420FFF753FF0820FFF750FF3B19022289
:1066C0001A603B1912225A603B1900229A603B194A
:1066D0000022DA603B1900221A613A199023DB0587
:1066E0001100180001F060F821007B1801221A60E7
:1066F0007B1812225A607B1800229A607B180022B5
:10670000DA607B1800221A617A189023DB051100E9
:10671000180001F049F80221002003F02FFB0121AD
:10672000002003F02BFB0221002003F055FB012188
:10673000002003F051FB80239B031800FFF73AFF72
:10674000C046BD4609B090BD90B58FB000AF78602F
:106750002423FB18180014231A00002120F060FEE7
:106760000C243B19180018231A00002120F058FEB1
:106770007B681B68464A934200D084E03B19102294
:106780001A603B190022DA603B19180006F066F91E
:10679000031E01D0FAF774F980235B001800FFF79D
:1067A00009FF0820FFF7DAFE24243B1908221A60AB
:1067B0003B1902225A603B1900229A603B190022C1
:1067C000DA603B1901221A613B19324A19001000A4
:1067D00000F0EAFF3B1980221A603B1902225A603E
:1067E0003B1900229A603B190022DA603B19032210
:1067F0001A613B19274A1900100000F0D5FF8821C3
:10680000012003F0BBFA8821012003F0E5FA002201
:106810000121092000F0E8FD092000F0FAFD3B19F4
:1068200001221A603B1902225A603B1900229A6029
:106830003B190022DA603B1900221A613B19154A04
:106840001900100000F0B0FF21007B1802221A602E
:106850007B1812225A607B1800229A607B18002253
:10686000DA607B1800221A617A189023DB05110088
:10687000180000F099FF0121012003F07FFA0221A6
:10688000002003F0A9FAC046BD460FB090BDC04637
:10689000005000410000104880B582B000AF786021
:1068A0007B681B68054A934204D180235B02180071
:1068B000FFF754FEC046BD4602B080BD0000304820
:1068C00090B589B000AF786008243B1918001823F0
:1068D0001A00002120F0A4FD7B681A68C023DB05A4
:1068E0009A422DD13B1901221A603B1904221A61E8
:1068F0003B19180006F0B2F8031E01D0FAF7C0F8F1
:106900000120FFF783FE031E08D10120FFF792FE4E
:106910000120FFF79FFE0120FFF762FE0DF084F9D2
:1069200000220021122000F05FFD122000F071FD16
:1069300000220021192000F057FD192000F069FD08
:10694000C046BD4609B090BD80B582B000AF78604A
:106950007B681B68054A934204D18023DB02180040
:10696000FFF7FCFDC046BD4602B080BD0000604898
:1069700080B582B000AF78607B681B68084A93429C
:106980000AD10120FFF700FE002201210A2000F0B9
:106990002BFD0A2000F03DFDC046BD4602B080BD83
:1069A0000020004080B500AFC046FDE780B500AFD5
:1069B000C046FDE780B500AFC046BD4680BD80B58E
:1069C00000AFC046BD4680BD80B500AF00F016FCEC
:1069D000C046BD4680BD80B500AF9023DB050121D8
:1069E000180000F099FBC046BD4680BD80B500AFE1
:1069F0008023DB01064A1900100000F08DFB044BD8
:106A00002021180000F088FBC046BD4680BDC0466E
:106A10000000104880B500AF05F04AFBC046BD46F7
:106A200080BD80B500AF05F04CFBC046BD4680BDC3
:106A300080B500AF03F03CFFC046BD4680BD80B5C9
:106A400000AF03F056FFC046BD4680BD80B586B09E
:106A500000AFF860B9607A6000237B610AE000E073
:106A600000BF0100BB685A1CBA60CAB21A707B69C9
:106A700001337B617A697B689A42F0DB7B6818009E
:106A8000BD4606B080BD80B586B000AFF860B96085
:106A90007A6000237B6109E0BB685A1CBA601B78EE
:106AA000180000E000BF7B6901337B617A697B6875
:106AB0009A42F1DB7B681800BD4606B080BD80B508
:106AC00082B000AF786001235B421800BD4602B07F
:106AD00080BD80B582B000AF786039603B688022AD
:106AE00092015A6000231800BD4602B080BD80B5F7
:106AF00082B000AF786001231800BD4602B080BDAF
:106B000080B584B000AFF860B9607A6000231800E7
:106B1000BD4604B080BD000080B586B000AF78608F
:106B2000144A154BD31A7B617B693B61134B1B687D
:106B3000002B02D1114B124A1A60104B1A687B6865
:106B4000D3183A699A4207D220F0D2FC03000C22F3
:106B50001A6001235B4209E0084B1B68FB60074B8E
:106B60001A687B68D218054B1A60FB681800BD468E
:106B700006B080BD00600020000C0000C021002095
:106B8000544B002090B583B000AF02003960FB1D6C
:106B90001A70FB1D1B787F2B28D82F4AFB1D1B78F2
:106BA0005BB29B08C0339B009B58FA1D1278110002
:106BB00003220A40D200FF2191400A00D2431A402A
:106BC00011003B689B01FF221A40FB1D1B78180037
:106BD00003230340DB009A401F48FB1D1B785BB278
:106BE0009B080A43C0339B001A5031E01B4AFB1D2F
:106BF0001B7819000F230B40083B9B0806339B00B2
:106C0000D31804331B68FA1D1278110003220A40BE
:106C1000D200FF2191400A00D2431A4011003B6884
:106C20009B01FF221A40FB1D1B7818000323034021
:106C3000DB009A400948FB1D1B781C000F232340F2
:106C4000083B9B080A4306339B00C31804331A60B1
:106C5000C046BD4603B090BD00E100E000ED00E09D
:106C600080B500AFBFF34F8FC046044B044ADA60D3
:106C7000BFF34F8FC046C046FDE7C04600ED00E0C1
:106C80000400FA0590B587B000AF5E4A9423D3584C
:106C9000002B0ED15C4B1B69002B03D15A4B9B6B15
:106CA000002B06D0594B01229A60F9F79DFAFFF7A5
:106CB000D7FF574B574A9A60554B9A68534B1A6106
:106CC000514B5A68504B20210A435A604E4B5A6828
:106CD0004D4B51490A405A60C0464B4B5B690422F8
:106CE0001340042BF9D1484BDB69302293431A003F
:106CF000454B20210A43DA61434BDA69424B47494D
:106D00000A40DA61404BDA693F4B802149000A436F
:106D1000DA61434B1B68434A934255D01F233B61C2
:106D20000823FB600A23BB6003237B60354BDB68D1
:106D30001E2293431900FB685A00324B0A43DA6063
:106D4000304BDA682F4B01210A43DA602D4BDB68A8
:106D5000354A134019003B691A062A4B0A43DA6088
:106D6000284BDA68274B802109040A43DA60264A57
:106D70009423D3582D4A1A40BB689901F0239B00F5
:106D80000B402149134394228B501F4A9423D3581C
:106D90001D492022134394228B501B4A9423D3581D
:106DA000234A1A407B68D902E0239B010B40164915
:106DB000134394228B50144A9423D35812498022AF
:106DC000D200134394228B501723FB1800221A7011
:106DD0000DE017243B191B785BB203211800FFF765
:106DE000D1FE21007B181A787B1801321A70172304
:106DF000FB181B781F2BECD962B6C046C046BD46B7
:106E000007B090BD0000404800005048040000203A
:106E100000ED00E000000410FFFEFFFFFFFBFFFF9E
:106E2000F81E0010CCECBCFCFFFFFFC03FFCFFFFD6
:106E3000FFC7FFFF80B582B000AF134B9B685B08B4
:106E4000DAB2FB1D01210A401A700F4B9B681B0A26
:106E5000DAB2BB1D07210A401A70FB1D1B78002BFC
:106E600007D0BB1D1B78013B084ADA40084B1A606B
:106E700005E0BB1D1B78074ADA40054B1A60C04687
:106E8000BD4602B080BDC046000040480048E80151
:106E90001C2700200090D00310488546FFF7F2FE23
:106EA000002103E00E4B5B58435004310D480E4B5C
:106EB00042189A42F6D30D4A02E0002313600432CE
:106EC0000B4B9A42F9D30B4A02E0002313600432C1
:106ED000094B9A42F9D3FFF72DFAFEE70060002034
:106EE0004C9306101C260020182900209401002035
:106EF0001C260020C000002094010020FEE70000B6
:106F000080B500AF054B1B6810221340102B01D138
:106F1000012300E000231800BD4680BD000050485A
:106F200080B582B000AF786039607B6804331A683E
:106F30003B68D9437B6804330A401A607B68196850
:106F40007B683A680A431A60C046BD4602B080BDFD
:106F500080B584B000AF7860074B196D064B7A6836
:106F60000A431A65044B1B6D7A681340FB60FB688B
:106F7000C046BD4604B080BD0000404890B589B011
:106F800000AF0200FB1D1A70FB1D1B78002B03D104
:106F90000820FFF7DDFF0AE0FB1D1B78012B03D162
:106FA0000820FFF7D5FF02E00820FFF7D1FFFB1D07
:106FB0001A78284B5200D35A1A000C243B191A6035
:106FC0003B1901225A603B1901229A603B190222A7
:106FD000DA60FB1D1A78204B9200D3583A19110041
:106FE000180000F0E1FBFFF78BFF031E1FD0FB1D15
:106FF0001A78194B9200D2589023DB059A4206D199
:107000003B191B68154A19001000FFF789FFFB1D8B
:107010001A78114B9200D358114A934207D10C238E
:10702000FB181B680F4A19001000FFF779FFFB1DC2
:107030001A78094B9200D058FB1D1A78054B520064
:10704000D35A0122190000F054FE00231800BD4657
:1070500009B090BD2027002028270020200050489C
:10706000000010482800504880B582B000AF0200F0
:10707000FB1D1A70FB1D1A78084B9200D058FB1D9F
:107080001A78074B5200D35A0022190000F031FE43
:1070900000231800BD4602B080BDC046282700204E
:1070A0002027002080B582B000AF0200FB1D1A70BF
:1070B000FB1D1A78084B9200D058FB1D1A78074B1D
:1070C0005200D35A0122190000F013FE00231800C9
:1070D000BD4602B080BDC0462827002020270020E2
:1070E00080B582B000AF0200FB1D1A70FB1D1A783C
:1070F000074B9200D058FB1D1A78064B5200D35A0A
:10710000190000F013FE00231800BD4602B080BD38
:10711000282700202027002080B582B000AF7860AB
:107120000A00BB1C1A80BB1C1A887B68110018005F
:1071300000F017FEC046BD4602B080BD80B582B0EB
:1071400000AFFB1D00221A70032000F00FF8031E91
:1071500003D0FB1D01221A7001E0FFF78DFAFB1D21
:107160001B781800BD4602B080BD000090B585B008
:1071700000AF78600F23FB1800221A701D4B1B789C
:10718000002B2CD005F080FB04001A4B1B78190053
:10719000FA239800F9F754F8030019002000F9F7D2
:1071A0004FF80300180000F044F9031E12D17B6869
:1071B000032B0AD8796801235B420022180000F0F3
:1071C00013F90D4B7A681A600DE00F23FB180122AA
:1071D0001A7008E00F23FB1801221A7003E00F2336
:1071E000FB1801221A700F23FB181B781800BD46EC
:1071F00005B090BD382700203427002080B500AFAF
:10720000054B1B781A00054B1B68D218034B1A60FC
:10721000C046BD4680BDC04638270020C42100209E
:1072200080B500AF024B1B681800BD4680BDC0464C
:10723000C421002080B500AF024B1B681800BD467A
:1072400080BDC0463427002080B584B000AF786090
:10725000FFF7E6FF0300BB607B68FB60FB68013360
:1072600005D00A4B1B781A00FB689B18FB60C046D0
:10727000FFF7D6FF0200BB68D31AFA689A42F7D824
:10728000C046C046BD4604B080BDC0463827002079
:1072900080B582B000AF0200FB1D1A70FB1D1B7889
:1072A0007F2B09D8FB1D1B781A001F231A40044BA3
:1072B000012191400A001A60C046BD4602B080BD5F
:1072C00000E100E090B583B000AF02003960FB1D23
:1072D0001A70FB1D1B787F2B28D82F4AFB1D1B78AB
:1072E0005BB29B08C0339B009B58FA1D12781100BB
:1072F00003220A40D200FF2191400A00D2431A40E3
:1073000011003B689B01FF221A40FB1D1B781800EF
:1073100003230340DB009A401F48FB1D1B785BB230
:107320009B080A43C0339B001A5031E01B4AFB1DE7
:107330001B7819000F230B40083B9B0806339B006A
:10734000D31804331B68FA1D1278110003220A4077
:10735000D200FF2191400A00D2431A4011003B683D
:107360009B01FF221A40FB1D1B78180003230340DA
:10737000DB009A400948FB1D1B781C000F232340AB
:10738000083B9B080A4306339B00C31804331A606A
:10739000C046BD4603B090BD00E100E000ED00E056
:1073A00080B582B000AF78607B685A1E80235B0492
:1073B0009A4201D3012310E00A4B7A68013A5A60DD
:1073C00001235B4203211800FFF77CFF054B0022DD
:1073D0009A60044B07221A6000231800BD4602B0D1
:1073E00080BDC04610E000E080B584B000AFB96059
:1073F0007A600F217B18021C1A70BA687B181B7800
:107400005BB211001800FFF75DFFC046BD4604B037
:1074100080BD80B582B000AF0200FB1D1A70FB1D5D
:107420001B785BB21800FFF733FFC046BD4602B0C1
:1074300080BD80B582B000AF78607B681800FFF730
:10744000AFFF03001800BD4602B080BD80B584B018
:1074500000AF78600F217B1800221A707B6825220C
:107460009B5CDBB2022B06D07B680422DA637B18BC
:1074700001221A702AE07B681B681A687B681B6807
:107480000E218A431A607B681B681A687B681B6838
:1074900001218A431A607B685B6C3C221A407B683E
:1074A0001B6C012191400A005A607B682522012152
:1074B00099547B682422002199547B689B6B002B94
:1074C00004D07B689B6B7A68100098470F23FB18E9
:1074D0001B781800BD4604B080BD80B582B000AFF7
:1074E00078607B6825229B5CDBB21800BD4602B049
:1074F00080BD0000B0B586B000AFF860B9607A60BA
:107500001D4B1B78012B01D1022331E01A4B0122C4
:107510001A70194B00225A6017257C19FA239B0018
:10752000180000F02BF8030023707B191B78002B48
:1075300018D1FB68002B06D17A68BB6811001800CF
:1075400000F056F805E07A68BB681100180000F0FA
:1075500071F81723FC18FA239B00180000F00EF8AE
:1075600003002370044B00221A701723FB181B78AA
:107570001800BD4606B0B0BDC821002080B584B05B
:1075800000AF7860FFF74CFE0300FB600CE07B6807
:10759000013309D0FFF744FE0200FB68D31A7A6872
:1075A0009A4201D803231BE00F4B1B6901221340B1
:1075B000012BECD10C4B1B690C2213400C2B0ED170
:1075C000094B9A68094B5B681A43084B5A60064B93
:1075D0001A69054B0C210A431A61012300E00023BC
:1075E0001800BD4604B080BD00100040C821002036
:1075F00080B582B000AF786039600C4B1A690B4BD4
:107600000F210A431A617B68094A944663449A0829
:10761000064B1204120C9A61044B3A681A64034B2D
:1076200033221A60C046BD4602B080BD0010004043
:107630000000FCEF80B584B000AF786039603B6833
:10764000FB60174B1A69164B0F210A431A617B68BE
:10765000144A944663449A08114B1204120C9A611E
:107660000F4AFB681B681364FB680433FB600C4A19
:10767000FB681B685364FB680433FB60084AFB68C3
:107680001B689364FB680433FB60054AFB681B6856
:10769000D364034BCC221A60C046BD4604B080BD03
:1076A000001000400000FCEFB0B584B000AF78607F
:1076B0003960274B1B78012B01D1022343E0244B77
:1076C00001221A70224B00225A607B681B68FF2B34
:1076D0000BD100F03FF80F23FC18FA239B00180091
:1076E000FFF74CFF0300237027E03B680122524262
:1076F0001A607B685B68BB6017E0BB68180000F02D
:1077000039F80F257C19FA239B001800FFF736FF84
:10771000030023707B191B78002B03D03B68BA68E9
:107720001A600AE0BB680133BB607B685A687B68FB
:107730009B68D318BA689A42DFD3054B00221A70AF
:107740000F23FB181B781800BD4604B0B0BDC0461F
:10775000C821002080B500AF054B1A69044B0F21EA
:107760000A431A61024B22221A60C046BD4680BD00
:107770000010004080B582B000AF7860094B1A69F4
:10778000084B0F210A431A617B68DB029A08054BFC
:107790001204120C9A61034B11221A60C046BD46B6
:1077A00002B080BD0010004080B586B000AF7860A8
:1077B000396000237B6190E13B681B6801217A6995
:1077C00091400A001340FB60FB68002B00D181E16F
:1077D0003B685B6803221340012B05D03B685B6864
:1077E00003221340022B30D17B689B683B617B698D
:1077F0005B0003229A401300DA433B6913403B616C
:107800003B68DA687B695B009A4013003A6913436E
:107810003B617B683A699A607B685B683B610122E7
:107820007B699A401300DA433B6913403B613B6834
:107830005B681B0901221A407B699A4013003A6970
:1078400013433B617B683A695A603B685B6803227B
:107850001340032B17D07B68DB683B617B695B00BF
:1078600003229A401300DA433B6913403B613B68B3
:107870009A687B695B009A4013003A6913433B6145
:107880007B683A69DA603B685B6803221340022B2D
:1078900023D17B69DA087B6808329200D3583B61B8
:1078A0007B69072213409B000F229A401300DA43A2
:1078B0003B6913403B613B681A697B6907210B40B8
:1078C0009B009A4013003A6913433B617B69DA08D5
:1078D0007B68083292003969D1507B681B683B6134
:1078E0007B695B0003229A401300DA433B69134033
:1078F0003B613B685B6803221A407B695B009A40EE
:1079000013003A6913433B617B683A691A603B682C
:107910005A68C0239B02134000D1DBE03B685A68E1
:107920008023DB02134030D08023DB05DB683B6122
:107930007A689023DB059A4211D101227B699A4033
:107940001300DB431A003B6913403B6101227B6952
:107950009A4013001A003B6913433B6111E0012276
:107960007B699A4013001B04DB431A003B691340F8
:107970003B6101227B699A4013001B043A6913435F
:107980003B618023DB053A69DA603B685A688023F3
:107990005B03134030D08023DB051B693B617A68B1
:1079A0009023DB059A4211D101227B699A40130092
:1079B000DB431A003B6913403B6101227B699A401B
:1079C00013001A003B6913433B6111E001227B69FC
:1079D0009A4013001B04DB431A003B6913403B61D0
:1079E00001227B699A4013001B043A6913433B61EF
:1079F0008023DB053A691A613B685A688023DB0300
:107A0000134030D08023DB055B693B617A689023AB
:107A1000DB059A4211D101227B699A401300DB43B6
:107A20001A003B6913403B6101227B699A401300B5
:107A30001A003B6913433B6111E001227B699A40C4
:107A400013001B04DB431A003B6913403B61012216
:107A50007B699A4013001B043A6913433B618023FE
:107A6000DB053A695A613B685A6880235B02134020
:107A700030D08023DB059B693B617A689023DB056E
:107A80009A4211D101227B699A401300DB431A000C
:107A90003B6913403B6101227B699A4013001A0045
:107AA0003B6913433B6111E001227B699A4013005B
:107AB0001B04DB431A003B6913403B6101227B69D5
:107AC0009A4013001B043A6913433B618023DB0592
:107AD0003A699A617B6901337B613B681A687B690B
:107AE000DA40131E00D067E6C046C046BD4606B069
:107AF00080BD80B586B000AF7860396000237B61BF
:107B0000CFE001227B699A403B681340FB60FB6831
:107B1000002B00D1C2E08023DB059B693B617A68C2
:107B20009023DB059A4209D101227B699A40130018
:107B3000DB431A003B6913403B6109E001227B698A
:107B40009A4013001B04DB431A003B6913403B615E
:107B50008023DB053A699A618023DB05DB683B61A2
:107B60007A689023DB059A4209D101227B699A4009
:107B70001300DB431A003B6913403B6109E001221B
:107B80007B699A4013001B04DB431A003B691340D6
:107B90003B618023DB053A69DA608023DB051B69E2
:107BA0003B617A689023DB059A4209D101227B6907
:107BB0009A401300DB431A003B6913403B6109E024
:107BC00001227B699A4013001B04DB431A003B69C6
:107BD00013403B618023DB053A691A618023DB0592
:107BE0005B693B617A689023DB059A4209D10122E7
:107BF0007B699A401300DB431A003B6913403B61E9
:107C000009E001227B699A4013001B04DB431A0040
:107C10003B6913403B618023DB053A695A617B680D
:107C20001A687B695B00032199400B001A437B684B
:107C30001A607B69DA087B6808329200D3587A6947
:107C400007210A4092000F2191400A00D1437A692E
:107C5000D20819407B6808329200D1507B68DB68FB
:107C60007A695200032191400A00D2431A407B688E
:107C7000DA607B685B6801217A6991400A00D2432F
:107C80001A407B685A607B689B687A6952000321BE
:107C900091400A00D2431A407B689A607B690133A5
:107CA0007B613A687B69DA40131E00D029E7C04641
:107CB000C046BD4606B080BD80B584B000AF7860D8
:107CC0000A00BB1C1A807B681B69BA1C128813400F
:107CD00004D00F23FB1801221A7003E00F23FB18B6
:107CE00000221A700F23FB181B781800BD4604B041
:107CF00080BD80B582B000AF786008001100BB1C69
:107D0000021C1A807B1C0A1C1A707B1C1B78002B1F
:107D100004D0BB1C1A887B689A6103E0BB1C1A88DC
:107D20007B689A62C046BD4602B080BD80B584B013
:107D300000AF78600A00BB1C1A807B685B69FB603F
:107D4000BB1C1B88FA6813401A04FB68DB43B91C90
:107D500009880B401A437B689A61C046BD4604B04F
:107D600080BD80B582B000AF78600A00BB1C1A806D
:107D70007A689023DB059A4209D18023DB05DB6911
:107D8000BA1C128813405A1E9341DBB209E08023CB
:107D9000DB05DB69BA1C1288120413405A1E93419A
:107DA000DBB2002B17D07A689023DB059A4205D10D
:107DB0008023DB05BA1C1288DA6105E0BB1C1A8837
:107DC0008023DB051204DA61BB1C1A887B68110072
:107DD000180000F004F8C046BD4602B080BD80B572
:107DE00082B000AF78600A00BB1C1A80C046BD4656
:107DF00002B080BD80B582B000AF78607B68002B98
:107E000001D101238FE07B6841229B5CDBB2002B18
:107E100007D17B684022002199547B681800FEF747
:107E200035FC7B684122242199547B681B681A68C1
:107E30007B681B6801218A431A607B685A687B68EB
:107E40001B683B490A401A617B681B689A687B681B
:107E50001B6838490A409A607B68DB68012B08D1AF
:107E60007B689A687B681B68802109020A439A60D4
:107E700007E07B689A687B681B68842109020A43D3
:107E80009A607B68DB68022B09D17B681B685A68A3
:107E90007B681B68802109010A435A6007E07B6800
:107EA0001B685A687B681B6823490A405A607B68D4
:107EB0001B685A687B681B6820490A435A607B68C4
:107EC0001B68DA687B681B681A490A40DA607B68BD
:107ED0001A697B685B691A4311007B689B691A0207
:107EE0007B681B680A43DA607B68D9697B681A6A19
:107EF0007B681B680A431A607B681B681A687B688A
:107F00001B6801210A431A607B6800225A647B685F
:107F10004122202199547B6800221A637B68422207
:107F20000021995400231800BD4602B080BDC04610
:107F3000FFFFFFF0FF7FFFFFFFF7FFFF0080000262
:107F400090B587B002AFF8600C00100019000A234A
:107F5000FB18221C1A800823FB18021C1A80BB1D68
:107F60000A1C1A80FB6841229B5CDBB2202B00D0EC
:107F70007DE03B6A002B04D02423FB181B88002BD8
:107F800005D1FB68802292005A64012370E0FB68EF
:107F90001B689A6980231B021A4080231B029A42A5
:107FA00001D1022364E0FB6840229B5C012B01D1DC
:107FB00002235DE0FB68402201219954FB684122C5
:107FC00021219954FB68422240219954FB680022E8
:107FD0005A64FB6800221A85FB683A6A5A62FB6899
:107FE0002422BA1812885A85FB68234ADA62FB6891
:107FF000224A5A630A23FB181A88FB68DA64BB1DFD
:108000001B88012B0BD10823FB181B88DAB2FB68F5
:108010001B689A62FB68012252421A650EE0082131
:108020007B181B881B0A9BB2DAB2FB681B689A623A
:108030007B181B88DBB21A00FB681A65BB1D1B8806
:10804000DAB280235C040A23FB181988F8680C4B09
:108050000093230001F076FCFB6840220021995434
:10806000FB680121180001F0A7FC002300E00223B7
:108070001800BD4605B090BD0000FFFF3983041015
:108080000020008090B587B002AFF8600C001000AF
:1080900019000A23FB18221C1A800823FB18021C53
:1080A0001A80BB1D0A1C1A80FB6841229B5CDBB254
:1080B000202B00D078E03B6A002B04D02423FB184F
:1080C0001B88002B05D1FB68802292005A64012393
:1080D0006BE0FB681B689A6980231B021A408023AF
:1080E0001B029A4201D102235FE0FB6840229B5CA5
:1080F000012B01D1022358E0FB6840220121995451
:10810000FB68412222219954FB6842224021995464
:10811000FB6800225A64FB683A6A5A62FB682422B0
:10812000BA1812885A85FB68224ADA62FB68224A2A
:108130005A630A23FB181A88FB68DA64BB1D1B8884
:10814000012B0BD10823FB181B88DAB2FB681B68D4
:108150009A62FB68012252421A650EE008217B18E0
:108160001B881B0A9BB2DAB2FB681B689A627B18F9
:108170001B88DBB21A00FB681A65BB1D1B88DAB2CC
:108180000A23FB181988F8680C4B0093002301F0B0
:10819000D9FBFB68402200219954FB68012118009B
:1081A00001F00AFC002300E002231800BD4605B0E0
:1081B00090BDC0460000FFFF3983041000200080FE
:1081C00080B584B000AF78607B681B689B69FB60FA
:1081D0007B681B681B68BB607B685B6B002B05D0F2
:1081E0007B685B6BBA68F96878689847C046BD469B
:1081F00004B080BD80B586B000AF78607B681B6836
:108200009B697B617B681B681B683B617B691B0A00
:108210001A000123134010D03B69DB091A00012327
:1082200013400AD07B685B6C01221A437B685A6456
:108230007B681B6880225200DA617B699B0A1A0006
:108240000123134010D03B69DB091A0001231340BE
:108250000AD07B685B6C08221A437B685A647B688F
:108260001B688022D200DA617B695B0A1A00012355
:10827000134010D03B69DB091A00012313400AD0D8
:108280007B685B6C02221A437B685A647B681B68BC
:1082900080229200DA617B685B6CFB60FB680B22DA
:1082A000134005D0FA687B681100180001F0DEF970
:1082B000C046BD4606B080BD80B582B000AF7860D4
:1082C000C046BD4602B080BD80B582B000AF7860C8
:1082D000C046BD4602B080BD80B582B000AF7860B8
:1082E000C046BD4602B080BD80B582B000AF7860A8
:1082F000C046BD4602B080BD80B582B000AF786098
:1083000008001100FB1C021C1A703B000A1C1A809A
:10831000C046BD4602B080BD80B582B000AF786077
:10832000C046BD4602B080BD80B582B000AF786067
:10833000C046BD4602B080BD90B589B002AFF860BE
:10834000B9607A60974B7B61BB683B61FB684022F8
:108350009B5C012B01D102231FE1FB68402201211C
:1083600099543B691B091A000123134014D07B6800
:108370001B091A00012313400ED0FB681B68102252
:10838000DA61FB685B6C04221A43FB685A64FB6881
:10839000180001F096FAE9E03B699B081A000123F6
:1083A000134023D07B689B081A00012313401DD083
:1083B0003B69042293433B61FB681B685A6AFB6874
:1083C0005B6AD2B21A70FB685B6A5A1CFB685A621D
:1083D000FB681B8D013B9AB2FB681A85FB685B8DBD
:1083E0009BB2013B9AB2FB685A85BFE03B695B08D0
:1083F0001A00012313402CD07B685B081A0001236C
:10840000134026D0FB681B6D013318D1FB685B6AF3
:108410001A78FB681B689A62FB685B6A5A1CFB68E7
:108420005A62FB681B8D013B9AB2FB681A85FB6898
:108430005B8D9BB2013B9AB2FB685A8596E0FB6864
:108440001B68FA68126D9A62FB68012252421A6533
:108450008CE03B69DB091A00012313403ED07B68A6
:108460009B091A000123134038D0FB685B8D9BB237
:10847000002B2CD0FB681B8D002B28D1FB685B8D5B
:108480009BB2FF2B10D9FB68FF221A85FB68DB6CBF
:1084900099B2FB681B8DDAB280235B04F868002474
:1084A000009401F04FFA18E0FB685B8D9AB2FB680C
:1084B0001A85FB68DB6C99B2FB681B8DDAB28023EE
:1084C0009B04F8680024009401F03CFA05E0FB6886
:1084D0004021180001F0CAF848E047E03B699B09D9
:1084E0001A000123134041D07B689B091A00012325
:1084F00013403BD0FB680121180001F0E7FAFB684C
:108500000221180001F058FAFB6841229B5CDBB2A3
:10851000222B01D1244B7B61FB685B8D9BB2FF2B2F
:1085200011D9FB68FF221A85FB68DB6C99B2FB68E6
:108530001B8DDAB280235C04F8687B69009323000A
:1085400001F000FA12E0FB685B8D9AB2FB681A85B5
:10855000FB68DB6C99B2FB681B8DDAB280239C044C
:10856000F8687B690093230001F0ECF93B695B0933
:108570001A00012313400BD07B685B091A0001230A
:10858000134005D03A69FB681100180000F0B2FDF5
:10859000FB6840220021995400231800BD4607B013
:1085A00090BDC046002000800024008080B586B0C9
:1085B00000AFF860B9607A60FB68DB6A7B61BB681A
:1085C0003B61FB6840229B5C012B01D10223FBE055
:1085D000FB684022012199543B695B091A00012381
:1085E00013400CD07B685B091A000123134006D0AE
:1085F0003A69FB681100180000F04EFEDFE03B69AD
:108600001B091A000123134054D07B681B091A0070
:10861000012313404ED0FB685B8D9BB2002B2DD104
:10862000FB6841229B5CDBB2282B0BD17A6980234B
:108630009B049A4206D13A69FB681100180000F0C9
:10864000BBFF36E0FB6841229B5CDBB2292B10D1DB
:108650007B695F4A93420CD0FB681B681022DA6189
:10866000FB68180001F02DF9FB68180000F0DCFC35
:108670001FE0FB681B681022DA619DE0FB681B6845
:108680001022DA61FB685B6C04221A43FB685A64AF
:108690007B69002B05D07A6980235B049A4200D065
:1086A0008AE0FB685A6CFB681100180000F0DEFFDE
:1086B00082E081E03B699B081A000123134031D01E
:1086C0007B689B081A00012313402BD0FB685B8D4D
:1086D0009BB2002B18D0FB681B685A6AFB685B6A68
:1086E000D2B21A70FB685B6A5A1CFB685A62FB685C
:1086F0001B8D013B9AB2FB681A85FB685B8D9BB2B0
:10870000013B9AB2FB685A85FB685B8D9BB2002BDC
:1087100054D17B692E4A934250D0FB68180000F078
:1087200083FC4BE03B69DB081A00012313400CD0AB
:108730007B68DB081A000123134006D03A69FB6806
:108740001100180000F08AFB39E03B695B081A0051
:108750000123134033D07B685B081A0001231340C8
:108760002DD0FB685B8D9BB2002B18D0FB685B6A39
:108770001A78FB681B689A62FB685B6A5A1CFB6884
:108780005A62FB685B8D9BB2013B9AB2FB685A85CB
:10879000FB681B8D013B9AB2FB681A850FE07A6972
:1087A00080235B049A4202D07B69002B07D1FB68CF
:1087B000180000F039FC02E0C04600E0C046FB684B
:1087C00040220021995400231800BD4606B080BD08
:1087D0000000FFFF90B589B002AFF860B9607A6021
:1087E000FB6840229B5C012B01D10223F7E0FB6870
:1087F000402201219954BB681B091A000123134030
:1088000019D07B681B091A000123134013D0FB68A1
:108810001B681022DA61FB685B6C04221A43FB6858
:108820005A64FB682021180001F0C6F8FB681800A4
:1088300001F047F8CEE0BB68DB091A0001231340C2
:1088400000D17EE07B689B091A000123134000D110
:1088500077E0FB681B681A68FB681B6840218A4345
:108860001A60FB685B8D9BB2002B55D0FB681B68C0
:108870005B689AB21223FB189205920D1A80FB686E
:108880005B8D9BB2FF2B06D9FB68FF221A858023E4
:108890005B047B6110E0FB685B8D9AB2FB681A8514
:1088A000FB68DB6A504A934203D0FB68DB6A7B615A
:1088B00002E080239B047B61FB681B8DDAB27C693C
:1088C0001223FB181988F86800230093230001F095
:1088D00039F8FB685B8D9AB2FB681B8DD31A9AB28C
:1088E000FB685A85FB6841229B5CDBB2222B09D1D5
:1088F000FB681B681A68FB681B68802109020A4331
:108900001A6067E0FB681B681A68FB681B688021B7
:10891000C9010A431A605DE0FB681B685A6880233E
:108920009B041A4080239B049A4204D0FB681800E1
:1089300000F038FB4EE0FB684021180000F096FE86
:1089400048E0BB689B091A00012313402ED07B68C6
:108950009B091A000123134028D0FB685B8D9BB252
:10896000002B1DD1FB681B685A6880239B041A40AA
:1089700080239B049A422CD0FB68DB6A1A4A9342FC
:1089800009D1FB681B685A68FB681B688021C90114
:108990000A435A601DE0FB68180000F003FB18E072
:1089A000FB684021180000F061FE12E0BB685B0923
:1089B0001A00012313400DD07B685B091A000123C4
:1089C000134007D0BA68FB681100180000F092FB52
:1089D00000E0C046FB6840220021995400231800A3
:1089E000BD4607B090BDC0460000FFFF90B589B0FE
:1089F00002AFF860B9607A609A4B7B61FB684022F5
:108A00009B5C012B01D1022327E1FB68402201215D
:108A10009954BB681B091A000123134019D07B68C5
:108A20001B091A000123134013D0FB681B68102296
:108A3000DA61FB685B6C04221A43FB685A64FB68CA
:108A40002021180000F0B8FFFB68180000F039FF83
:108A5000FEE0BB685B081A00012313400FD07B685F
:108A60005B081A000123134009D0FB681B68FA68F1
:108A7000126D9A62FB68012252421A65E8E0BB68F7
:108A8000DB091A000123134065D07B689B091A009B
:108A9000012313405FD0FB680121180001F016F894
:108AA000FB681021180000F087FFFB685B8D9BB20C
:108AB000002B4AD0FB685B8D9BB2FF2B10D9FB6863
:108AC000FF221A85FB68DB6C99B2FB681B8DDAB25A
:108AD00080235B04F8680024009400F033FF11E069
:108AE000FB685B8D9AB2FB681A85FB68DB6C99B2F8
:108AF000FB681B8DDAB280239B04F8680024009485
:108B000000F020FFFB685B8D9AB2FB681B8DD31AC7
:108B10009AB2FB685A85FB6841229B5CDBB2222B30
:108B200009D1FB681B681A68FB681B688021090271
:108B30000A431A608CE0FB681B681A68FB681B68B4
:108B40008021C9010A431A6082E0FB6840211800B5
:108B500000F08CFD7CE0BB689B091A0001231340E8
:108B600064D07B689B091A00012313405ED0FB6828
:108B70000121180000F0AAFFFB681021180000F086
:108B80001BFFFB6841229B5CDBB2222B01D1364BE1
:108B90007B61FB685B8D9BB2FF2B11D9FB68FF22C9
:108BA0001A85FB68DB6C99B2FB681B8DDAB28023F7
:108BB0005C04F8687B690093230000F0C3FE12E0B8
:108BC000FB685B8D9AB2FB681A85FB68DB6C99B217
:108BD000FB681B8DDAB280239C04F8687B690093E4
:108BE000230000F0AFFEFB685B8D9AB2FB681B8D23
:108BF000D31A9AB2FB685A85FB6841229B5CDBB2B0
:108C0000222B09D1FB681B681A68FB681B6880214E
:108C100009020A431A601BE0FB681B681A68FB68BC
:108C20001B688021C9010A431A6011E0BB685B0917
:108C30001A00012313400BD07B685B091A00012343
:108C4000134005D0BA68FB681100180000F052FA12
:108C5000FB6840220021995400231800BD4607B04C
:108C600090BDC046002000800024008080B588B000
:108C700000AFF860B9607A60FB68DB6ABB61002313
:108C8000FB61FB6840229B5C012B01D10223DEE0EB
:108C9000FB68402201219954BB685B091A0001233B
:108CA00013400CD07B685B091A000123134006D0E7
:108CB000BA68FB681100180000F0EEFAC2E0BB6869
:108CC0001B091A000123134000D1A9E07B681B098E
:108CD0001A000123134000D1A2E07B689B0B1A000D
:108CE0000123134006D17B68DB0B1A0001231340DC
:108CF00000D18EE0FB68DB6B002B0DD07B68DB0BBB
:108D00001A000123134007D0FB68DB6B1B685B680C
:108D1000002B01D10123FB61FB689B6B002B0DD065
:108D20007B689B0B1A000123134007D0FB689B6BE9
:108D30001B685B68002B01D10123FB61FB69012BE0
:108D40002DD1FB6841229B5CDBB2282B0BD1BA6989
:108D500080239B049A4206D1BA68FB681100180070
:108D600000F02AFC54E0FB6841229B5CDBB2292B1B
:108D700010D1BB69384A93420CD0FB681B681022A3
:108D8000DA61FB68180000F09CFDFB68180000F039
:108D90004BF93DE0FB681B681022DA613EE0FB689E
:108DA0001B681022DA61FB685B6C04221A43FB68C3
:108DB0005A641723FB18FA684121525C1A70BB6988
:108DC000002B04D0BA6980235B049A4226D1172273
:108DD000BB181B78212B03D0BB181B78292B03D180
:108DE000FB6821221A630BE01722BB181B78222B89
:108DF00003D0BB181B782A2B02D1FB6822221A63EE
:108E0000FB685A6CFB681100180000F02FFC05E0AD
:108E100004E0FB681B681022DA6113E0C04611E031
:108E2000BB68DB081A00012313400BD07B68DB080A
:108E30001A000123134005D0BA68FB68110018001E
:108E400000F00CF8FB684022002199540023180020
:108E5000BD4608B080BDC0460000FFFFB0B584B07D
:108E600000AF786039607B6841229B5CDBB21A00FE
:108E700028231340282B00D088E07B681B689B695F
:108E80001B0CDAB20F257B1901210A401A707B688E
:108E90001B689B691B0C9AB20C203B18FE210A40F0
:108EA0001A807B681B689B689AB20A243B1992055A
:108EB000920D1A807B681B68DB689AB20823FB1846
:108EC000FE210A401A807B68DB68022B48D1210012
:108ED0007B181B88DB099AB23B181B8853409BB256
:108EE0001A000623134020D13B187A1812881A80E2
:108EF0007B689B6C5A1C7B689A647B689B6C022B1A
:108F00004CD17B6800229A647B681B680822DA6176
:108F10007B684022002199543B181A887B191978E4
:108F20007B681800FFF7E8F938E00C243B190822A9
:108F3000BA1812881A8080231A027B681100180060
:108F400000F0C4FD7B684022002199543B191A8827
:108F50000F23FB1819787B681800FFF7CDF91DE087
:108F600080231A027B681100180000F0AFFD7B68B7
:108F70004022002199540C23FB181A880F23FB1858
:108F800019787B681800FFF7B7F907E07B681B6862
:108F90000822DA617B68402200219954C046BD4610
:108FA00004B0B0BD80B582B000AF78607B6842226B
:108FB000002199547B6841229B5CDBB2212B17D1A5
:108FC0007B684122202199547B6811221A637B68B7
:108FD00000225A637B680121180000F077FD7B684E
:108FE0004022002199547B681800FFF765F916E0CC
:108FF0007B684122202199547B6812221A637B6886
:1090000000225A637B680221180000F05FFD7B6834
:109010004022002199547B681800FFF755F9C0469B
:10902000BD4602B080BD000080B584B000AF78605E
:109030007B681B681B68FB607B6842220021995497
:10904000FB689B0B1A000123134008D07B681B6848
:109050001A687B681B6825490A401A600DE0FB68A6
:10906000DB0B1A000123134007D07B681B681A68CA
:109070007B681B681E490A401A607B6841229B5C22
:10908000DBB2292B14D17B684122282199547B68BB
:1090900021221A637B680121180000F017FD7B680C
:1090A0004022002199547B681800FFF715F919E058
:1090B0007B6841229B5CDBB22A2B13D17B68412267
:1090C000282199547B6822221A637B6802211800A8
:1090D00000F0FCFC7B684022002199547B6818005A
:1090E000FFF702F9C046BD4604B080BDFFBFFFFFD9
:1090F000FF7FFFFF80B586B000AF786039603B68C6
:109100007B617B681B682022DA617B6841229B5C63
:10911000DBB2212B08D17B680121180000F0D6FCBE
:109120007B6811221A630DE07B6841229B5CDBB2F5
:10913000222B07D17B680221180000F0C7FC7B6856
:1091400012221A637B681B685A687B681B68504947
:109150000A405A607B6800225A637B684D4ADA6293
:109160007B691B091A000123134009D07B681B6827
:109170001022DA617B685B6C04221A437B685A64B4
:109180007B6841229B5CDBB2602B0BD17B699B0827
:109190001A000123134005D07B681B685B6ADBB2B1
:1091A000FB60FB687B68180000F08BFB7B685B6CE6
:1091B0003B617B6841229B5CDBB2602B02D03B6948
:1091C000002B07D07B685A6C7B681100180000F0F8
:1091D0004DFA58E07B6841229B5CDBB2212B26D103
:1091E0007B684122202199547B6800221A637B68A6
:1091F00042229B5CDBB2402B0CD17B6842220021D7
:1092000099547B684022002199547B681800FAF732
:10921000D9FE38E07B684222002199547B684022C5
:10922000002199547B681800FFF746F82BE07B6813
:1092300041229B5CDBB2222B25D17B68412220217D
:1092400099547B6800221A637B6842229B5CDBB2E4
:10925000402B0CD17B684222002199547B6840222C
:10926000002199547B681800FAF7E2FE0BE07B6856
:109270004222002199547B684022002199547B6846
:109280001800FFF721F8C046BD4606B080BDC046B5
:1092900000E800FE0000FFFF80B586B000AF7860F8
:1092A00039607B681B681B683B613B687B617B683E
:1092B000DB6AFB600B203B187A684121525C1A7014
:1092C0007B681B682022DA613B181B78212B03D0B6
:1092D0003B181B78292B09D1B04A7B681100180074
:1092E00000F0F4FB7B6821221A6320E00B22BB18FC
:1092F0001B78222B03D0BB181B782A2B09D1A84A34
:109300007B681100180000F0E1FB7B6822221A63E1
:109310000DE00B23FB181B78282B08D1A14A7B6892
:109320001100180000F0D2FB7B6800221A637B68F2
:109330001B685A687B681B68802109020A435A60CF
:109340007B681B685A687B681B6897490A405A60AB
:109350007B68180000F0B5FA3B699B0B1A000123EB
:10936000134013D07B681B681A687B681B688F49A1
:109370000A401A607B689B6B002B20D07B689B6B3C
:109380001B685B689AB27B685A8518E03B69DB0B07
:109390001A000123134012D07B681B681A687B688F
:1093A0001B6883490A401A607B68DB6B002B06D080
:1093B0007B68DB6B1B685B689AB27B685A857B694C
:1093C0009B081A000123134020D07B690422934399
:1093D0007B617B681B685A6A7B685B6AD2B21A70D1
:1093E0007B685B6A5A1C7B685A627B681B8D002B0A
:1093F0000CD07B681B8D013B9AB27B681A857B6819
:109400005B8D9BB2013B9AB27B685A857B685B8D12
:109410009BB2002B05D07B685B6C04221A437B68EF
:109420005A647B691B091A000123134051D03B6920
:109430001B091A00012313404BD07B685B8D9BB244
:10944000002B2DD17B6841229B5CDBB2282B0BD1FA
:10945000FA6880239B049A4206D17A697B681100DE
:10946000180000F0A9F834E07B6841229B5CDBB275
:10947000292B10D1FB684F4A93420CD07B681B68A4
:109480001022DA617B68180000F01BFA7B68180074
:10949000FFF7CAFD1DE07B681B681022DA6118E047
:1094A0007B681B681022DA617B685B6C04221A43BC
:1094B0007B685A64FB68002B04D0FA6880235B0445
:1094C0009A4206D17B685A6C7B681100180000F044
:1094D000CDF87B684222002199547B6800225A63B0
:1094E0007B685B6C002B13D07B685A6C7B68110027
:1094F000180000F0BBF87B6841229B5CDBB2282B94
:1095000047D17A697B681100180000F055F840E0F7
:109510007B68DB6A274A934216D07B681800FFF706
:1095200083FD7B68234ADA627B68412220219954BB
:109530007B6800221A637B684022002199547B6873
:109540001800FEF7E9FE24E07B6841229B5CDBB259
:10955000222B0FD17B684122202199547B68002265
:109560001A637B684022002199547B681800FEF73B
:10957000BBFE0EE07B684122202199547B680022CB
:109580001A637B684022002199547B681800FEF71B
:10959000A3FEC046BD4606B080BDC04601800000A7
:1095A000028000000380000000E800FEFFBFFFFF14
:1095B000FF7FFFFF0000FFFF80B582B000AF786043
:1095C00039607B68274ADA627B6800221A637B680D
:1095D0004122202199547B684222002199547B68C2
:1095E00000225A633B689B081A000123134022D0D3
:1095F0007B681B685A6A7B685B6AD2B21A707B68A8
:109600005B6A5A1C7B685A627B681B8D002B12D0E8
:109610007B681B8D013B9AB27B681A857B685B8DEA
:109620009BB2013B9AB27B685A857B685B6C0422D3
:109630001A437B685A640C4A7B681100180000F0DA
:1096400045FA7B681B681022DA617B6840220021A2
:1096500099547B681800FEF75FFEC046BD4602B015
:1096600080BDC0460000FFFF0380000080B584B0CD
:1096700000AF786039600F203B187A684121525C56
:109680001A707B684222002199547B68724ADA6220
:109690007B6800225A857B685A6C3B681A437B685A
:1096A0005A643B181B78282B07D03B181B78292BB2
:1096B00003D03B181B782A2B0CD17B6803211800A0
:1096C00000F004FA7B684122282199547B68634AA0
:1096D0005A6332E0624A7B681100180000F0F6F924
:1096E0007B68180000F0EDF87B6841229B5CDBB2E0
:1096F000602B1FD07B684122202199547B681B6816
:109700009B6920221340202B14D17B681B689B6926
:1097100010221340102B09D17B681B681022DA61DC
:109720007B685B6C04221A437B685A647B681B6805
:109730002022DA617B6800225A637B681B6BBB6066
:109740007B689B6B002B3BD0BB68112B02D0BB68A6
:10975000212B35D17B681B681A688023DB011A40F6
:109760008023DB019A4207D17B681B681A687B68FB
:109770001B683C490A401A607B689B6B1800FDF728
:10978000ACFE0300012B16D07B689B6B364A9A63B4
:109790007B684022002199547B689B6B1800FDF781
:1097A00055FE031E51D07B689B6B9A6B7B689B6B4D
:1097B0001800904749E07B68180000F059F844E031
:1097C0007B68DB6B002B3BD0BB68122B02D0BB68E5
:1097D000222B35D17B681B681A6880231B021A4034
:1097E00080231B029A4207D17B681B681A687B683A
:1097F0001B681E490A401A607B68DB6B1800FDF786
:109800006CFE0300012B16D07B68DB6B164A9A6353
:109810007B684022002199547B68DB6B1800FDF7C0
:1098200015FE031E13D07B68DB6B9A6B7B68DB6BCA
:10983000180090470BE07B68180000F019F806E06C
:109840007B68180000F014F802E0C04600E0C04653
:10985000C046BD4604B080BD0000FFFFAD850410CA
:1098600003800000FFBFFFFF07990410FF7FFFFF89
:1098700080B582B000AF78607B6841229B5CDBB230
:10988000602B0FD17B684122202199547B680022F4
:109890001A637B684022002199547B681800FEF708
:1098A00043FD0AE07B6800221A637B6840220021A6
:1098B00099547B681800FAF71FFCC046BD4602B0F9
:1098C00080BD80B582B000AF78607B681B689B6903
:1098D00002221340022B03D17B681B6800229A628C
:1098E0007B681B689B6901221340012B07D07B68B2
:1098F0001B689A697B681B6801210A439A61C0460C
:10990000BD4602B080BD80B584B000AF78607B6892
:109910009B6AFB60FB689B6B002B03D0FB689B6B17
:1099200000229A63FB68DB6B002B03D0FB68DB6BC8
:1099300000229A63FB681800FFF79AFFC046BD46F5
:1099400004B080BD90B587B000AFF860080011008A
:109950007B600A243B19021C1A8009203B180A1C50
:109960001A703B191B889B059A0D3B181B7819042C
:10997000FF231B040B401A437B681A43BB6A134343
:109980005B005B087B61FB681B685B68BA6A510D12
:109990008022D2000A4007490A43D2431A401100EC
:1099A000FB681B687A690A435A60C046BD4607B027
:1099B00090BDC046FF63FF0380B584B000AF786000
:1099C0000A00BB1C1A800023FB607B685A6B3C4B6F
:1099D0009A4235D07B685A6B3A4B9A4230D07B68BA
:1099E0005A6B394B9A422BD0BB1C00229B5E002B3A
:1099F00003DAFB68B8221343FB60BB1C1B880122FF
:109A0000134003D0FB68F2221343FB60BB1C1B888E
:109A10000222134003D0FB68F4221343FB60BB1CFB
:109A20001B88102B03D1FB6890221343FB60BB1CE7
:109A30001B88202B37D1FB6820221343FB6032E0C8
:109A4000BB1C00229B5E002B03DAFB68B822134389
:109A5000FB60BB1C1B880122134003D0FB68F22271
:109A60001343FB60BB1C1B880222134003D0FB681E
:109A7000F4221343FB60BB1C1B88102B03D1FB6833
:109A800090221343FB60BB1C1B88202B03D1FB6877
:109A900060221343FB60BB1C1B88402B03D1FB6877
:109AA00040221343FB607B681B6819687B681B6856
:109AB000FA680A431A60C046BD4604B080BDC0467D
:109AC000D58704106D8C0410ED89041080B584B026
:109AD00000AF78600A00BB1C1A800023FB60BB1C2F
:109AE0001B880122134010D0FB6842221343FB6005
:109AF0007B6841229B5CDBB21A0028231340282B91
:109B000003D0FB68B0221343FB60BB1C1B880222FE
:109B1000134010D0FB6844221343FB607B68412252
:109B20009B5CDBB21A0028231340282B03D0FB6870
:109B3000B0221343FB60BB1C00229B5E002B03DAA8
:109B4000FB68B8221343FB60BB1C1B88102B03D19E
:109B5000FB6890221343FB60BB1C1B88202B03D1A6
:109B6000FB6820221343FB60BB1C1B88402B03D1E6
:109B7000FB6840221343FB607B681B681A68FB6824
:109B8000D9437B681B680A401A60C046BD4604B0D2
:109B900080BD000080B582B000AF786039607B681E
:109BA00041229B5CDBB2202B38D17B6840229B5C3E
:109BB000012B01D1022332E07B684022012199541C
:109BC0007B684122242199547B681B681A687B6852
:109BD0001B6801218A431A607B681B681A687B68CE
:109BE0001B6811490A401A607B681B6819687B680A
:109BF0001B683A680A431A607B681B681A687B68AE
:109C00001B6801210A431A607B6841222021995474
:109C10007B68402200219954002300E002231800B1
:109C2000BD4602B080BDC046FFEFFFFF80B584B0E7
:109C300000AF786039607B6841229B5CDBB2202BEF
:109C400039D17B6840229B5C012B01D1022333E098
:109C50007B684022012199547B6841222421995438
:109C60007B681B681A687B681B6801218A431A603D
:109C70007B681B681B68FB60FB68114A1340FB6034
:109C80003B681B02FA681343FB607B681B68FA6839
:109C90001A607B681B681A687B681B6801210A438D
:109CA0001A607B684122202199547B684022002160
:109CB0009954002300E002231800BD4604B080BD83
:109CC000FFF0FFFF80B584B000AF78600F23FB1872
:109CD00000221A707B68002B45D07B681B79DBB2B1
:109CE000002B03D17B681800FCF7D6FDFDF798FA2E
:109CF0000300BB607B6802221A7111E07B681B685D
:109D000001221A60FDF78CFA0200BB68D21AFA230E
:109D10009B009A4204D90F23FB1803221A7006E015
:109D20007B681B681B6801221340012BE6D10F23BF
:109D3000FB181B78002B0FD17B681B689A687B6827
:109D40001B68D02149030A439A607B6800229A600D
:109D50007B6801221A710AE07B6804229A607B68A2
:109D600003221A7103E00F23FB1801221A700F233C
:109D7000FB181B781800BD4604B080BD80B584B0C8
:109D800000AF786039600F23FB1800221A707B68DF
:109D9000002B03D07B68012B08D00FE00D4B1A6A13
:109DA0003B68D9430B4B0A401A620CE0094B9A6A94
:109DB0003B68D943074B0A409A6204E00F23FB1823
:109DC00001221A70C0460F23FB181B781800BD46ED
:109DD00004B080BD0000504880B584B000AF78600A
:109DE00039600F23FB1800221A707B68002B03D008
:109DF0007B68012B08D00FE00D4B5A6A3B68D943B2
:109E00000B4B0A405A620CE0094BDA6A3B68D943B3
:109E1000074B0A40DA6204E00F23FB1801221A7094
:109E2000C0460F23FB181B781800BD4604B080BD48
:109E30000000504880B582B000AF7860044B1B68CA
:109E4000034B7A681A60C046BD4602B080BDC0466A
:109E5000C000002080B582B000AF7860074B5B681F
:109E6000074A134019007B681B021B041A0C034BA2
:109E70000A435A60C046BD4602B080BDC000002003
:109E8000FF00FFFF80B582B000AF7860084B5B68D1
:109E9000084A134019007B681A04FF231B041A4068
:109EA000034B0A435A60C046BD4602B080BDC0465F
:109EB000C0000020FFFF00FF80B582B000AF7860D7
:109EC000064B5B681B02190A7B681A06034B0A43A0
:109ED0005A60C046BD4602B080BDC046C0000020EA
:109EE00080B582B000AF7860074B9B68FF22934338
:109EF00019007B68FF221A40034B0A439A60C04650
:109F0000BD4602B080BDC046C000002080B582B012
:109F100000AF7860074B9B68074A134019007B68C5
:109F20001B021B041A0C034B0A439A60C046BD4631
:109F300002B080BDC0000020FF00FFFF80B582B0EE
:109F400000AF7860084B9B68084A134019007B6893
:109F50001A04FF231B041A40034B0A439A60C046AD
:109F6000BD4602B080BDC046C0000020FFFF00FF1C
:109F700080B582B000AF7860064B9B681B02190A5F
:109F80007B681A06034B0A439A60C046BD4602B07E
:109F900080BDC046C000002080B582B000AF7860B0
:109FA000074BDB68FF22934319007B68FF221A40AE
:109FB000034B0A43DA60C046BD4602B080BDC046CE
:109FC000C000002080B582B000AF7860074BDB682E
:109FD000074A134019007B681B021B041A0C034B31
:109FE0000A43DA60C046BD4602B080BDC000002012
:109FF000FF00FFFF80B582B000AF7860084BDB68E0
:10A00000084A134019007B681A04FF231B041A40F6
:10A01000034B0A43DA60C046BD4602B080BDC0466D
:10A02000C0000020FFFF00FF80B582B000AF786065
:10A03000084BDB68084A134019007B681A06FC23AA
:10A040009B051A40034B0A43DA60C046BD4602B086
:10A0500080BDC046C0000020FFFFFFC080B582B0B9
:10A0600000AF7860074B1B69FF22934319007B68A0
:10A07000FF221A40034B0A431A61C046BD4602B094
:10A0800080BDC046C000002080B500AF044B5A69B7
:10A09000034B04210A435A61C046BD4680BDC046F9
:10A0A000C000002080B500AF044B5A69034B8021EB
:10A0B00009040A435A61C046BD4680BDC000002065
:10A0C00080B500AF044B5A69034B802189050A43D0
:10A0D0005A61C046BD4680BDC000002080B500AFBB
:10A0E000044B5A69034B8021C9050A435A61C04693
:10A0F000BD4680BDC000002080B582B000AF786052
:10A10000074B9B697F22934319007B687F221A408B
:10A11000034B0A439A61C046BD4602B080BDC046AB
:10A12000C000002080B582B000AF78607B68DB683B
:10A13000032293431A007B68DA60C046BD4602B032
:10A1400080BD80B582B000AF78607B68DB68032299
:10A1500093431A007B68DA60C046BD4602B080BDFA
:10A1600080B582B000AF78607B689B6A034A1A4072
:10A170007B689A62C046BD4602B080BDFFFFFFBF4C
:10A1800090B58DB000AF7860144B7B61144B1B68A9
:10A19000144A93422AD1144B1B681B0A0F22134006
:10A1A000FB62114B1B681B0B0F221340BB620E4B53
:10A1B0001B681B0C0F2213407B620B4B1B681B0D93
:10A1C000072213403B62084B1B681B0E07221340FB
:10A1D000FB611B23FB1801221A7018E0F0210020FC
:10A1E000F81E0010CCECBCFCE81E00100823FB623B
:10A1F0000723BB6208237B621B217B1800221A7095
:10A2000003233B620323FB617B1801221A70FC4B82
:10A2100000221A717B68002B03D07B681800FCF7C2
:10A220004FFBC023DB051800FFF77CFFC023DB05D5
:10A230001800FFF786FFF34B1800FFF791FFF24A73
:10A240009E239B00D3580F2293431A007B6A0F2151
:10A250000B40ED491A439E239B00CA50EA4A9D23B6
:10A260009B00D358F02293431A00BB6A1B01FF21C5
:10A270000B40E5491A439D239B00CA50E24A9D23A7
:10A280009B00D3580F2293431A00FB6A0F210B4007
:10A29000DD491A439D239B00CA501B23FB181B78E2
:10A2A000002B1ED0D84A92239B00D35807229343F9
:10A2B0001A003B6A07210B40D3491A4392239B00A3
:10A2C000CA50D14A92239B00D358382293431A0094
:10A2D000FB69DB0038210B40CB491A4392239B00DA
:10A2E000CA50C94AA4235B00D358FF229343C649EE
:10A2F00055221A43A4235B00CA50C34AAA235B0019
:10A30000D358FF229343C04966221A43AA235B0015
:10A31000CA50BD4AB4235B00D358FF229343BA49C5
:10A3200055221A43B4235B00CA50B74AC4235B00CA
:10A33000D358FF229343B4491D221A43C4235B0020
:10A34000CA50B14AC2235B00D358FF229343AE499F
:10A3500059221A43C2235B00CA50AB4AC6235B0092
:10A36000D358FF229343A84932221A43C6235B00E5
:10A37000CA50A54AB6235B00D358A34901221A4309
:10A38000B6235B00CA50A04AD0239B00D358FF22BB
:10A3900093439D491F221A43D0239B00CA509A4AD7
:10A3A000D1239B00D358FF229343974909221A4394
:10A3B000D1239B00CA504020FFF74CFD3F20FFF700
:10A3C00061FD0920FFF778FD5A20FFF7B7FD322025
:10A3D000FFF7CEFD5A20FFF783FD3220FFF796FDF1
:10A3E0001020FFF707FE1020FFF71EFE0420FFF7E6
:10A3F00035FE1420FFF7D0FD0520FFF7E3FDFFF742
:10A4000043FEFFF74FFEFFF75BFE0020FFF774FEF1
:10A4100013203B1800221A703B181B783A18591C5D
:10A4200011701A007B699B1801221A703B181B7867
:10A430003A18591C11701A007B699B185E221A7019
:10A44000714A9E239B00D1583B181B7804003A1890
:10A45000581C10701A007B699B18CAB21A70200031
:10A460003B181B783A18591C11701A007B699B180D
:10A4700001221A703B181B783A18591C11701A00E7
:10A480007B699B185D221A705F4A9D239B00D158FF
:10A490003B181B7804003A18581C10701A007B698E
:10A4A0009B18CAB21A7020003B181B783A18591C26
:10A4B00011701A007B699B1801221A703B181B78D7
:10A4C0003A18591C11701A007B699B1852221A7095
:10A4D0004D4A92239B00D1583B181B7804003A1830
:10A4E000581C10701A007B699B18CAB21A702000A1
:10A4F0003B181B783A18591C11701A007B699B187D
:10A5000001221A703B181B783A18591C11701A0056
:10A510007B699B1812221A703B4AA4235B00D15816
:10A520003B181B7804003A18581C10701A007B69FD
:10A530009B18CAB21A7020003B181B783A18591C95
:10A5400011701A007B699B1801221A703B181B7846
:10A550003A18591C11701A007B699B1815221A7041
:10A56000294AAA235B00D1583B181B7804003A18EB
:10A57000581C10701A007B699B18CAB21A70200010
:10A580003B181B783A18591C11701A007B699B18EC
:10A5900001221A703B181B783A18591C11701A00C6
:10A5A0007B699B181A221A70174AB4235B00D15892
:10A5B0003B181B7804003A18581C10701A007B696D
:10A5C0009B18CAB21A7020003B181B783A18591C05
:10A5D00011701A007B699B1801221A703B181B78B6
:10A5E0003A18591C11701A007B699B1822221A70A4
:10A5F000054AC4235B00D1583B181B78040005E0D2
:10A60000C000002000180060001400603A18581CB8
:10A6100010701A007B699B18CAB21A7020003B1890
:10A620001B783A18591C11701A007B699B1801227B
:10A630001A703B181B783A18591C11701A007B6964
:10A640009B1821221A706D4AC2235B00D1583B1817
:10A650001B7804003A18581C10701A007B699B186C
:10A66000CAB21A7020003B181B783A18591C117096
:10A670001A007B699B1801221A703B181B783A1844
:10A68000591C11701A007B699B1823221A705B4AAF
:10A69000C6235B00D1583B181B7804003A18581C9D
:10A6A00010701A007B699B18CAB21A7020003B1800
:10A6B0001B783A18591C11701A007B699B180122EB
:10A6C0001A703B181B783A18591C11701A007B69D4
:10A6D0009B181B221A70494AB6235B00D1583B18BD
:10A6E0001B7804003A18581C10701A007B699B18DC
:10A6F000CAB21A7020003B181B783A18591C117006
:10A700001A007B699B1801221A703B181B783A18B3
:10A71000591C11701A007B699B1890221A70374AD5
:10A72000D0239B00D1583B181B7804003A18581CC2
:10A7300010701A007B699B18CAB21A7020003B186F
:10A740001B783A18591C11701A007B699B1801225A
:10A750001A703B181B783A18591C11701A007B6943
:10A760009B1891221A70254AD1239B00D1583B187F
:10A770001B7804003A18581C10701A007B699B184B
:10A78000CAB21A703B191B783A19591C11701A0079
:10A790007B699B1800221A70194A1A4B1A60184AD2
:10A7A000184B5A60184A174B9A60164B0022DA6011
:10A7B000144B1B681800FFF73DFB104B01221A6178
:10A7C000FFF78CFCC023DB055B68FB60C023DB0567
:10A7D000FA685A600D4B5A6C0C4B01210A435A64BB
:10A7E0000A4B1A6C094B01210A431A64C023DB058A
:10A7F0005B68FB60C046BD460DB090BD00140060B4
:10A80000F0210020E0210020EC2100200018006051
:10A8100080B586B000AF244AA9239B00D358FB60C3
:10A82000214AAA239B00D358BB60BB681B021B04B0
:10A830001A0CFB68FF210B4013433B611A4AAB2300
:10A840009B00D3587B603B69002B02D07B680B2BAD
:10A8500002D97F237B6120E07A6813005B009B189C
:10A860005B00773B7B6105E07B6906337B613B697D
:10A870005B083B613B691E2BF6D83A6913005B000D
:10A880009B189B009B185B019B18084A94466344E5
:10A890009B0A1A007B699B187B617B695BB218007D
:10A8A000BD4606B080BDC04600140060A046000052
:10A8B00080B582B000AFC023DB05DB697B60C023BD
:10A8C000DB055B683B60C023DB053A685A6000F03B
:10A8D000D3FC7A683B681343180006F0A6FD00F02D
:10A8E000C5FCC023DB055B683B60C046BD4602B0CB
:10A8F00080BD80B500AF06F0BDFBC046BD4680BD43
:10A9000080B582B000AF0200FB1D1A70FB1D1B78E2
:10A910007F2B09D8FB1D1B781A001F231A40044BFC
:10A92000012191400A001A60C046BD4602B080BDB8
:10A9300000E100E080B582B000AF78607B68DB6842
:10A940000322934302221A437B68DA60C046BD4665
:10A9500002B080BD80B582B000AF78607B68DB68F4
:10A96000032293431A007B68DA60C046BD4602B0FA
:10A9700080BD80B582B000AF78607B68DB68032261
:10A9800093431A007B68DA60C046BD4602B080BDC2
:10A9900080B582B000AF786039607B683A681A6130
:10A9A000C046BD4602B080BD80B582B000AF7860C1
:10A9B0007B689B6A8022D2051A437B689A62C046F4
:10A9C000BD4602B080BD000080B582B000AF7860A7
:10A9D0007B689B6A034A1A407B689A62C046BD4600
:10A9E00002B080BDFFFFFFBF80B582B000AF7860CE
:10A9F0007B681B6B8022D2051A437B681A63C046B2
:10AA0000BD4602B080BD000080B582B000AF786066
:10AA10007B681B6B034A1A407B681A63C046BD46BD
:10AA200002B080BDFFFFFFBF80B582B000AF78608D
:10AA30000A00FB1C1A70FB1C1A787B689A60C046DF
:10AA4000BD4602B080BD80B582B000AF786039608D
:10AA50007B683A685A62C046BD4602B080BD80B588
:10AA600082B000AF786039607B683A68DA62C046CD
:10AA7000BD4602B080BD80B582B000AF78607B6813
:10AA80001B691800BD4602B080BD80B582B000AF22
:10AA900078607B689B6A802292051A437B689A6281
:10AAA000C046BD4602B080BD80B582B000AF7860C0
:10AAB0000A00FB1C1A70084B9B6A0722934319007B
:10AAC000FB1C1B7807221A40034B0A439A62C046BC
:10AAD000BD4602B080BDC0460018006080B582B09F
:10AAE00000AF78607B689B6C01221A437B689A6494
:10AAF000C046BD4602B080BD80B582B000AF786070
:10AB00007B68DB6C01221A437B68DA64C046BD4671
:10AB100002B080BD80B582B000AF78607B68DB6C2E
:10AB200001221340012B01D1012300E00023180072
:10AB3000BD4602B080BD80B582B000AF786039609C
:10AB40007B683A685A60C046BD4602B080BD80B599
:10AB500082B000AF78607B6800229A60C046BD4634
:10AB600002B080BD80B582B000AF78607B689B6822
:10AB70001800BD4602B080BD80B582B000AF7860DD
:10AB80007B68DB681800BD4602B080BD80B582B02E
:10AB900000AF78607B681B6901221A437B681A61E9
:10ABA000C046BD4602B080BD80B582B000AF7860BF
:10ABB0007B681B6901221340012B01D1012300E0B6
:10ABC00000231800BD4602B080BD0000F0B583B080
:10ABD00000AF7860714B1800FFF78EFF6F4B1800C5
:10ABE000FFF77CFF1720FFF78BFE1420FFF788FE8E
:10ABF0007B685B685A1E9341DBB21A00684B1A707F
:10AC0000674B1B78002B03D17B689B78002B02D00D
:10AC100000F00AFC10E0624BC82252031A62604B3B
:10AC2000C8225203DA615E4B5E4A9A615C4B5E4A0F
:10AC30001A615B4B5D4A5A617B685B68002B08D1E7
:10AC4000A023DB05180000F023FB0200544B5A60E0
:10AC50001DE07B685B681B030A211800F5F7F0FA1A
:10AC600003001A004E4B5A604D4B5E68504B180063
:10AC700000F00EFB03009E4202D2494B5A6804E0EA
:10AC80004B4B180000F004FB0200454B5A60444B4C
:10AC900064229A60424B00221A737B681B881A0058
:10ACA0003F4B9A663E4B9B6E9AB23D4B9B69190097
:10ACB000100000F02DFD3A4B8422002199543849B0
:10ACC000002200230A674B67344B1800FFF7D3FEBE
:10ACD0000200334B80215A503149002200238A67F9
:10ACE000CB672F49002200238A62CB622C4B34228F
:10ACF000002199542A4B5868294B9B6919002D4B08
:10AD00001A00F5F7DDF90200254B1A63244B197878
:10AD1000234B94229954224B8C2200219950204B92
:10AD20009022012199541E4B9322002199541C4BCF
:10AD30009122002199541A4B922200219954184BC8
:10AD4000612200219954164B622200219954144B20
:10AD50006322002199541249002200238A65CB65A1
:10AD60000F4B154A9A640E4B00225A6500F0A6FA62
:10AD700002000B000A4949680C0000210D0012195D
:10AD80006B410E49080000F01DFD054B0121180024
:10AD900000F0FAFBC046BD4603B0F0BD00180060ED
:10ADA00018220020C2F528008D5B0000ECEB650145
:10ADB000FFEFFFFF260300006DB7041058220020AC
:10ADC000B0B590B000AF0F23FB1800221A70EFF35C
:10ADD00010837B627B6ABB6372B6C0469E4B612266
:10ADE0009B5C002B0FD09C4B9C6DDD6D00F066FAD8
:10ADF00002000B00AB4202D805D1A24203D9964B08
:10AE0000612200219954BB6B3B623B6A83F310883B
:10AE1000C0466EE0904B9122995C8F4B92229A5CD7
:10AE20002B2308201B18DB198A1A1A708A4B8C22D4
:10AE30009B583A181100180000F09AFE0200864B49
:10AE40008C215A50BB68FB6310E0FB6B1B69BB6233
:10AE5000FB6B00221A73FB6B9B68002B04D0FB6B0F
:10AE60009B68FA6B10009847BB6AFB63FB6B002B77
:10AE7000EBD1794B8C229B580F243A191100180002
:10AE800000F066FD0200744B8C215A503B191B7870
:10AE9000012B21D1EFF31083FB61FB69FB6272B6DA
:10AEA000C0466D4B91229B5C01336B4A9221525CF0
:10AEB000934203D1684B91229B5C04E0664B912244
:10AEC0009B5C0133DBB2644A91215354FB6ABB6142
:10AED000BB6983F31088C0465F4B92229A5C2B2398
:10AEE00008215B18DB191B78D318D9B25A4B922270
:10AEF0009954594B91229A5C574B92215B5C9A4230
:10AF00000AD3554B91229A5C534B92215B5CD31A26
:10AF10005A1E9341DBB20CE04F4B91229B5C19000F
:10AF20004D4B92229B5CCB1A0133FF335A1E934147
:10AF3000DBB2002B00D06DE7474B1B7B002B6AD0A8
:10AF4000464B1800FFF730FE031E00D17FE0424B56
:10AF500000221A73404B94229B5C002B09D13E4B7C
:10AF600093229B5C002B04D03B4B932200219954ED
:10AF700034E000F047FE384B8C229B580F243A19DE
:10AF80001100180000F0E4FC0200334B8C215A50F1
:10AF90003B191B78012B21D1EFF310837B617B6977
:10AFA0007B6372B6C0462C4B91229B5C01332A4ACC
:10AFB0009221525C934203D1274B91229B5C04E087
:10AFC000254B91229B5C0133DBB2234A91215354E0
:10AFD0007B6B3B613B6983F31088C0460F23FA18F3
:10AFE0001F4B1100180000F0C1FE1E4B180000F0AE
:10AFF00091F900F063F902000B00174949683960C4
:10B00000002179603868796812184B4115490800A9
:10B0100000F0D8FB1BE0104B1B78002B17D000F082
:10B020004DF90D4B9A6ADB6AFA2464030025121964
:10B030006B41994203D80AD1904200D807E0094BEE
:10B04000180000F067F9074B180000F08FFBC046AE
:10B05000BD4610B0B0BDC0461822002000100060F0
:10B06000702200205822002080B582B000AF7860A6
:10B07000C023DB055B697A681100180000F0E8FF67
:10B0800002000B0010001900BD4602B080BD000098
:10B09000F0B585B000AF786008001100FB1C021C01
:10B0A0001A70BB1C0A1C1A700F26BB1900221A70DA
:10B0B000FB1C1B785A1E9341D9B21B4B6422995436
:10B0C000BB1C1B785A1E9341D9B2174B602299546E
:10B0D000154B9A6ADB6A1449886AC96A7968091A41
:10B0E0000C0000210D0012196B410F498A65CB65D8
:10B0F0000D4B6122002199540B4B6322002199547E
:10B10000094B622201219954BA19084B1100180009
:10B1100000F02CFE012000F0D3FCBB191B781800B6
:10B12000BD4605B0F0BDC0461822002070220020A8
:10B13000B0B588B000AFC023DB051800FFF70AFCEC
:10B14000C023DB051800FFF714FC314B1800FFF794
:10B150003BFC304B6122002199542E4B622200218E
:10B1600099542C4B632200219954EFF31083BB6058
:10B17000BB68BB6172B6C046264B9C6DDD6D00F0AE
:10B180009DF802000B00A41A9D4122002B002149CA
:10B190008420095C39600021796038687968121A66
:10B1A0008B413A617B61BB69FB60FB6883F310886C
:10B1B000C0467B69002B0CDC7B69002B02D13B690C
:10B1C000002B06D1172308229B18DB1901221A70C5
:10B1D00015E07B69002B0CDC7B69002B02D13B69FD
:10B1E0000E2B06D8172308229B18DB1902221A708F
:10B1F00005E0172308229B18DB1900221A70172379
:10B2000008229B18DB191B781800BD4608B0B0BD9A
:10B21000001800601822002080B584B000AFEFF362
:10B2200010833B603B68FB6072B6C0460E4B180053
:10B23000FFF721FC0300BB60BB689A1CC023DB0541
:10B2400011001800FFF7A4FBC023DB051800FFF76F
:10B2500071FBFB687B607B6883F31088C046C04647
:10B26000BD4604B080BDC0460018006080B500AF88
:10B27000C046BD4680BD000080B500AF034B6322D1
:10B2800000219954C046BD4680BDC046182200200A
:10B2900080B582B000AF7860064BDB691900064AC2
:10B2A0007B681800F4F70CFF03001800BD4602B0DD
:10B2B00080BDC046182200203506000080B582B04F
:10B2C00000AF3A1D054B1100180000F0D9FA02003A
:10B2D0000B0010001900BD4602B080BD18220020EE
:10B2E00090B587B000AFF8603A607B603A687B68E1
:10B2F000F968080000F066FA020017243B191A707A
:10B30000012000F0DDFB3B191B781800BD4607B09B
:10B3100090BD000090B589B000AF7860284B8C22BA
:10B320009B587A681100180000F0F6FB0300FB61DF
:10B330000F217B1800221A707B6800221A73204BA1
:10B340008C229B58FA699A4231D00C007A18FB691A
:10B350001100180000F0FCFA0200194B8C215A5021
:10B360003B191B78002B26D0EFF310837B617B69A0
:10B37000BB6172B6C046124B91229B5C0133104AEE
:10B380009221525C934203D10D4B91229B5C04E0CD
:10B390000B4B91229B5C0133DBB2094A9121535440
:10B3A000BB693B613B6983F31088C04603E0044BF3
:10B3B0008C21FA695A50C046BD4609B090BDC046BE
:10B3C0001822002080B582B000AF00237B607B682C
:10B3D000134B1800FFF718FB124B91229B5C0133B3
:10B3E000104A9221525C934203D10E4B91229B5CF6
:10B3F00004E00C4B91229B5C0133DBB2094A9121A2
:10B400005354074B1800FFF777FB054B1800FFF765
:10B4100081FB03007B60C046BD4602B080BDC046D4
:10B42000001800601822002080B500AFC0460B4B0A
:10B430001800FFF7B9FB031EF9D0084B17211800BD
:10B44000FFF779FB064B180000F01EF8054BDA6990
:10B45000044B1A62C046BD4680BDC0460010006065
:10B46000282200201822002080B500AF054B1800CC
:10B47000FFF78CFB034B1800FFF769FBC046BD4686
:10B4800080BDC0460010006080B582B000AF78601B
:10B49000FFF7EAFFC046074B1800FFF785FB031EC6
:10B4A000F9D07B68180000F007F8C046BD4602B02E
:10B4B00080BDC0460010006080B58AB000AF7860E3
:10B4C0002E4B1800FFF74EFB03007B6205E02B4B71
:10B4D0001800FFF747FB03007B62284B1800FFF7BB
:10B4E00041FB02007B6A9A42F1D17B6A002BEED0CD
:10B4F000234BFB617B6A1B12BB617B6AFF221340FB
:10B500007B61FB69BA695A437B69F9694B431B123A
:10B51000D31810335A117B68DA607A6A7B681A6034
:10B52000184B3B61154B1800FFF726FB03003B62ED
:10B5300005E0124B1800FFF71FFB03003B620F4BA7
:10B540001800FFF719FB02003B6A9A42F1D13B6AEF
:10B55000002BEED03B6A9B11FB60FB683A695343BA
:10B56000BB60BB6880331A127B689A603A6A7B685A
:10B570005A60C046BD460AB080BDC046001000609B
:10B58000F6BC08005307000090B585B000AF7860A6
:10B590000A00FB1C1A70384B9B7BDBB2002B00DAD5
:10B5A0000733DB10DAB20F243B1901321A707B68C3
:10B5B0009B691900314B1A001B20F4F781FD020032
:10B5C0002D4BD2B25A712C4B9B79DBB2180000F094
:10B5D0006DF80300D9B27B683D229954264B1B7A43
:10B5E000DBB21A003B191B78D318180000F05EF884
:10B5F0000300D9B27B68382299541F4B5B7ADBB2C7
:10B600001A003B191B78D318180000F04FF80300FC
:10B61000D9B27B6839229954174B9B7ADBB2180058
:10B6200000F044F80300D9B27B683A229954124BD7
:10B63000DB7ADBB2180000F039F80300D9B27B687E
:10B640003B229954FB1C1B78002B10D00A4B1B7A11
:10B65000DBB21A003B191B78D318180000F010F861
:10B660000300DBB21B33D9B27B683C229954C0463D
:10B67000BD4605B090BDC046C000002026030000B6
:10B6800080B584B000AF78607B6868225343FB606C
:10B690007B68DB225343BB60FB681A0ABB681B0C48
:10B6A000D3181800BD4604B080BD0000B0B588B006
:10B6B00000AFF86015494969396000217960F9687F
:10B6C0000A0000210B0038687968F4F779FF02005E
:10B6D0000B001000190002000B0092185B411218B9
:10B6E0004B41BA61FB61BA69FB698020C00400214B
:10B6F00012184B415901D40E0C43DD0E23007B611F
:10B700007B691800BD4608B0B0BDC04618220020B5
:10B7100080B584B000AF02003960BB1D1A80BB1D2C
:10B720001B8839680E4A1800F4F7CAFC0300FB6056
:10B73000FA6880235B019A4201DB0A4BFB60FB68DD
:10B740000F2B01DC1023FB60FB681B11DBB2064AE8
:10B7500019001000FFF768F9C046BD4604B080BD6F
:10B7600026030000FF0F000000180060B0B582B093
:10B7700000AF7860114B1B7B01225340DBB2002BE2
:10B7800008D00E4B1B78002B01D0FFF76DFE0B4B42
:10B7900001221A73FFF792FD02000B000749896826
:10B7A0000C0000210D0012196B410549080000F042
:10B7B00009F8C046BD4602B0B0BDC0461822002000
:10B7C0005822002090B589B000AFF8603A607B60E5
:10B7D0001323FB1800221A70FB681B7B002B01D07F
:10B7E000012347E0F9683A687B680A604B60FB68B0
:10B7F00001221A73214B8C229B58FA681100180001
:10B8000000F02EF90200FB68934230D113243A195C
:10B81000FB681100180000F09BF80200174B8C2108
:10B820005A503B191B78002B21D0EFF31083BB61DA
:10B83000BB69FB6172B6C046104B91229B5C013321
:10B840000E4A9221525C934203D10C4B91229B5C95
:10B8500004E00A4B91229B5C0133DBB2074A912141
:10B860005354FB697B617B6983F31088C0461323C3
:10B87000FB181B781800BD4609B090BD18220020A7
:10B88000B0B58AB000AFF860B960EFF310837B61A8
:10B890007B69FB6172B6C046FB681A6F5B6F3A62E8
:10B8A0007B62294B1800FFF7E6F80200BB681A60BC
:10B8B000BB681A68FB6880215B58D31ABB61FB68C0
:10B8C000DB691900214ABB691800F4F7F9FB030092
:10B8D0003B6000237B603A6A7B6A3868796812189B
:10B8E0004B413A627B62FB689A6FDB6F796A9942DF
:10B8F00005D3796A994215D1396A914212D2FB680F
:10B90000DB691900114A01235B421800F4F7D8FBE8
:10B9100003001C0000231D003A6A7B6A12196B4168
:10B920003A627B62F9683A6A7B6A8A67CB67FB692D
:10B930003B613B6983F31088C0463A6A7B6A10001A
:10B940001900BD460AB0B0BD001800603506000001
:10B95000B0B58AB000AF786039607B687B627B6885
:10B960003B623B6800221A7033E07B6A1B7B002B32
:10B970002CD0EFF31083FB60FB68FB6172B6C0460E
:10B980007B6A1C685D68FFF799FC02000B00A41A33
:10B990009D4122002B003A617B617B69002B05DC15
:10B9A0007B69002B08D13B69002B05D03B69012145
:10B9B000180000F01DF802E03B6801221A70FB69D4
:10B9C000BB60BB6883F31088C04605E07B6A1B69D7
:10B9D0007B627B6A002BC8D13B681B78002B01D0AF
:10B9E0003B6A00E07B6A1800BD460AB0B0BD0000AB
:10B9F00080B584B000AF78600A00FB1C1A70154B4C
:10BA00009B691900144A7B681800F4F759FB03007E
:10BA10007B607B68202B00D220237B600F4B1800BB
:10BA2000FFF729F80300FB607A68FB68D318083336
:10BA30000A4A19001000FFF712F8084B1800FFF728
:10BA400024F8064B1800FEF7CFFFFB681800BD4630
:10BA500004B080BD182200202603000000180060FA
:10BA600080B586B000AF786039607B687B61002369
:10BA70003B617B68FB6004E07B693B617B691B6920
:10BA80007B617B69002B0AD07B691A685B68396827
:10BA9000086849689942EFD801D19042ECD83B68D8
:10BAA0007A691A613B69002B02D13B68FB6002E0B6
:10BAB0003B693A681A61FB681800BD4606B080BD54
:10BAC00080B582B000AF0200FB1D1A70FB1D1B7811
:10BAD000002B10D00E4B90229B5C01225340DBB216
:10BAE000002B10D00B4B1800FFF740FE084B9022A4
:10BAF0000121995407E0074B1800FFF70BFC044B9A
:10BB0000902200219954C046BD4602B080BDC04677
:10BB1000182200205822002080B586B000AF78603F
:10BB200039607B687B6100233B617B68FB6004E0DC
:10BB30007B693B617B691B697B617B69002B03D05F
:10BB40007A693B689A42F3D17B69002B0BD07A6902
:10BB50007B689A4203D17B691B69FB6003E07B69C8
:10BB60001A693B691A61FB681800BD4606B080BDC2
:10BB7000B0B588B000AF786039607B68FB610023A6
:10BB8000BB617B687B613B687A681A6000233B611C
:10BB900021E0FB691B7B002B15D0FB691C685D68ED
:10BBA000FFF78CFB02000B00A41A9D4122002B0022
:10BBB000BA60FB60FB68002B11DCFB68002B02D134
:10BBC000BB68052B0BD8FB69BB61FB691B69FB617B
:10BBD0003B6901333B61FB69002BDAD100E0C046D1
:10BBE0003B69002B05D0BB6900221A61FB697B61B0
:10BBF00002E03B6800221A607B691800BD4608B06D
:10BC0000B0BD000080B590B000AF284B1B78002B72
:10BC100037D03B001800FFF74FFC244B9B6E9AB2C5
:10BC20003B009B6819001000FFF772FDEFF31083D3
:10BC30003B633B6BBB6372B6C0461C4B3422012195
:10BC400099543B005A68194B5A613B009A68174B4C
:10BC50009A613B001A68154B1A613B00DA68134B76
:10BC6000DA61124B180000F023F8BB6B7B637B6B2F
:10BC700083F31088C0460D4B00211800FFF784FCA9
:10BC800010E0EFF31083BB62BB6AFB6372B6C04681
:10BC9000064B180000F00CF8FB6BFB62FB6A83F3A9
:10BCA0001088C046C046BD4610B080BD1822002096
:10BCB000B0B588B000AF78612A4B1800FEF7DBFE04
:10BCC0000300FB617B691B6ABB617B699C6ADD6A5F
:10BCD0007B6980229B58FA69D31A234AB9691800F4
:10BCE000F4F7EEF90300BB600023FB60BA68FB6861
:10BCF00012196B4179690A674B677B691B78002BC6
:10BD00001DD17B6980229B58FA69D21A7B691B6B13
:10BD10009A4214D2144AB96901235B421800F4F71D
:10BD2000CFF901007B691A6F5B6F39600021796080
:10BD30003868796812184B4179690A674B677B69E3
:10BD40008021FA695A507B691A6F5B6F79698A6240
:10BD5000CB627B69DA697B691A62C046BD4608B06E
:10BD6000B0BDC0460018006035060000B0B58AB00E
:10BD700000AF786039603B6800221A707B689B7A5C
:10BD8000002B00D170E03A4B9A6ADB6A3849496867
:10BD90000C0000210D0012196B413A627B62EFF337
:10BDA0001083FB60FB68FB6172B6C046FFF786FA42
:10BDB00002000B003A617B617B681A685B68386A35
:10BDC000796AC824A402002500196941994212D851
:10BDD00001D190420FD83A6A7B6AB9204000002115
:10BDE00012184B417969994205D87969994235D140
:10BDF0003969914232D97B681A685B684C204042AD
:10BE0000C117801859413A697B690A240025121923
:10BE10006B41994202D81AD1904218D97B681A68AE
:10BE20005B6810007B68197B7B681B7A1A0000F046
:10BE300021F803001A003B681A707B6800229A728E
:10BE40007B6801225A727B680122DA7206E0084B95
:10BE50006222002199543B6801221A70FB69BB6081
:10BE6000BB6883F31088C046C046BD460AB0B0BD6B
:10BE70001822002080B58AB000AF78600800110059
:10BE8000FB1C021C1A70BB1C0A1C1A70FB1C1B78C2
:10BE9000002B15D0BB1C1B78002B08D0674B382219
:10BEA0009B5C3B62654B3C229B5CFB611DE0634BF2
:10BEB00039229B5C3B62614B3C229B5CFB6114E042
:10BEC000BB1C1B78002B08D05C4B3A229B5C3B626E
:10BED0005A4B3C229B5CFB6107E0584B3B229B5C2E
:10BEE0003B62564B3C229B5CFB610C23FA18534B84
:10BEF00011001800FFF7C4FC02000B007B689B1ABE
:10BF00007B614E4B9B6919004D4A7B691800F4F721
:10BF1000D7F803003B61494B9A6EFB69D318C833CD
:10BF20007A699A422FD9474B5B79DBB21A003B6999
:10BF30009A1A3B6AD31A7B62FA687B6AD318424A20
:10BF400019001000FEF77FFD3F4B00211800FEF79F
:10BF5000ABFDC023DB051800FEF7FCFCC023DB05AE
:10BF60001800FEF706FD384B1800FEF71DFD364B96
:10BF70001800FEF78AFD334B5B79DBB21A003B6A8F
:10BF80009B183B6221E02D4B3D229B5C1A003B69D4
:10BF90009A1A3B6AD31A7B62FA687B6AD218C0236A
:10BFA000DB0511001800FEF7F3FC274B1800FEF725
:10BFB0000BFDC023DB051800FEF7BCFC1F4B3D2228
:10BFC0009B5C1A003B6A9B183B62FA683B69D2187B
:10BFD0001A4B88215A507A6A3B6AD2183B6A053359
:10BFE0009A4212D2C023DB051800FEF7B3FCC0232F
:10BFF000DB051800FEF7BDFC134B1800FEF7E4FC50
:10C000001B23FB1801221A7010E00C4BDB6919008E
:10C010000E4A3B6A1800F4F753F80300D9B2074BF5
:10C02000842299541B23FB1800221A701B23FB182F
:10C030001B781800BD460AB080BDC04618220020FB
:10C0400026030000C0000020001800603506000034
:10C05000B0B584B000AF786039600823FA18124B8D
:10C0600011001800FFF70CFC02000B0039680A6091
:10C070004B60BA687B68D01A0B4BDB6919000B4B1D
:10C080001A00F4F71DF80300FB603B681A685B6850
:10C09000F9680C0000210D00121BAB4110001900C3
:10C0A000BD4604B0B0BDC0461822002035060000D1
:10C0B00080B500AFFFF786F905F0B0F9C046BD4680
:10C0C00080BD80B582B000AF00237B607B68C02359
:10C0D000DB055A6FC023DB0501210A435A67C023E1
:10C0E000DB055B6F7B60C046BD4602B080BD0000D3
:10C0F00080B582B000AF7860084B9A6A7B68D943FC
:10C10000064B0A409A62054BDA6A7B68D943034BB7
:10C110000A40DA62C046BD4602B080BD0000504809
:10C1200080B500AF044B1A68034B802149020A43D3
:10C130001A60C046BD4680BD0000404880B500AFD3
:10C14000044B1A68034B04490A401A60C046BD46B6
:10C1500080BDC04600004048FFFFFEFF80B500AF35
:10C16000074B1A6880239B021A4080239B029A4245
:10C1700001D1012300E000231800BD4680BDC04668
:10C180000000404880B582B000AF78600B4A982329
:10C19000D3580B4A1A407B681B0208491343982264
:10C1A0008B50064A9823D35804498022134398227F
:10C1B0008B50C046BD4602B080BDC046000040481E
:10C1C000FFC0FFFF80B582B000AF7860074A9823B8
:10C1D000D358702293431A0004497B681343982272
:10C1E0008B50C046BD4602B080BDC04600004048EE
:10C1F00080B500AF074B9A68064B04218A439A60CA
:10C20000044B9A68034B02218A439A60C046BD469C
:10C2100080BDC0460000404880B500AF074B9A681B
:10C22000064B02210A439A60044B9A68034B04218F
:10C230000A439A60C046BD4680BDC04600004048E3
:10C2400080B500AF074B1A688023DB001A408023BB
:10C25000DB009A4201D1012300E000231800BD4613
:10C2600080BDC0460000404880B582B000AFC046E7
:10C270000F4B1A6880239B021340F9D00C4B9A682D
:10C280000B4B02210A439A6000237B6003E0C04607
:10C290007B6801337B607B68052BF8DD044B9A6873
:10C2A000034B04210A439A60C046BD4602B080BDDC
:10C2B0000000404880B582B000AF7860064B9B68B4
:10C2C000064A13401900044B7A680A439A60C04634
:10C2D000BD4602B080BDC04600004048FF7FFEFF63
:10C2E00080B500AF044B1A68034B10210A431A6053
:10C2F000C046BD4680BDC0460000404880B500AF86
:10C30000044B1A68034B10218A431A60C046BD468D
:10C3100080BDC0460000404880B500AF054B1B689B
:10C3200020221340202B01D1012300E0002318001C
:10C33000BD4680BD0000404880B500AF044B1A6880
:10C34000034B40210A431A60C046BD4680BDC0462B
:10C350000000404880B500AF044B1A68034B4021F1
:10C360008A431A60C046BD4680BDC04600004048B2
:10C3700080B500AF054B1B6840221340402B01D114
:10C38000012300E000231800BD4680BD00004048A6
:10C3900080B582B000AF7860064BDB6860229343C3
:10C3A0001900044B7A680A43DA60C046BD4602B001
:10C3B00080BDC0460000404880B500AF044B1A68FD
:10C3C000034B04210A431A60C046BD4680BDC046E7
:10C3D0000000404880B500AF044B1A68034B0421AD
:10C3E0008A431A60C046BD4680BDC0460000404832
:10C3F00080B500AF054B1B6808221340082B01D104
:10C40000012300E000231800BD4680BD0000404825
:10C4100080B500AF044B1A68034B802189010A43A1
:10C420001A60C046BD4680BD0000404880B500AFE0
:10C43000044B1A68034B04490A401A60C046BD46C3
:10C4400080BDC04600004048FFDFFFFF80B500AF61
:10C45000074B1A688023DB011A408023DB019A42D4
:10C4600001D1012300E000231800BD4680BDC04675
:10C470000000404880B582B000AF7860064B9B68F2
:10C48000E02293431900044B7A680A439A60C0463D
:10C49000BD4602B080BDC0460000404880B584B0B3
:10C4A00000AF78607B68002B01D101233CE17B6801
:10C4B0001B681022134033D07B689B68002B02D18D
:10C4C000FFF796FE01E0FFF7A7FE7B689B68042B51
:10C4D00013D1FAF7A5FE0300FB6008E0FAF7A0FE0F
:10C4E0000200FB68D31A642B01D903231CE1FFF778
:10C4F000A7FE0300012BF1D012E0FAF791FE030032
:10C50000FB6008E0FAF78CFE0200FB68D31A642B8C
:10C5100001D9032308E1FFF793FE0300012BF1D1BA
:10C520007B681B680122134039D02020FFF72AFEC8
:10C530003020FFF747FE7B685A6880235B029A42EF
:10C5400002D1FFF7EDFD01E0FFF7F8FD7B685B68C6
:10C55000002B12D0FAF764FE0300FB6008E0FAF744
:10C560005FFE0200FB68D31A642B01D90323DBE0D2
:10C57000FFF7F4FD031EF2D011E0FAF751FE0300BD
:10C58000FB6008E0FAF74CFE0200FB68D31A642B4C
:10C5900001D90323C8E0FFF7E1FD031EF2D17B6858
:10C5A0001B68042213403AD07B681B69002B22D001
:10C5B000FFF710FFC046FFF71BFF031EFBD1FFF77D
:10C5C0009DFE80235B021800FFF774FEFFF7F4FE68
:10C5D000FAF726FE0300FB6008E0FAF721FE0200EE
:10C5E000FB68D31A022B01D903239DE0FFF700FF5C
:10C5F000031EF2D013E0FFF7EDFEFAF711FE030081
:10C60000FB6008E0FAF70CFE0200FB68D31A022B6D
:10C6100001D9032388E0FFF7EBFE031EF2D17B680C
:10C620001B680222134047D0FFF7D4FEFFF766FED7
:10C63000C046FFF771FE031EFBD1C0239B0118000B
:10C64000FFF756FD80231B021800FFF733FE202062
:10C65000FFF79EFE7B68DB68102B02D1FFF740FEE0
:10C6600001E0FFF74BFE7B68DB68002B12D0FAF786
:10C67000D7FD0300FB6008E0FAF7D2FD0200FB687B
:10C68000D31A642B01D903234EE0FFF745FE031EA6
:10C69000F2D011E0FAF7C4FD0300FB6008E0FAF7FE
:10C6A000BFFD0200FB68D31A642B01D903233BE0D2
:10C6B000FFF732FE031EF2D17B681B68082213408D
:10C6C00031D07B685B69402B02D1FFF735FE01E07A
:10C6D000FFF740FE7B685B69002B12D0FAF7A0FDE4
:10C6E0000300FB6008E0FAF79BFD0200FB68D31A29
:10C6F000642B01D9032317E0FFF73AFE031EF2D0A3
:10C7000011E0FAF78DFD0300FB6008E0FAF788FD01
:10C710000200FB68D31A642B01D9032304E0FFF75E
:10C7200027FE031EF2D100231800BD4604B080BDD1
:10C7300080B584B000AF786039607B68002B01D190
:10C74000012398E04E4B5B683022934319004C4B19
:10C750003A680A435A607B681B68022B0ED1FFF7C8
:10C7600047FDFFF76DFD031E01D1012383E0FFF7B5
:10C770005DFE7B685B681800FFF77CFE7B681B68CA
:10C78000002B24D1FFF75CFD031E01D1012372E0D1
:10C79000FFF7E4FC031E01D101236CE0FFF738FE34
:10C7A000FAF73EFD0300FB6008E0FAF739FD0200EE
:10C7B000FB68D31A022B01D903235CE0FFF746FE86
:10C7C000031EF2D07B685B681800FFF753FE7B689E
:10C7D0001B68012B17D1FFF747FDFFF731FD031E43
:10C7E00001D0012347E0FFF7B9FC031E01D101236B
:10C7F00041E0244B9B68E022934319007B685A6810
:10C80000204B0A439A601E4B5B68302213403A6803
:10C810009A421DD01A4B5B68302293431900184B83
:10C820003A680A435A60FAF7FBFC0300FB6008E031
:10C83000FAF7F6FC0200FB68D31A022B01D9032396
:10C8400019E00F4B5B68302213403A689A42EFD1EF
:10C850000023BB6003E0C046BB680133BB60BB681C
:10C86000052BF8DDFAF7E6FAFAF7E4FC0300180006
:10C87000FAF77CFC03001800BD4604B080BDC0463A
:10C88000001000400000404880B500AF024B1B681C
:10C890001800BD4680BDC0461C27002080B500AFF3
:10C8A000074B1A6880239B021A4080239B029A42FE
:10C8B00001D1012300E000231800BD4680BDC04621
:10C8C0000000404880B500AF054B9B68082213402C
:10C8D000082B01D1012300E000231800BD4680BDD4
:10C8E0000000404880B582B000AF7860064B9B687E
:10C8F000064A13401900044B7A680A439A60C046FE
:10C90000BD4602B080BDC04600004048FF7FFEFF2C
:10C9100080B500AF034B9A68C0235B021340180038
:10C92000BD4680BD0000404880B582B000AF786051
:10C93000064B1B6E042293431900044B7A680A438A
:10C940001A66C046BD4602B080BDC04600004048E1
:10C9500080B500AF034B1B6E042213401800BD4688
:10C9600080BDC0460000404880B582B000AF78600E
:10C97000064B9B68064A13401900044B7A680A4329
:10C980009A60C046BD4602B080BDC0460000404827
:10C99000FFEFFFFF80B500AF034B9A6880235B0178
:10C9A00013401800BD4680BD0000404880B582B0ED
:10C9B00000AF7860064B9B68064A13401900044B91
:10C9C0007A680A439A60C046BD4602B080BDC04640
:10C9D00000004048FFDFFFFF80B500AF034B9A68BF
:10C9E00080239B0113401800BD4680BD00004048D5
:10C9F00080B582B000AF7860064B9B68064A134052
:10CA00001900044B7A680A439A60C046BD4602B0DA
:10CA100080BDC04600004048FFFF3FFF80B500AF2B
:10CA2000034B9A68C0231B0413401800BD4680BD09
:10CA30000000404880B500AF074B1A688023DB0137
:10CA40001A408023DB019A4201D1012300E0002338
:10CA50001800BD4680BDC0460000404880B582B089
:10CA600000AF78607B681B680122134004D07B68AC
:10CA70001B691800FFF758FF7B681B6802221340F0
:10CA800004D07B685B691800FFF76EFF7B681B684A
:10CA90000822134004D07B685B681800FFF7A8FFEA
:10CAA0007B681B681022134004D07B68DB68180089
:10CAB000FFF77CFF7B689B682022134004D07B68D3
:10CAC0009B681800FFF70EFF00231800BD4602B058
:10CAD00080BD000080B584B000AF78600023FB60AB
:10CAE0007B68202B00D97BE07B689A00404BD318F1
:10CAF0001B689F46FFF72CFF031E02D0042B03D0B8
:10CB000071E03C4BFB6002E03B4BFB60C0466AE0DF
:10CB1000FFF740FF031E04D080225201934203D04E
:10CB200061E0364BFB6002E0354BFB60C0465AE0EB
:10CB3000FFF7C8FE031E05D0FFF7B0FE031E07D1A6
:10CB4000002351E0FFF776FF031E01D100234BE0E5
:10CB5000FFF764FF0300BB60BB68002B01D1264BCD
:10CB6000FB60BA688023DB039A4201D1214BFB6052
:10CB7000BA6880231B049A4234D1224BFB6031E017
:10CB8000FFF72AFF020080239B019A4203D18023F2
:10CB90001B02FB6002E0184BFB60C04623E0FFF77E
:10CBA000B7FE0300C0225202934214D0C0225202A8
:10CBB000934213D880221202934204D08022520260
:10CBC000934204D00AE080231B02FB6007E0FA23B3
:10CBD000DB01FB6003E00C4BFB6000E0C04602E0C1
:10CBE000C04600E0C046FB681800BD4604B080BDEA
:10CBF000D88D06100048E8010024F40000127A00E5
:10CC000000093D000090D003127A000080B582B088
:10CC100000AF78607B68002B01D101232DE07B6899
:10CC20005B7ADBB2002B06D17B6800221A727B682C
:10CC30001800F9F789FE7B6802225A727B681B682C
:10CC400000221A607B681B681B6808229343190046
:10CC50007B685A687B681B680A431A607B681B689C
:10CC60001A687B681B6804218A431A607B6801226A
:10CC70005A727B680022DA6000231800BD4602B0B9
:10CC800080BD80B584B000AF786039600F23FB1899
:10CC900000221A707B681B7A012B01D1022349E024
:10CCA0007B6801221A727B685B7ADBB2012B34D17C
:10CCB0007B6802225A72FAF7B3FA0300BB6018E0ED
:10CCC000FAF7AEFA0200BB68D31A022B11D97B68BF
:10CCD0001B685B6801221340012B0AD07B6801228C
:10CCE0005A727B680222DA607B6800221A72012382
:10CCF00020E07B681B685B6801221340012BDFD1B9
:10CD00007B681B689A687B681A617B681A693B6854
:10CD10001A607B6801225A7206E07B680422DA609E
:10CD20000F23FB1801221A707B6800221A720F234E
:10CD3000FB181B781800BD4604B080BD80B582B0DA
:10CD400000AF78607B68002B01D1012336E07B685F
:10CD500035229B5CDBB2002B07D17B68342200219B
:10CD600099547B681800F9F703FE7B68352202218D
:10CD700099547B681A687B6804331900100000F02E
:10CD800039FA7B683B22012199547B6836220121C4
:10CD900099547B683722012199547B6838220121FC
:10CDA00099547B683922012199547B683A220121E8
:10CDB00099547B6835220121995400231800BD46FF
:10CDC00002B080BD80B584B000AF78607B6835224A
:10CDD0009B5CDBB2012B01D0012330E07B68352264
:10CDE000022199547B681B68DA687B681B68012103
:10CDF0000A43DA607B681B68134A934216D17B684A
:10CE00001B689B68114A1340FB60FB68062B15D01A
:10CE1000FA6880235B029A4210D07B681B681A680C
:10CE20007B681B6801210A431A6007E07B681B6866
:10CE30001A687B681B6801210A431A6000231800E6
:10CE4000BD4604B080BDC046002000400700010080
:10CE500080B584B000AF78607B681B68DB68FB60DE
:10CE60007B681B681B69BB60BB680222134021D032
:10CE7000FB68022213401DD07B681B6803225242CC
:10CE80001A617B6801221A777B681B689B69032201
:10CE9000134004D07B68180000F094F907E07B6829
:10CEA000180000F087F97B68180000F093F97B68A0
:10CEB00000221A77BB680422134022D0FB680422A8
:10CEC00013401ED07B681B68052252421A617B68A2
:10CED00002221A777B681B689A69C0239B00134063
:10CEE00004D07B68180000F06DF907E07B6818003B
:10CEF00000F060F97B68180000F06CF97B68002294
:10CF00001A77BB680822134021D0FB68082213401F
:10CF10001DD07B681B68092252421A617B6804227B
:10CF20001A777B681B68DB690322134004D07B6897
:10CF3000180000F047F907E07B68180000F03AF9A4
:10CF40007B68180000F046F97B6800221A77BB68FE
:10CF50001022134022D0FB68102213401ED07B68A1
:10CF60001B68112252421A617B6808221A777B687B
:10CF70001B68DA69C0239B00134004D07B6818004B
:10CF800000F020F907E07B68180000F013F97B68D7
:10CF9000180000F01FF97B6800221A77BB68012295
:10CFA00013400CD0FB680122134008D07B681B683B
:10CFB000022252421A617B68180000F0F3F8BB6845
:10CFC000802213400CD0FB688022134008D07B687D
:10CFD0001B68812252421A617B68180000F008FA2F
:10CFE000BB68402213400CD0FB684022134008D09D
:10CFF0007B681B68412252421A617B68180000F06E
:10D00000F1F8BB68202213400CD0FB6820221340AB
:10D0100008D07B681B68212252421A617B68180085
:10D0200000F0DEF9C046BD4604B080BD80B584B0D6
:10D0300000AF786039600F23FB1800221A707B68FC
:10D0400034229B5C012B01D10223A2E07B683422B5
:10D05000012199547B683522022199547B681B6811
:10D060009B68BB60BB684D4A1340BB60BB684C4AC1
:10D070001340BB607B681B68BA689A603B681B689A
:10D080008022920193422FD080229201934200D9B4
:10D090006EE080225201934200D16EE08022520164
:10D0A000934265D8702B08D062D8602B40D05FD8EF
:10D0B000402B4DD0502B2BD05AE07B6818683B6832
:10D0C00099683B685A683B68DB6800F069F97B68DF
:10D0D0001B689B68BB60BB6877221343BB607B689F
:10D0E0001B68BA689A6049E07B6818683B68996871
:10D0F0003B685A683B68DB6800F052F97B681B6844
:10D100009A687B681B688021C9010A439A6035E0F0
:10D110007B6818683B6859683B68DB681A0000F058
:10D12000C5F87B681B685021180000F01FF925E046
:10D130007B6818683B6859683B68DB681A0000F038
:10D14000E3F87B681B686021180000F00FF915E018
:10D150007B6818683B6859683B68DB681A0000F018
:10D16000A5F87B681B684021180000F0FFF805E077
:10D170000F23FB1801221A7000E0C0467B6835229D
:10D18000012199547B683422002199540F23FB1804
:10D190001B781800BD4604B080BDC04688FFFEFF66
:10D1A000FF00FFFF80B582B000AF7860C046BD468B
:10D1B00002B080BD80B582B000AF7860C046BD4689
:10D1C00002B080BD80B582B000AF7860C046BD4679
:10D1D00002B080BD80B582B000AF7860C046BD4669
:10D1E00002B080BD80B582B000AF7860C046BD4659
:10D1F00002B080BD80B584B000AF786039607B68D4
:10D200001B68FB607B68254A934208D1FB6870224B
:10D210009343FB603B685B68FA681343FB607B6881
:10D220001E4A934207D07B681D4A934203D07B6815
:10D230001C4A934208D1FB681B4A1340FB603B68C1
:10D24000DB68FA681343FB60FB68802293431A0093
:10D250003B685B691343FB607B68FA681A603B6854
:10D260009A687B68DA623B681A687B689A627B68B6
:10D270000A4A934207D07B68094A934203D07B68ED
:10D28000084A934203D13B681A697B681A637B683A
:10D2900001225A61C046BD4604B080BD0020004056
:10D2A0000050004000600040FFFCFFFF80B586B0EA
:10D2B00000AFF860B9607A60FB681B6A7B61FB684D
:10D2C0001B6A012293431A00FB681A62FB689B6980
:10D2D0003B613B69F02293433B617B681B013A69E8
:10D2E00013433B617B690A2293437B617A69BB6884
:10D2F00013437B61FB683A699A61FB687A691A6239
:10D30000C046BD4606B080BD80B586B000AFF860AF
:10D31000B9607A60FB681B6A7B61FB681B6A10223C
:10D3200093431A00FB681A62FB689B693B613B6987
:10D330000D4A13403B617B681B033A6913433B6111
:10D340007B69A02293437B61BB681B017A6913430D
:10D350007B61FB683A699A61FB687A691A62C04628
:10D36000BD4606B080BDC046FF0FFFFF80B584B04C
:10D3700000AF786039607B689B68FB60FB68702257
:10D380009343FB603A68FB68134307221343FB6037
:10D390007B68FA689A60C046BD4604B080BD000054
:10D3A00080B586B000AFF860B9607A603B60FB681A
:10D3B0009B687B617B69094A13407B613B681A0269
:10D3C0007B681A43BB6813437A6913437B61FB682C
:10D3D0007A699A60C046BD4606B080BDFF00FFFF77
:10D3E00080B582B000AF7860C046BD4602B080BD57
:10D3F00080B582B000AF7860C046BD4602B080BD47
:10D4000080B582B000AF78607B68002B01D101232A
:10D4100055E07B6888229B58002B16D17B688422BC
:10D42000002199547B68180000F09EF87B68C422A4
:10D430009B58002B03D17B68C421234A5A507B6838
:10D44000C4229B587A68100098477B688822242160
:10D4500099507B681B681A687B681B6801218A43A6
:10D460001A607B689B6A002B03D07B68180000F071
:10D4700033FA7B68180000F0C7F80300012B01D1D4
:10D4800001231CE07B681B685A687B681B680F4996
:10D490000A405A607B681B689A687B681B682A216F
:10D4A0008A439A607B681B681A687B681B68012145
:10D4B0000A431A607B68180000F0C2FA03001800E3
:10D4C000BD4602B080BDC04649670410FFB7FFFFEC
:10D4D00080B582B000AF7860C046BD4602B080BD66
:10D4E00080B582B000AF7860C046BD4602B080BD56
:10D4F00080B582B000AF7860C046BD4602B080BD46
:10D5000080B582B000AF7860C046BD4602B080BD35
:10D5100080B582B000AF7860C046BD4602B080BD25
:10D5200080B582B000AF7860C046BD4602B080BD15
:10D5300080B582B000AF7860C046BD4602B080BD05
:10D5400080B582B000AF7860C046BD4602B080BDF5
:10D5500080B582B000AF78600A00BB1C1A80C0465C
:10D56000BD4602B080BD000080B582B000AF7860DB
:10D570007B689421184A5A507B689821174A5A5060
:10D580007B689C21164A5A507B68A021154A5A5044
:10D590007B68A421144A5A507B68A821134A5A5028
:10D5A0007B68AC21124A5A507B68B021114A5A500C
:10D5B0007B68B421104A5A507B68B8210F4A5A50F0
:10D5C0007B68BC210E4A5A507B68C0210D4A5A50D4
:10D5D000C046BD4602B080BDE1D40410D1D40410D1
:10D5E00001D50410F1D4041011D5041021D5041074
:10D5F00031D5041041D5041041DD041051DD041073
:10D6000061DD041051D50410B0B590B000AF786260
:10D610001B2320229B18DB1900221A707B6A9A6850
:10D620007B6A1B691A437B6A5B691A437B6ADB6905
:10D630001343FB637B6A1B681B68A14A13401900F4
:10D640007B6A1A68FB6B0B4313607B6A1B685B6821
:10D650009C4A134018007B6AD9687B6A1A680300E9
:10D660000B4353607B6A9B69FB637B6A1B68964A2A
:10D67000934204D07B6A1B6AFA6B1343FB637B6A99
:10D680001B689B68914A134019007B6A1A68FB6B00
:10D690000B4393607B6A1B68DB6A0F22934318007D
:10D6A0007B6A596A7B6A1A6803000B43D3627B6A00
:10D6B0001B68854A93426DD11020FFF70BFA0300D7
:10D6C0007B637B6B002B00D1E3E07B6A5A6A804B63
:10D6D0005200D35A1900786BF2F7B2FD0300BB6217
:10D6E0007B6A5A6813005B009B18BA6A9A4205D39A
:10D6F0007B6A5B681B03BA6A9A4206D91B23202205
:10D700009B18DB1901221A70C3E07B6BBB610023FD
:10D71000FB617B6A5A6A6E4B5200D35A3B6100230D
:10D720007B613A697B69B869F969F2F729FF020000
:10D730000B00110E1D020D4314027B6A5B685B082F
:10D74000BB600023FB60B868F968001969417B6A17
:10D750005B683B6000237B603A687B68F2F710FFF0
:10D7600002000B0013003B633A6BC0239B009A42FC
:10D7700009D33A6B80235B039A4204D27B6A1B680D
:10D780003A6BDA6085E01B2320229B18DB1901220B
:10D790001A707EE07B6ADA6980231B029A4248D1C4
:10D7A0004C4B7B637B6B002B00D172E07B6A5A6A27
:10D7B000474B5200D35A1900786BF2F741FD030032
:10D7C0005A007B6A5B685B08D2187B6A5B68190049
:10D7D0001000F2F735FD03003B633B6B0F2B21D9A3
:10D7E0003A6B80235B029A421CD23B6B9AB20E20AA
:10D7F00020240319DB190F218A431A803B6B5B0835
:10D800009BB20722134099B20319DB190219D219EE
:10D8100012880A431A807B6A1B680219D21912887F
:10D82000DA6036E01B2320229B18DB1901221A70D4
:10D830002FE0284B7B637B6B002B2AD07B6A5A6AD4
:10D84000234B5200D35A1900786BF2F7F9FC03000E
:10D850001A007B6A5B685B08D2187B6A5B681900F8
:10D860001000F2F7EDFC03003B633B6B0F2B0AD972
:10D870003A6B80235B029A4205D23B6B9AB27B6A79
:10D880001B68DA6005E01B2320229B18DB190122AC
:10D890001A707B6A6A22012199527B6A68220121EF
:10D8A00099527B6A00225A677B6A00229A671B237F
:10D8B00020229B18DB191B781800BD4610B0B0BDA4
:10D8C000F369FFCFFFCFFFFF00500041FFF4FF11CE
:10D8D0005C8E06100024F40080B582B000AF786042
:10D8E0007B689B6A082213400BD07B681B685B68CF
:10D8F0004A4A134019007B689A6B7B681B680A438D
:10D900005A607B689B6A012213400BD07B681B68BE
:10D910005B68434A134019007B68DA6A7B681B68BE
:10D920000A435A607B689B6A022213400BD07B68D3
:10D930001B685B683B4A134019007B681A6B7B6865
:10D940001B680A435A607B689B6A042213400BD011
:10D950007B681B685B68344A134019007B685A6B0C
:10D960007B681B680A435A607B689B6A10221340DD
:10D970000BD07B681B689B682C4A134019007B689E
:10D98000DA6B7B681B680A439A607B689B6A20227B
:10D9900013400BD07B681B689B68254A1340190015
:10D9A0007B681A6C7B681B680A439A607B689B6A79
:10D9B000402213401DD07B681B685B681D4A1340E2
:10D9C00019007B685A6C7B681B680A435A607B6845
:10D9D0005A6C80235B039A420BD17B681B685B689F
:10D9E000154A134019007B689A6C7B681B680A43D0
:10D9F0005A607B689B6A802213400BD07B681B684F
:10DA00005B680E4A134019007B68DA6C7B681B6800
:10DA10000A435A60C046BD4602B080BDFF7FFFFF8B
:10DA2000FFFFFDFFFFFFFEFFFFFFFBFFFFEFFFFF1D
:10DA3000FFDFFFFFFFFFEFFFFFFF9FFFFFFFF7FF8E
:10DA400080B592B002AF78607B6890220021995037
:10DA5000F9F7E6FB0300FB637B681B681B68082281
:10DA60001340082B2DD1FB6B802291037868474A25
:10DA70000092002200F08EF8031E22D0EFF31083F4
:10DA80007B627B6ABB630123BB62BB6A83F3108842
:10DA9000C0467B681B681A687B681B6880218A43C4
:10DAA0001A60BB6BFB62FB6A83F31088C0467B681D
:10DAB0008822202199507B688422002199540323D5
:10DAC00060E07B681B681B6804221340042B46D16E
:10DAD000FB6B8022D10378682C4A0092002200F070
:10DAE00059F8031E3BD0EFF31083FB60FB687B63A8
:10DAF00001233B613B6983F31088C0467B681B6848
:10DB00001A687B681B6822490A401A607B6B7B613C
:10DB10007B6983F31088C046EFF31083BB61BB6958
:10DB20003B630123FB61FB6983F31088C0467B687C
:10DB30001B689A687B681B6801218A439A603B6B6B
:10DB40003B623B6A83F31088C0467B688C222021AD
:10DB500099507B68842200219954032312E07B684A
:10DB60008822202199507B688C22202199507B6843
:10DB70000022DA667B6800221A677B688422002113
:10DB8000995400231800BD4610B080BDFFFFFF016F
:10DB9000DFFEFFFF80B584B000AFF860B9603B6086
:10DBA000FB1D1A7051E0BB6901334ED0F9F738FB09
:10DBB00002003B68D31ABA699A4202D3BB69002BB0
:10DBC00001D1032351E0FB681B681B68042213404A
:10DBD0003BD0BB68802B38D0BB68402B35D0FB686E
:10DBE0001B68DB6908221340082B11D1FB681B68F6
:10DBF00008221A62FB68180000F03CF8FB689022CB
:10DC000008219950FB6884220021995401232CE0BB
:10DC1000FB681B68DA6980231B011A4080231B0103
:10DC20009A4212D1FB681B68802212011A62FB68BB
:10DC3000180000F01FF8FB68902220219950FB6823
:10DC400084220021995403230FE0FB681B68DB69E1
:10DC5000BA681340BA68D31A5A425341DBB21A0069
:10DC6000FB1D1B789A429ED000231800BD4604B0CD
:10DC700080BD000080B58EB000AF7860EFF31083F8
:10DC80007B617B697B630123BB61BB6983F3108884
:10DC9000C0467B681B681A687B681B6826490A4077
:10DCA0001A607B6BFB61FB6983F31088C046EFF35E
:10DCB00010833B623B6A3B6301237B627B6A83F395
:10DCC0001088C0467B681B689A687B681B681B4984
:10DCD0000A409A603B6BBB62BB6A83F31088C04604
:10DCE0007B68DB6E012B18D1EFF31083BB60BB6840
:10DCF000FB620123FB60FB6883F31088C0467B68EE
:10DD00001B681A687B681B6810218A431A60FB6ACB
:10DD10003B613B6983F31088C0467B688C222021DD
:10DD200099507B680022DA667B6800225A67C046F9
:10DD3000BD460EB080BDC046DFFEFFFFFEFFFFEF19
:10DD400080B582B000AF7860C046BD4602B080BDED
:10DD500080B582B000AF7860C046BD4602B080BDDD
:10DD600080B582B000AF7860C046BD4602B080BDCD
:10DD700080B584B000AF786039607B6884229B5C9A
:10DD8000012B01D102232EE07B68842201219954CA
:10DD90007B688822242199507B681B681B68FB6084
:10DDA0007B681B681A687B681B6801218A431A60BC
:10DDB0007B681B689B68DB00D9087B681B683A6836
:10DDC0000A439A607B68180000F054F87B681B686F
:10DDD000FA681A607B688822202199507B68842227
:10DDE0000021995400231800BD4604B080BD0000F6
:10DDF00080B584B000AF786039607B6884229B5C1A
:10DE0000012B01D102232FE07B6884220121995448
:10DE10007B688822242199507B681B681B68FB6003
:10DE20007B681B681A687B681B6801218A431A603B
:10DE30007B681B689B680E4A134019007B681B684F
:10DE40003A680A439A607B68180000F013F87B6810
:10DE50001B68FA681A607B688822202199507B68C9
:10DE600084220021995400231800BD4604B080BDCF
:10DE7000FFFFFFF1F0B585B000AF78607B685B6EA7
:10DE8000002B08D17B686A22012199527B686822A5
:10DE90000121995243E00F26BB1908221A700E2067
:10DEA0003B1808221A707B681B689B685B0EDAB20D
:10DEB0000D243B1907210A401A707B681B689B6878
:10DEC0005B0FDAB20C257B1907210A401A703B1848
:10DED0001B787A19127814498A5C5A4310007B190E
:10DEE0001B78124AD35C1900F2F734FA030099B296
:10DEF0007B686A229952BB191B783A1912780A4931
:10DF00008A5C5A4310003B191B78084AD35C1900FD
:10DF1000F2F720FA030099B27B6868229952C04652
:10DF2000BD4605B0F0BDC046748E06107C8E06104E
:10DF300080B588B000AF78607B681B68DB69FB61E7
:10DF40007B681B681B68BB617B681B689B687B6187
:10DF5000FB69B34A13403B613B69002B17D1FB6956
:10DF60002022134013D0BB692022134004D17A69C8
:10DF700080235B0513400AD07B689B6C002B00D18B
:10DF80004AE17B689B6C7A681000984744E13B69E2
:10DF9000002B00D100E17B69A24A134005D1BA6988
:10DFA00090235B00134000D1F6E0FB69012213408F
:10DFB0000ED0BA6980235B00134009D07B681B68D0
:10DFC00001221A627B68DB6D01221A437B68DA65E5
:10DFD000FB69022213400DD07B690122134009D056
:10DFE0007B681B6802221A627B68DB6D04221A437D
:10DFF0007B68DA65FB69042213400DD07B6901223E
:10E00000134009D07B681B6804221A627B68DB6DB1
:10E0100002221A437B68DA65FB690822134011D09B
:10E02000BB692022134003D17B697E4A134009D08B
:10E030007B681B6808221A627B68DB6D08221A4322
:10E040007B68DA65FA6980231B0113400FD0BA6937
:10E050008023DB0413400AD07B681B6880221201F6
:10E060001A627B68DB6D80221A437B68DA65FA6985
:10E0700080239B0113401AD07B690122134016D0E4
:10E080007B6859229B5CDBB2222B05D17B681B6825
:10E09000802292011A62CAE07B681B68802292018A
:10E0A0001A627B68DB6D20221A437B68DA657B6825
:10E0B000DB6D002B00D1B1E0FB692022134011D0B1
:10E0C000BB692022134004D17A6980235B05134089
:10E0D00008D07B689B6C002B04D07B689B6C7A68B3
:10E0E000100098477B68DB6D08221340FB607B685B
:10E0F0001B689B6840221340402B02D0FB68002B1A
:10E1000040D07B68180000F0ADF87B681B689B6806
:10E1100040221340402B30D17B681B689A687B6893
:10E120001B6840218A439A607B681B6D002B08D0D6
:10E130007B681B6D00229A637B681B6D1800F9F7E2
:10E1400085F97B685B6D002B12D07B685B6D364A6E
:10E150009A637B685B6D1800F9F778F9031E19D094
:10E160007B685B6D9A6B7B685B6D1800904711E074
:10E170007B68180000F06EF80CE07B68180000F077
:10E1800069F807E07B68180000F064F87B680022FB
:10E19000DA6543E0C04641E0FB698022134012D0BB
:10E1A000BB698022134004D17A6980231B04134089
:10E1B00009D07B68DB6C002B38D07B68DB6C7A681D
:10E1C0001000984732E0FB694022134008D0BB6939
:10E1D0004022134004D07B68180000F078F826E055
:10E1E000FA6980231B04134009D0BA698023DB0538
:10E1F000134004D07B68180000F0B4F817E0FA6907
:10E2000080235B04134012D0BB69002B0FDA7B68BC
:10E21000180000F09FF80AE0C04608E0C04606E09B
:10E220000F28000001000010A5E20410C046BD4602
:10E2300008B080BD80B582B000AF7860C046BD46F2
:10E2400002B080BD80B582B000AF7860C046BD46E8
:10E2500002B080BD80B582B000AF7860C046BD46D8
:10E2600002B080BD80B582B000AF78607B681B686B
:10E270001A687B681B6809490A401A607B681B683A
:10E280009A687B681B6806490A409A607B68592235
:10E2900001219954C046BD4602B080BD1FFEFFFF5C
:10E2A000FEFF7FEF80B584B000AF78607B689B6A2B
:10E2B000FB60FB680022DA86FB680022DA85FB68D7
:10E2C0001800FFF7C7FFC046BD4604B080BD80B54B
:10E2D00082B000AF78607B681B681A687B681B6837
:10E2E00040218A431A607B681B689A687B681B68B8
:10E2F00001218A439A607B680022DA647B68592294
:10E300009B5CDBB2122B14D17B681B6808221A625B
:10E310007B681B689A697B681B6808210A439A61BD
:10E320007B685922012199547B681800FFF782FF0E
:10E330000CE07B68DB8E9BB2002B07D17B685922F7
:10E34000012199547B681800FFF77CFFC046BD4649
:10E3500002B080BD80B582B000AF7860C046BD46D7
:10E3600002B080BD80B582B000AF7860C046BD46C7
:10E3700002B080BD80B582B000AF78600C4B1B79D5
:10E38000012B02D101235B420DE0094B1B791A00DE
:10E39000074B92007968D150054B1B790133DAB2F3
:10E3A000034B1A7100231800BD4602B080BDC04661
:10E3B000B0220020F0B589B000AF78600A00BB1C25
:10E3C0001A801F23FB1800221A707B681B78042B0D
:10E3D00003D07B681B78822B48D17B6801333B617B
:10E3E0007B681B78042B03D13B690233BB6105E0DA
:10E3F0007B680133FB60FB680333BB613B691B78BF
:10E40000FF2B33D1BB69BB60BB681A785B781B02FA
:10E4100013439BB21A00FC231B021A40C0231B01AA
:10E420009A4223D11723FB1800221A7015E01725F2
:10E430007B191A78144B9200D3581F26BC19BA685E
:10E440001000984703002370BB191B78012B0CD0D8
:10E450007B191A787B1901321A700B4B1B79172222
:10E46000BA1812789A42E2D300E0C0461F23FB1884
:10E470001B78002B03D17B68180003F01DF8C04601
:10E48000BD4609B0F0BDC046B022002080B582B0C4
:10E4900000AF0200BB1D1A80BB1D1B88180007F0CF
:10E4A0009FF8C046BD4602B080BD80B582B000AFC7
:10E4B0000200FB1D1A70FB1D1B78180007F0D4FA30
:10E4C000C046BD4602B080BD80B582B000AF786066
:10E4D00039603A687B681100180006F0ABF8030059
:10E4E0001800BD4602B080BD80B582B000AF786034
:10E4F00039603A687B681100180006F0C5F803001F
:10E500001800BD4602B080BD80B582B000AF0200E9
:10E51000BB1D1A80BB1D1B8818000AF003FCC046F7
:10E52000BD4602B080BD80B582B000AF0200BB1D09
:10E530001A80BB1D1B8818000AF044FCC046BD466B
:10E5400002B080BD80B500AF0AF006FD03001800E0
:10E55000BD4680BD80B500AF0AF002FD0300180083
:10E56000BD4680BD80B500AF06F0B0F803001800CE
:10E57000BD4680BD80B582B000AF786039603A6832
:10E580007B681100180006F053FC03001800BD461C
:10E5900002B080BD80B582B000AF786039603A6863
:10E5A0007B681100180006F073FC03001800BD46DC
:10E5B00002B080BD80B582B000AF786039603A6843
:10E5C0007B681100180006F07FFC03001800BD46B0
:10E5D00002B080BD80B582B000AF786039603A6823
:10E5E0007B681100180006F08BFC03001800BD4684
:10E5F00002B080BD80B582B000AF786039603A6803
:10E600007B681100180006F0BBFC03001800BD4633
:10E6100002B080BD80B582B000AF786039603A68E2
:10E620007B681100180006F0F1FC03001800BD46DD
:10E6300002B080BD80B582B000AF786039603A68C2
:10E640007B681100180006F011FD03001800BD469C
:10E6500002B080BD80B582B000AF786039603A68A2
:10E660007B681100180006F01FFD03001800BD466E
:10E6700002B080BD80B500AF11F020FE030018008D
:10E68000BD4680BD80B582B000AF78607B68180061
:10E6900012F00BFE03001800BD4602B080BD80B52D
:10E6A00082B000AF0200FB1D1A70FB1D1B78180022
:10E6B00013F0FAFA03001800BD4602B080BD80B521
:10E6C00082B000AF0200FB1D1A70FB1D1B78180002
:10E6D0000AF026FE03001800BD4602B080BD80B5DA
:10E6E00082B000AF0200FB1D1A70FB1D1B781800E2
:10E6F0000BF075FE03001800BD4602B080BD80B56A
:10E7000082B000AF0200BB1D1A80BB1D1B88180021
:10E710000CF0B0FCC046BD4602B080BD80B500AF75
:10E720000DF082FCC046BD4680BD80B500AF0DF047
:10E7300083FCC046BD4680BD80B500AF0DF084FCB3
:10E74000C046BD4680BD80B500AF0DF0C1FCC046DF
:10E75000BD4680BD80B582B000AF78607B68180090
:10E760000EF0DEF8C046BD4602B080BD80B582B076
:10E7700000AF78607B6818000EF056F9C046BD46C1
:10E7800002B080BD80B582B000AF0200BB1D1A8010
:10E79000BB1D1B8818000EF047FFC046BD4602B0E7
:10E7A00080BD80B582B000AF0200FB1D1A70FB1D5A
:10E7B0001B7818000FF005F903001800BD4602B0E1
:10E7C00080BD80B500AF0FF0B7F803001800BD465C
:10E7D00080BD80B582B000AF0200FB1D1A70FB1D2A
:10E7E0001B7818000FF0B2F803001800BD4602B005
:10E7F00080BD80B582B000AF0200FB1D1A70FB1D0A
:10E800001B7818000FF08CFCC046BD4602B080BDDE
:10E8100080B584B000AFF860B9607A607A68B96892
:10E82000FB68180010F04AFDC046BD4604B080BD2C
:10E8300080B582B000AF78607B68180010F0CAFE27
:10E8400003001800BD4602B080BDB0B58AB008AF65
:10E8500005000C0010001900FB1D2A1C1A70BB1DBE
:10E86000221C1A707B1D021C1A703B1D0A1C1A7098
:10E870003B1D1C787B1D1A78BB1D1978FB1D187871
:10E880003023FB181B7806932C23FB181B78059369
:10E890002823FB181B7804932423FB181B7803936D
:10E8A0002023FB181B7802931C23FB181B78019371
:10E8B0001823FB181B780093230011F04FF9C04672
:10E8C000BD4602B0B0BD80B582B000AF0200BB1D36
:10E8D0001A80BB1D1B88180012F0EAFCC046BD461A
:10E8E00002B080BD80B582B000AF0200BB1D1A80AF
:10E8F000BB1D1B88180012F0BFFDC046BD4602B00C
:10E9000080BD80B500AF12F017FFC046BD4680BD88
:10E9100080B500AF07F066FCC046BD4680BD80B53F
:10E9200082B000AF0200BB1D1A80BB1D1B881800FF
:10E9300007F0C4FCC046BD4602B080BD80B582B0C1
:10E9400000AF0200BB1D1A80BB1D1B88180007F01A
:10E9500029FDC046BD4602B080BD80B582B000AF83
:10E960000200BB1D1A80BB1D1B88180008F046F86A
:10E97000C046BD4602B080BD80B582B000AF020087
:10E98000BB1D1A80BB1D1B88180009F021F9C04669
:10E99000BD4602B080BD80B582B000AF0200BB1D95
:10E9A0001A80BB1D1B88180009F0CCF9C046BD4673
:10E9B00002B080BD80B582B000AF0200BB1D1A80DE
:10E9C0007B1D0A1C1A707B1D1A78BB1D1B88110049
:10E9D000180005F049FB03001800BD4602B080BDD9
:10E9E00080B582B000AF0200FB1D1A70FB1D1B78C2
:10E9F000180005F0C4FB03001800BD4602B080BD3E
:10EA0000B0B586B004AF05000C0010001900FB1D66
:10EA10002A1C1A70BB1D221C1A707B1D021C1A7046
:10EA20003B1D0A1C1A703B1D1C787B1D1A78BB1DF0
:10EA30001978FB1D18782023FB181B7802931C23E0
:10EA4000FB181B7801931823FB181B7800932300F5
:10EA500005F09EFB03001800BD4602B0B0BD80B5B6
:10EA600082B000AF02003960BB1D1A803A68BB1D3E
:10EA70001B881100180005F0CFFB03001800BD46ED
:10EA800002B080BD80B582B000AF78607B681800AE
:10EA900005F0CEFB03001800BD4602B080BD80B576
:10EAA00082B000AF78607B68180005F0C5FB0300FA
:10EAB0001800BD4602B080BD80B582B000AF78605E
:10EAC0000A00BB1C1A80BB1C1A887B681100180046
:10EAD00005F0B6FB03001800BD4602B080BD80B54E
:10EAE00082B000AF78607B68180005F0ADFB0300D2
:10EAF0001800BD4602B080BDB0B584B002AF0500BD
:10EB00000C0010001900BB1D2A1C1A803B1D221C82
:10EB10001A80BB1C021C1A807B1C0A1C1A707B1CEE
:10EB20001C78BB1C1A883B1D1988BB1D1888FB6903
:10EB300001931823FB181B880093230005F088FB22
:10EB400003001800BD4602B0B0BDB0B584B002AF3E
:10EB500005000C0010001900BB1D2A1C1A803B1D6B
:10EB6000221C1A80BB1C021C1A803B000A1C1A8043
:10EB70003B001C88BB1C1A883B1D1988BB1D1888CC
:10EB80001823FB181B880093230005F0D7FC030013
:10EB90001800BD4602B0B0BD80B594B000AFF860BB
:10EBA000B9607A603023FB18BB642023FB187B64B8
:10EBB0001023FB183B640023FB640DE0FB6C7A68B8
:10EBC000D218FB6C0F21CB1A1900BB6C5B181278A2
:10EBD0001A70FB6C0133FB64FB6C0F2BEEDD002322
:10EBE000FB643DE0FB6C0322D31A9B00FA68D31848
:10EBF0001A68FB6C9B0019007B6C5B18D2B21A7010
:10EC0000FB6C0322D31A9B00FA68D3181B68190AFD
:10EC1000FB6C9B0001337A6CD318CAB21A70FB6C80
:10EC20000322D31A9B00FA68D3181B68190CFB6CDB
:10EC30009B0002337A6CD318CAB21A70FB6C0322A1
:10EC4000D31A9B00FA68D3181B68190EFB6C9B0043
:10EC500003337A6CD318CAB21A70FB6C0133FB64AD
:10EC6000FB6C032BBEDD1023FA183023F918202388
:10EC7000FB18180000F094F80023FB6428E0FB6CFC
:10EC80009B0003333A6CD3181B781A06FB6C9B006D
:10EC90000233396CCB181B781B041A43FB6C9B00A6
:10ECA0000133396CCB181B781B021A43FB6C9B0099
:10ECB00019003B6C5B181B781800FB6C0321CB1A06
:10ECC0009B00B968CB1802431A60FB6C0133FB64EC
:10ECD000FB6C032BD3DDC046C046BD4614B080BDDF
:10ECE00080B584B000AF7860074B196E064B7A6828
:10ECF0000A431A66044B1B6E7A681340FB60FB687C
:10ED0000C046BD4604B080BD0000404880B582B01A
:10ED100000AF7860064B1B6E7A6813407A689A429F
:10ED200001D1012300E000231800BD4602B080BDE0
:10ED30000000404880B582B000AF7860044B196C89
:10ED4000034B7A680A431A64C046BD4602B080BDD0
:10ED50000000404880B582B000AF7860054B1A6C67
:10ED60007B68D943034B0A401A64C046BD4602B0D3
:10ED700080BDC0460000404880B500AF0120FFF7CD
:10ED8000C5FF031E08D10120FFF7D4FF0120FFF7C4
:10ED9000E1FF0120FFF7A4FF00231800BD4680BD5E
:10EDA00090B587B000AFF860B9607A60314B1B78DE
:10EDB000DBB20133DAB22F4B1A7017243B192D4AFC
:10EDC00012781A70C023DB05BA6812689A62BB68B1
:10EDD0001A1DC023DB051268DA62BB6808331A000B
:10EDE000C023DB0512681A63BB680C331A00C0230A
:10EDF000DB0512685A63C023DB05FA6812689A6360
:10EE0000FB681A1DC023DB051268DA63FB68083350
:10EE10001A00C023DB0512681A64FB680C331A0061
:10EE2000C023DB0512685A6400F026F8C023DB0516
:10EE30009A6C7B681A60C023DA057B680433D26C55
:10EE40001A60C023DA057B680833126D1A60C0238C
:10EE5000DA057B680C33526D1A60064B1B78DBB207
:10EE60003A1912789A42A8D100231800BD4607B07B
:10EE700090BDC046B822002080B582B000AFFB1D17
:10EE800064221A70C023DB05180000F01CF8FB1D7B
:10EE90001B78DBB2013BDAB2FB1D1A70C023DB0525
:10EEA000180000F01EF8031E05D0FB1D1B78DBB216
:10EEB000002BECD100E0C046FB1D1B78DBB2180034
:10EEC000BD4602B080BD80B582B000AF78607B687F
:10EED0009B6D01221A437B689A65C046BD4602B00D
:10EEE00080BD80B582B000AF78607B68DB6D0122A9
:10EEF0001340012B01D1012300E000231800BD467F
:10EF000002B080BD80B582B000AF78607B681B68BE
:10EF1000802252031A437B681A60C046BD4602B085
:10EF200080BD80B582B000AF78607B681B688022AE
:10EF300012031A437B681A60C046BD4602B080BD0A
:10EF400080B582B000AF78607B681B688022920237
:10EF50001A437B681A60C046BD4602B080BD0000FF
:10EF600080B500AF01F098FC074B1800FFF7CAFF0F
:10EF7000054B1800FFF7D5FF034B1800FFF7E0FF24
:10EF8000C046BD4680BDC0460000304880B584B054
:10EF900000AF7860074B196D064B7A680A431A6513
:10EFA000044B1B6D7A681340FB60FB68C046BD468E
:10EFB00004B080BD0000404880B582B000AF7860EA
:10EFC0007B681B68042293431A007B681A60C04662
:10EFD000BD4602B080BD80B582B000AF78607B686E
:10EFE0005B6801221340012B01D1012300E00023C3
:10EFF0001800BD4602B080BD80B582B000AF786019
:10F000007B685B6804221340042B01D1012300E0DC
:10F0100000231800BD4602B080BD80B582B000AFAD
:10F0200078607B689B689BB21800BD4602B080BDCB
:10F0300080B500AF8023DB021800FFF7A7FF0B4B62
:10F040001800FFF7B9FFC046084B1800FFF7C3FFD1
:10F05000031EF9D0054B1800FFF7CEFF031E01D0A9
:10F06000012300E000231800BD4680BD0000604879
:10F0700080B582B000AF7860C046094B1800FFF73A
:10F08000AAFF031EF9D0064B1800FFF7C6FF0300C6
:10F090001A007B681A8000231800BD4602B080BDAC
:10F0A0000000604890B585B000AF78607B68FB6079
:10F0B000C046114B1800FFF78EFF031EF9D00E4B10
:10F0C0001800FFF7AAFF03001A00FB681A80C04669
:10F0D000094B1800FFF77FFF031EF9D0FB689C1C4B
:10F0E000054B1800FFF799FF030023800023180049
:10F0F000BD4605B090BDC0460000604880B584B0F4
:10F1000000AF78607B681B68FB607B6800221A8117
:10F110007B6800225A817B6800229A817B680022EA
:10F120009A73FB68BB60BB681B78FF2B0CD17B68B4
:10F130005B689AB2FB689BB2D31A9BB2043B9AB24B
:10F140007B689A81002328E0BB681B78FE2B06D1E0
:10F150007B681B8901339AB27B681A810CE0BB681B
:10F160001B78002B06D17B685B8901339AB27B68E0
:10F170005A8101E0032310E0BB685B88033303225C
:10F1800013431A00FB68D3180133FB60FB685A1D58
:10F190007B685B689A42C4D300231800BD4604B064
:10F1A00080BD80B586B000AFF8607A603B600B230D
:10F1B000FB180A1C1A7020203B181B88002B0AD051
:10F1C00010217A183B181B8853807B18FE221A7076
:10F1D0007B187B6102E0FB685B687B61FB685A68B7
:10F1E000FB689B689A4203D27B691B78FF2B01D195
:10F1F00004234BE0FB681B7B002B03D0FB68002241
:10F200001A7319E0FB685B687A695288033203213C
:10F210000A439B185A1CFB685A60FB685B687B6159
:10F22000FB685A68FB689B689A4203D27B691B782B
:10F23000FF2B01D1042329E07B691B78002B23D00D
:10F240007B691B78FE2B01D003231FE00B22BB1828
:10F250001B78FF2B05D07B695B78BA1812789A422D
:10F26000C8D1FB685B6804331A007B681A607B694D
:10F270005A883B681A807B6A002B03D07B695A78D6
:10F280007B6A1A70002301E0C046B3E71800BD4650
:10F2900006B080BDF0B58BB002AFF8600800110079
:10F2A0007B600B23FB18021C1A7008221000BB188D
:10F2B0000A1C1A80FB6B00221A801F26BC1916221A
:10F2C000BD181822BA180B23FB181978FB689C4646
:10F2D0007B6C019338231B18DB191B8800932B00D0
:10F2E0006046FFF75EFF03002370BB191B78002BFD
:10F2F00002D0BB191B7827E01623FB181B880822B5
:10F30000BA1812889A4201D306231DE0BA6908246C
:10F310003B191B88D118302308229B18DB191A8847
:10F320001623FB181B8818003B191B88C31A9A4226
:10F3300000DD1A007B68180018F0E7F81623FB18A8
:10F340001A88FB6B1A8000231800BD4609B0F0BD77
:10F3500090B589B000AFF8607A600A203B180A1CAB
:10F360001A807B68BB6101007B181B889B089AB2DE
:10F3700016203B1892001A807B181B88D9B23B18C4
:10F380001B88DAB21523FB188A1A1A700023FB6156
:10F3900013E0FB69BA69D1181023FB180422180086
:10F3A00018F0B3F8FA69FB68D3183A69190000201D
:10F3B000F8F7A0F8FB690433FB6116243B191B889E
:10F3C000FA699A42E5DB01235B423B613B191B88EA
:10F3D000BA69D1181523FB181A781023FB181800E6
:10F3E00018F093F83B191A88FB68D3183A6919008A
:10F3F0000020F8F77FF8C046BD4609B090BDF0B5D3
:10F4000087B000AFF860080011007B600B257B1906
:10F41000021C1A7008243B190A1C1A801023FB18BE
:10F420007B613B191B88013B9BB21BB20322134338
:10F430001BB29AB23B1901321A807B69FE221A7004
:10F440007B697A1912785A703A1920250826AB1967
:10F4500008218C46BC44634412881B88D3189AB296
:10F460007B695A803A69FB6819000020F8F742F876
:10F47000FB68181D7A683B191B881900FFF768FFA5
:10F480003B191A88FB68D318181D7A6BAB19082131
:10F490008C46BC4463441B881900FFF759FF0023C6
:10F4A0001800BD4607B0F0BD80B586B000AFF8606B
:10F4B00008007A6019000A23FB18021C1A8008232E
:10F4C000FB180A1C1A80FB685B687B61FB685A6842
:10F4D000FB689B689A4203D27B691B78FF2B01D1A2
:10F4E00004232AE0FB681B7B002B03D17B691B787C
:10F4F000FE2B01D0052320E07B695B880A22BA1825
:10F5000012889A4201D3062317E0FB6800221A737F
:10F510000A23FB181A88FB685B68D31804331900A8
:10F520000823FB181A887B68180017F06BFF031E6E
:10F5300001D1002301E001235B421800BD4606B063
:10F5400080BD90B587B000AFF86008007A60190000
:10F550000A23FB18021C1A8008231800FB180A1C37
:10F560001A80BB6A00221A8024221318DB191B8818
:10F57000002B0BD010217B181218D21912885A8038
:10F580007B18FE221A707B187B6102E0FB685B68C7
:10F590007B61FB685A68FB689B689A4203D27B696F
:10F5A0001B78FF2B01D1042333E0FB681B7B002B6E
:10F5B00003D17B691B78FE2B01D0052329E07B69F1
:10F5C0005B880A22BA1812889A4201D3062320E0E7
:10F5D000FB6800221A730A243B191A88FB685B68CF
:10F5E000D318043318000823FB181A887B695B883A
:10F5F00019003B191B88CB1A9A4200DD1A007B6860
:10F600000100180017F081FF7B695A88BB6A1A80D5
:10F6100000231800BD4607B090BD000080B584B03F
:10F6200000AF7860064BFB60FA687B681900002029
:10F63000F7F760FF00231800BD4604B080BDC04648
:10F6400000FFFFFFB0B584B000AF78607B685B68F7
:10F65000FB607B685A687B689B689A4203D2FB68B0
:10F660001B78FF2B01D1042341E0FB681B78FE2BA4
:10F670003CD1FB680B257C191800FFF7CFFF030076
:10F6800023707B191B78002B02D07B191B782EE08E
:10F690007B681B781A00184913009B009B189B007D
:10F6A000CB1808331B88013B98B2134913009B0009
:10F6B0009B189B00CB180833021C1A807B681B78B0
:10F6C0001A000D4913009B009B189B00CB180A33AE
:10F6D0001B88013398B2084913009B009B189B00BC
:10F6E000CB180A33021C1A80002300E005231800FF
:10F6F000BD4604B0B0BDC046BC22002080B588B075
:10F7000000AF78600A00FB1C1A707B680D4A9446B3
:10F710006344DB0AFB6110217B1800221A60FA693E
:10F720007B185A60FB1C1A787B189A600C23FA1815
:10F730007B1811001800F7F7B7FFC046BD4608B0A8
:10F7400080BDC0460000FCEF80B586B000AFF86019
:10F75000B9607A607B685B055B0D07D1FB687A68EE
:10F76000B968180017F04EFE031E26D07B68013BD7
:10F77000144A13430133DB0ADAB2FB6811001800A4
:10F78000FFF7BCFF00237B6112E07A69FB68D118A8
:10F790007B69002B00DA03339B109B00BA68D318F7
:10F7A0001B681A000020F7F7A5FE7B6904337B6114
:10F7B0007B697A689A42E8D800E0C046BD4606B048
:10F7C00080BDC046FF07000080B582B000AF786002
:10F7D0007B6801221A707B6800225A807B680022B5
:10F7E0009A80C046BD4602B080BDF0B58DB004AF72
:10F7F000F860B9603B60BB1D1A801E23FB18002215
:10F800001A80BB1D1A88BB68FF21180017F008FE7C
:10F810001023FB18FE221A70BA1D1E257B191288B0
:10F820001B88D31A9AB21C23FB18043A1A80BB6BAC
:10F830001B78002B4ED07B191B880433BA68D11873
:10F84000BB6B9B881B26BC19F8681022BA180132C2
:10F85000039202931622BB1801931C23FB181B88EA
:10F8600000930B000022FF21FFF714FD030023701B
:10F870001622BB181A88BB6B9A80BB191B78002B09
:10F8800006D03B687A1912881A80BB191B78A1E050
:10F890001623FB181A8810217B185A801E257B1905
:10F8A0001B88BA68D3180C0079180422180017F0C6
:10F8B0002CFE3B195B8803339BB21BB2032213431C
:10F8C0001BB29AB27B191B88D3189AB27B190132EA
:10F8D0001A8031E0BB6B59881E23FB181B88BA685D
:10F8E000D518BB6B9B881B26BC191C22BA18128822
:10F8F000F86801931623FB18009313002A00FFF702
:10F9000020FE03002370BB191B78002B02D0BB190B
:10F910001B785FE01623FB181A88BB6B5B88D31A31
:10F920009BB2013B9BB21BB2032213431BB29AB2A0
:10F930001E23FB1801321A801623FB181A88BB6B92
:10F940005B88D31A9BB2013B9BB21BB203221343C9
:10F950001BB29AB218217B1801321A807A181C2126
:10F960007B1812881B889A4210D9BB6B00221A7030
:10F97000BB6B5A887B181B88D3189AB2BB6B5A8012
:10F980003B68BA1D12881A80002323E01823FA1856
:10F990001C23FB1812881B889A420BD1BB6B0122D7
:10F9A0001A70BB6B00225A803B68BA1D12881A80FD
:10F9B00000230FE01823FA181C23FB1812881B8859
:10F9C0009A4200D328E7BB6B01221A70BB6B00225E
:10F9D0005A8021E71800BD4609B0F0BDF0B5604C73
:10F9E000A54402AF02005F4B842109015B18DB19BB
:10F9F0001A705C4B5B18DB191A785B4913009B008B
:10FA00009B189B00CB180A331B88002B01D10023C5
:10FA1000A0E0564BFC18564D7A19524B842109012F
:10FA20005B18DB191B781100180000F0D3FC0300F1
:10FA300023707B195B684F4ABA1813604E4BFB1852
:10FA40001800FFF7C1FE494EBC194C4BFD1880232E
:10FA50001A010C23F918464BF818474BFB18009372
:10FA60002B00FFF7C2FE03002370BB191B78042B89
:10FA700006D0BB191B78002B02D0BB191B7869E09C
:10FA80003E4BFB181A8880231B019A4204D0374B47
:10FA9000FB181B78002BD6D0384ABB181B88002BCC
:10FAA00019D0BB181B881A000C23F918314C3B19CC
:10FAB0001B681800FFF748FE2200BB181B68802156
:10FAC00009018C466344BA181360284BFB181B7855
:10FAD000002B02D1B7E7C04600E0C046244BFB181C
:10FAE0009B68013B264A1A4322497B181B68D31A9C
:10FAF0000133DA0A23483B181A707B181B68224A24
:10FB000094466344DA0A214C3B191A708121090199
:10FB10007B1800221A603B191A787B185A603B1830
:10FB20001A787B189A601A4BFA187B181100180083
:10FB3000F7F7BAFD0B4B842212019B18DB191A78D8
:10FB400013009B009B189B00074A9B181800FFF7A7
:10FB5000D5FA03001800BD460E4B9D44F0BDC046CB
:10FB6000B4F7FFFFC7F7FFFFBC2200203B080000EF
:10FB7000240800003C0800001C08000036080000B3
:10FB8000FF0700003A0800000000FCEF3908000001
:10FB90000C08000044080000F0B57A4CA54402AF00
:10FBA0007860794BFB1800221A70784BFB18002202
:10FBB0001A700023764ABA18136023E07B689968AC
:10FBC000734BFB181A6813005B009B189B00CA1844
:10FBD00070497B1812781A707B181A786E491300D6
:10FBE0009B009B189B00CB180A331B88002B03D06B
:10FBF000664BFB1801221A70654ABB181B6801335B
:10FC0000BA1813607B681B791A00614BFB181B68DC
:10FC10009342D3DB5D4BFB181B78002B01D10023F3
:10FC2000ABE080231A010823FB18FF21180017F00E
:10FC3000F7FB0023564ABA18136051E07B689968B5
:10FC400053483B181A6813005B009B189B00CA18A6
:10FC5000504D7B1912781A707B6899683B181A68A6
:10FC600013005B009B189B00CB185B68822212017B
:10FC7000BA181360494EBC1981231B01FA187B196D
:10FC80001B781100180000F0A5FB03002370BB19BE
:10FC90001B78002B01D000236FE0414D7B19180029
:10FCA000FFF792FD0823FA18822000013B181B6819
:10FCB000D1183B181B689BB280221201D31A9AB24A
:10FCC000384BFC1881231B01F8187B190093230083
:10FCD000FFF78BFD2E4ABB181B680133BA1813605F
:10FCE0007B681B791A002A4C3B191B689342A5DBE1
:10FCF0007B681B6880221201082179181800FFF721
:10FD000023FD00233A1913602CE07B689968204B8F
:10FD1000FB181A6813005B009B189B00CA181D494A
:10FD20007B1812781A707B181A7813009B009B18A6
:10FD30009B00194A9B18194D7C191800FFF7DEF932
:10FD4000030023702A00BB181B78002B04D00E4B35
:10FD5000FB18BA1812781A700D4ABB181B680133C9
:10FD6000BA1813607B681B791A00094BFB181B68D3
:10FD70009342CADB044BFB181B781800BD460A4BA4
:10FD80009D44F0BDC4F7FFFF2F08000027080000C6
:10FD90002808000026080000BC22002025080000DA
:10FDA000080800000E0800003408000090B587B075
:10FDB00000AF02003960FB1D1A7000237B6116E062
:10FDC0000B2439192E487A6913005B009B189B009D
:10FDD000C31806331B780B703A19FB1D12781B7879
:10FDE0009A4201D1022346E07B6901337B617B6942
:10FDF000012BE5DD00233B6139E00023FB6026E0B9
:10FE000020493A6913005B009B189B00CB1808330C
:10FE10001968FA6813005B009B189B00CA180B2135
:10FE20007B1812781A707A18FB1D12781B789A4288
:10FE30000AD13A6913005B009B189B00114A9A187B
:10FE40003B681A60012316E0FB680133FB600D4933
:10FE50003A6913005B009B189B00CB1804331B7896
:10FE60001A00FB689342CBDB3B6901333B613B6982
:10FE7000002BC2DB00231800BD4607B090BDC04672
:10FE8000848E0610E8220020F0B53D4CA54402AF58
:10FE9000020039603B4B832109015B18DB191A70A2
:10FEA00080231A012423FB18FF21180017F0B8FA49
:10FEB0000023354ABA1813604BE03B689968324C0E
:10FEC0003B191A6813005B009B189B00CA182F4946
:10FED0007B1812781A707A182A4B832000011B189D
:10FEE000DB1912781B789A422DD014257A197B18C9
:10FEF0001B781100180000F06DFA3B6899683B19F7
:10FF00001A6813005B009B189B00CB185B68204CA1
:10FF10003A1913600C26BB191800FFF755FC24236F
:10FF2000FA183B191B68D1183B191B689BB2802239
:10FF30001201D31A9AB21223FC187819BB19009334
:10FF40002300FFF752FC104ABB181B680133BA1894
:10FF500013603B681B791A000B4BFB181B6893421C
:10FF6000ABDB3B681B688022120124217918180042
:10FF7000FFF7EAFB00231800BD46064B9D44F0BD89
:10FF8000C4F7FFFFD7F7FFFF2C0800002B08000085
:10FF90002408000034080000F0B589B002AFF86012
:10FFA000080011007B600B23FB18021C1A7008204C
:10FFB0003B180A1C1A8001007B181B88013B9BB26E
:10FFC0001BB2032213431BB29AB27B1801321A8070
:10FFD000FB685B685A1DFB689B689A4210D3FB68FC
:10FFE0001B7819004A4A0B009B005B189B00D31832
:10FFF0000A331B88002B01D00B2384E0022382E00C
:020000041005E5
:10000000FB685B687B617B691B78FF2B1CD1FB68FD
:100010009A68FB685B68D31A80225202934200D32D
:100020003C4B12217A181380C04608231800FB1895
:100030001A8828231B18DB191B88D318DA1C7B1895
:100040001B889A4227DB15E07B691B78FE2B05D0C5
:100050007B691B78002B01D0032354E0FB685B68AD
:100060007A695288033203210A439B185A1CFB68A1
:100070005A60ADE7FB681B781900254A0B009B000E
:100080005B189B00D3180A331B88002B01D00B236D
:1000900039E0022337E0FB6858681126BC197D68F7
:1000A00008231A00FB181B889C460B23FB181978A1
:1000B0007B6B019328239B18DB191B8800932B0073
:1000C0006246FFF79CF903002370BB191B78002BD5
:1000D00002D0BB191B7816E0FB681B781A000C498C
:1000E00013009B009B189B00CB1808331B8801331F
:1000F00098B2074913009B009B189B00CB1808334C
:10010000021C1A8000231800BD4607B0F0BDC0468F
:10011000BC220020FFFF0000B0B588B000AF002374
:10012000FB61CDE0A849FA6913005B009B189B00B6
:100130005B58FB600023BB61B1E0A349FA6913007F
:100140005B009B189B00CB1808331968BA69130031
:100150005B009B189B00CA1813203B1812781A707A
:100160009949FA6913005B009B189B00CB18083370
:100170001968BA6913005B009B189B00CB185B6879
:10018000BB609149FA6913005B009B189B00CB1878
:1001900008331968BA6913005B009B189B00CA18E2
:1001A000BB1D12891A803B181A78884913009B00DE
:1001B0009B189B005B58002B03D13B181B78012B2D
:1001C00001D90123FCE013243B191A78F968BB68B4
:1001D000C8187E4913009B009B189B0058507A4911
:1001E000FA6913005B009B189B00CB1804331B7843
:1001F000013BBA699A420ED13B191A78FB688021FB
:1002000009015918714813009B009B189B00C318E3
:10021000043319601DE06C49FA6913005B009B18F8
:100220009B00CB1808331968BB695A1C13005B008C
:100230009B189B00CB1859681323FB181A78FB688E
:10024000C918624813009B009B189B00C318043315
:10025000196013203B181A785C4913009B009B1807
:100260009B00CB181033BA1D12881A803B181A78DD
:1002700013009B009B189B00544A9B1812257C1965
:100280001800FEF73BFF030023707B191B78002B3F
:1002900002D07B191B7893E0BB690133BB614A49EB
:1002A000FA6913005B009B189B00CB1804331B7882
:1002B0001A00BB69934200DA3FE7FB690133FB6137
:1002C000FB69002B00DA2DE700237B6174E0132427
:1002D00039193F487A6913005B009B189B00C318CB
:1002E00006331B780B703B191A78384913009B00B2
:1002F0009B189B005B58002B03D13B191B78012BEB
:1003000001D901235CE013243B191A78304879693C
:100310000B005B005B189B0018582C4913009B00D6
:100320009B189B0058502A497A6913005B009B1860
:100330009B00595826487A6913005B009B189B0064
:10034000C31804331B8818003B191A7809181F4872
:1003500013009B009B189B00C318043319603B19C2
:100360001A781B4879690B005B005B189B00C31867
:1003700008331888154913009B009B189B00CB1865
:100380001033021C1A803B191A7813009B009B182B
:100390009B000E4A9B1812257C191800FEF7AEFE32
:1003A000030023707B191B78002B02D07B191B786C
:1003B00006E07B6901337B617B69012B87DD0023CC
:1003C0001800BD4608B0B0BDE8220020BC220020C5
:1003D000848E061080B582B000AF02003960FB1D2C
:1003E0001A70FB1D1B78012B01D9012320E0FB1D96
:1003F0001A78114913009B009B189B005A583B68C0
:100400005A60FB1D1A780C4913009B009B189B0037
:10041000CB1804331A683B689A603B6801221A7350
:100420003B68FA1D12781A703B6800225A73002349
:100430001800BD4602B080BDBC22002090B589B036
:1004400004AFF860080011007B600B23FB18021C4E
:100450001A700823FB180A1C1A80FB681B78190005
:10046000124A0B009B005B189B00D3180E331B78BD
:10047000002B01D00A2315E07C680823FB181A889A
:100480000B23FB181978F8680023039300230293C9
:100490007B6A01932023FB181B8800932300FEF73F
:1004A000F9FE03001800BD4605B090BDBC22002037
:1004B00090B587B002AFF86008007A6019000A238F
:1004C000FB18021C1A800823FB180A1C1A80FB6800
:1004D0001B7819000F4A0B009B005B189B00D31878
:1004E0000E331B78002B01D00A230FE00823FB18E2
:1004F0001C887A680A23FB181988F868002301937E
:100500003B6A00932300FFF71CF803001800BD4668
:1005100005B090BDBC220020F0B5C64600B588B03D
:1005200002AFF860080011007B600B231C00FB1871
:10053000021C1A7008203B180A1C1A801726B046A5
:10054000B8447D683B181A882300FB181978F868AE
:100550007B6B0193282308241B19DB191B8800934C
:100560002B00FFF719FD030042461370BB191B78DF
:10057000002B02D0BB191B782CE0FB681B781900FC
:10058000174A0B009B005B189B00D3180C331A888A
:1005900008231800F91828231B18DB1909881B8861
:1005A000CB189BB2013B9BB21BB203210B431BB286
:1005B0009BB2D31A9BB2FA6812781100053B98B22D
:1005C000074A0B009B005B189B00D3180C33021CDE
:1005D0001A8000231800BD4606B080BCB846F0BDA6
:1005E000BC22002080B582B000AF78607B68180024
:1005F000FFF728F803001800BD4602B080BD0000D8
:10060000B0B58CB000AF0200FB1D1A702B257C1911
:100610001823FA18FB1D1B7811001800FFF7C6FB02
:10062000030023707B191B78022B46D1FB1D1A781F
:10063000424913009B009B189B005B587B62FB1D8B
:100640001A783E4913009B009B189B00CB1804337B
:100650001B683B627B6A3A4A94466344DA0A1F206D
:100660003B181A703B6A013B364A1A437B6AD31A1D
:100670000133DA0A1E243B191A700C217B18002260
:100680001A603B181A787B185A603B191A787B1845
:100690009A600823FA187B1811001800F7F704F87D
:1006A000FB1D1A7813009B009B189B00234A9B1884
:1006B0001800FEF723FD00233BE02B23FB181B78DB
:1006C000012B35D1BA692A257C19FB1D1B78110035
:1006D0001800FFF7D9FB030023707B191B78002B50
:1006E00022D10023FB6219E0BB699968FA6A130002
:1006F0005B009B189B00CA1829217B1812781A707E
:100700007B181A7813009B009B189B000B4A9B18C0
:100710001800FEF7F3FCFB6A0133FB62BB691B792F
:100720001A00FB6A9342DFDB2A23FB181B7800E0E8
:1007300001231800BD460CB0B0BDC046BC2200204D
:100740000000FCEFFF070000B0B584B000AF02006E
:10075000FB1D1A700F257C190823FA18FB1D1B7846
:1007600011001800FFF722FB030023707B191B7890
:10077000022B06D1FB1D1B781800FFF72FF9030091
:100780000BE00F23FB181B78012B05D1BB68180069
:10079000FFF702FA030000E001231800BD4604B091
:1007A000B0BD000090B583B000AFFC1D00F016F89E
:1007B00003002370FB1D1B787F2B08D8FB1D1B78C3
:1007C0001800FFF7C1FF044B180016F003FD0023CB
:1007D0001800BD4603B090BD6086061080B582B09B
:1007E00000AF2B4B00229A56FB1D1A70FB1D1A7886
:1007F000284913009B009B189B00CB180A331B88C9
:10080000002B28D0FB1D1A78224913009B009B184F
:100810009B00CB180C331988FB1D1A781D48130058
:100820009B009B189B00C31810331B88994212D25F
:10083000FB1D1B780133DBB25AB2154B1A70144BF7
:100840001B785BB2022B02D1114B00221A70FB1DE8
:100850001B785BB217E0FB1D1A78FB1D01321A7082
:10086000FB1D1B78022B02D1FB1D00221A70FB1D01
:100870001B78074A127852B29342B7D1044B002238
:100880001A7001235B421800BD4602B080BDC0460D
:10089000E4220020BC22002080B500AF034B0122DF
:1008A0001A6000231800BD4680BDC0463C270020CA
:1008B000F0B587B000AFBA607B600F243B19021C13
:1008C0001A700E23FB180A1C1A70BB6800221A80CB
:1008D0007B6800221A803B6B00221A803B191B7830
:1008E0000522134046D017257C19254B1800FEF72A
:1008F000C9F8030023707B191B78002B02D07B19E9
:100900001B7838E01F4B1800FEF7E9F803001A00C7
:10091000BB681A801C4B1800FEF7E1F803001A00B0
:100920007B681A801426BC19154B1800FEF7B7F81F
:10093000030023803B6B00221A800E23FB181B78D8
:10094000022B11D117257C19BB191A880F4B1100E6
:100950001800FEF7B1F8030023707B191B78002BF9
:1009600002D07B191B7806E0094B1A0008210020F1
:1009700000F010F800231800BD4607B0F0BDC046D7
:100980000C280020582700207C270020C4270020A6
:100990009C8E061090B585B000AF3A60BB1D021C5E
:1009A0001A803B1D0A1C1A800C4B1800FEF797F8A2
:1009B00003001A000E203B1801321A803C683B1DD0
:1009C0001A88BB1D19883B181888230000F02EF8E0
:1009D00003001800BD4605B090BDC0465827002052
:1009E00090B585B000AF3A60BB1D021C1A803B1D5C
:1009F0000A1C1A800C4B1800FEF771F803001A004D
:100A00000E203B1801321A803C683B1D1A88BB1D22
:100A100019883B181888230000F008F80300180014
:100A2000BD4605B090BDC0467C270020B0B586B05D
:100A300000AF0400080011007B600E23FB18221C8D
:100A40001A800C23FB18021C1A800A23FB180A1CAC
:100A50001A801723FB1800221A7021E01723FB18B5
:100A60001A781300DB009B189B00434A9B1814253F
:100A70007C191800FEF733F8030023807B191B88CC
:100A8000002B07D07B191B885A1C0E23FB181B88D0
:100A90009A420BD017217B181A787B1801321A70F2
:100AA0001723FB181B78042BD8D900E0C046172366
:100AB000FB181B78052B01D1122359E00C23FB18DE
:100AC0001A880A23FB181B88D1181723FB181A78D9
:100AD00029481300DB009B189B00C31820331B68B8
:100AE0009B88994201DD122342E01723FB181A78F4
:100AF00021491300DB009B189B00CB1820331B6897
:100B0000002B01D1122333E017243B191A781A491C
:100B10001300DB009B189B00CB1820331B689A68DE
:100B20000C23FB181B88D0180A257B191A887B68B0
:100B3000190016F0EAFC3B191A780F491300DB0084
:100B40009B189B00CB1820331B681B781A000223CC
:100B500013400CD03B191A7807491300DB009B188F
:100B60009B00CB1820331B687A1912885A80002307
:100B70001800BD4606B0B0BD58270020F0B585B0BE
:100B800000AF02003960FB1D1A703B6800221A801A
:100B90000F257C19384B1800FDF774FF03002370F4
:100BA0007B191B78002B02D07B191B7860E00C2688
:100BB000BC19314B1800FDF772FF03002380FB1DA9
:100BC0001B780122134011D00F257C19BB191A88FC
:100BD0002A4B11001800FDF76FFF030023707B19EB
:100BE0001B78002B02D07B191B7841E0234B1800A7
:100BF000FDF775FF03001A003B681A800F257C196A
:100C00000C23FB181A881E4B11001800FDF754FF27
:100C1000030023707B191B78002B02D07B191B78F3
:100C200026E00F257C190C23FB181A88154B1100A0
:100C30001800FDF741FF030023707B191B78002B80
:100C400002D07B191B7813E00F257C190C23FB18AD
:100C50001A880D4B11001800FDF72EFF03002370BA
:100C60007B191B78002B02D07B191B7800E0002336
:100C70001800BD4605B0F0BD50280020008F0610BA
:100C8000248F0610488F06106C8F061080B582B036
:100C900000AF0200FB1D1A70FB1D1B787F2B09D8CB
:100CA000FB1D1B781A001F231A40044B01219140A1
:100CB0000A001A60C046BD4602B080BD00E100E0F7
:100CC00080B582B000AF0200FB1D1A70FB1D1B78BF
:100CD0007F2B10D8FB1D1B781A001F2313400849D7
:100CE00001229A40130080228B50BFF34F8FC046E1
:100CF000BFF36F8FC046C046BD4602B080BDC04640
:100D000000E100E080B500AF054B5B6904221340B1
:100D1000042B01D1012300E000231800BD4680BD53
:100D20000000504880B500AF034BDA698023DB0038
:100D300013401800BD4680BD0000504880B582B009
:100D400000AF7860064BDB69064A13401900044B7C
:100D50007A680A43DA61C046BD4602B080BDC0462B
:100D600000005048FFFDFFFF80B500AF074BDA6978
:100D700080239B001A4080239B009A4201D10123CB
:100D800000E000231800BD4680BDC046000050486A
:100D900080B582B000AF7860064BDB690F229343C9
:100DA0001900044B7A680A43DA61C046BD4602B0B6
:100DB00080BDC0460000504880B582B000AF78606A
:100DC0008023DB05996B8023DB057A680A439A63ED
:100DD000C046BD4602B080BD80B582B000AF78602D
:100DE0008023DB059A6B7B68D9438023DB050A40AF
:100DF0009A63C046BD4602B080BD80B582B000AFE8
:100E000002003960FB1D1A70FB1D1B78002B09D1F5
:100E10008023DB05DA6A3B68D9438023DB050A407F
:100E2000DA6207E08023DB05D96A8023DB053A68B4
:100E30000A43DA62C046BD4602B080BD80B582B0CA
:100E400000AF02003960FB1D1A70FB1D1B78042BDC
:100E500060D89A00314BD3181B689F468023DB056E
:100E6000196B8023DB053A680A431A638023DB058C
:100E70005A6B3B68D9438023DB050A405A6349E03B
:100E80008023DB051A6B3B68D9438023DB050A40CE
:100E90001A638023DB05596B8023DB053A680A431C
:100EA0005A6337E08023DB051A6B3B68D943802304
:100EB000DB050A401A638023DB055A6B3B68D94384
:100EC0008023DB050A405A6324E08023DB051A6B8C
:100ED0003B68D9438023DB050A401A638023DB0586
:100EE0005A6B3B68D9438023DB050A405A6311E003
:100EF0008023DB051A6B3B68D9438023DB050A405E
:100F00001A638023DB05596B8023DB053A680A43AB
:100F10005A63FFE7C046BD4602B080BD908F061001
:100F200080B582B000AF78608023DB05DB6B7A6828
:100F300013407A689A4201D1012300E0002318008F
:100F4000BD4602B080BD80B582B000AF786080231E
:100F5000DB057A68DA63C046BD4602B080BD00009A
:100F600080B584B000AF7860074B596D064B7A6846
:100F70000A435A65044B5B6D7A681340FB60FB685B
:100F8000C046BD4604B080BD0000404880B500AFFB
:100F90001F231800BD4680BD80B500AF1F23180079
:100FA000BD4680BD80B582B000AF0200FB1D1A7047
:100FB000FB1D1B78002B1DD02D4B1B78002B29D13E
:100FC0002B4B01221A7080235B001800FFF7C8FF2B
:100FD00001210220FFF732FF01210020FFF70DFF62
:100FE0000120FFF7E9FE0120FFF7ADFF1920FFF711
:100FF0004DFE0FE01E4B1B78012B0BD11C4B00222A
:101000001A700120FFF7E8FE1920FFF759FE0120B2
:10101000FFF799FFFFF7A8FE031E24D1FFF782FE1A
:1010200002008023DB009A421DD080239B00180021
:10103000FFF784FEC046FFF765FE031EFBD1FB1DD4
:101040001B78002B03D00E20FFF7A2FE02E0042045
:10105000FFF79EFE0020FFF771FEC046FFF752FE2D
:10106000031EFBD000E0C046BD4602B080BDC046B6
:101070002F23002080B500AF164B1B78002B25D006
:101080000120FFF74DFF031E21D0134AA6239B002A
:10109000D358102213400AD00F4A95239B00D358EF
:1010A0000D4902221A4395239B00CA500AE00A4ABE
:1010B00095239B00D3580849022293431A00952395
:1010C0009B00CA500120FFF73EFF00E0C046BD462E
:1010D00080BDC0462F2300200014006080B500AF03
:1010E0008023DB051B680F2213401800BD4680BD1E
:1010F00080B500AF8023DB051B681B090F2213405E
:101100001800BD4680BD80B500AF8023DB055B685D
:101110001800BD4680BD000080B500AF034B1B68C2
:101120001B041B0C1800BD4680BDC04614100040B7
:1011300080B582B000AF00237B607B681800BD469D
:1011400002B080BD80B584B000AF78607B68FF22BC
:101150001A70FFF7D8FF0300FB60FB68184A934240
:1011600002D17B6805221A70FFF7C2FF0300DAB2D2
:101170007B685A70FFF7B2FF0300DAB27B689A709F
:10118000FFF7C1FF02007B685A60FFF7C5FF03004D
:1011900001339A007B689A60FFF7CAFF031E07D0ED
:1011A000FFF7C6FF030001339A037B68DA6003E0B0
:1011B0007B68C022D201DA60C046BD4604B080BD63
:1011C0004180020280B500AFBFF34F8FC046044B91
:1011D000044ADA60BFF34F8FC046C046FDE7C04601
:1011E00000ED00E00400FA0580B500AF00F0E4FD7A
:1011F000FFF752FB0300013301D1EFF741FCC0467A
:10120000BD4680BDF0B599B004AF4F23FB18002256
:101210001A703C23FB18180006231A00002116F050
:10122000FFF84E23FB1806221A703A23FB18A0225F
:1012300092001A803A1D5B4B1000190034231A00EB
:1012400016F063F94D257C193B1D180003F0F2FBE5
:10125000030023707B191B78002B01D0EFF710FCE3
:101260003C217B1834221A707B1812225A707B188A
:101270002A229A707B18E122DA707B1808221A71F0
:101280007B1800225A714D257C197B181A00062103
:10129000002003F0C7F8030023707C191F210020F1
:1012A00003F0C4F8030023707C194A23FB181900CB
:1012B0000120FFF763FC030023704C217B18002200
:1012C0001A707B187A18127801210A431A707C1957
:1012D0004F22BB181B780021180002F0BDFE03004E
:1012E00023702E007C1946257D194823FA184F20BB
:1012F0003B1819784C23FB1818784423FB180093EB
:101300002B00FFF7D5FA0300237035007C19264B1C
:101310001A0019210020FFF73DFB030023707C1900
:101320003A23FB181A0002210020FFF759FB0300A3
:1013300023701E4B01221A701C4B1B787C1918005D
:10134000FDF74EFB03002370184B01225A70174B18
:101350000822DA70154B10221A71144B01229A7070
:10136000124B9878114B5978104BDB780F4A127951
:101370002E007C1900250295019200930023012282
:10138000FDF73EFB03002370084B9B78002B05D034
:10139000BC19012002F08AFE03002370C046BD463E
:1013A00015B0F0BD84860610A48F061030230020EF
:1013B00080B500AF0121012002F060FDC046BD46AE
:1013C00080BD80B500AF012002F01AFC03F04EFA98
:1013D000012002F01FFCC046BD4680BD80B500AFB5
:1013E000F9F7EEFCC046BD4680BD80B500AF0021D8
:1013F000022002F043FDC046BD4680BD80B500AF6F
:10140000FFF7D0F9C046BD4680BD80B500AF0121D1
:10141000042002F033FDC046BD4680BD80B500AF5C
:10142000FFF7E3FFC046BD4680BD80B582B000AF88
:1014300078607B6818000EF01BF9FFF7D6FFFFF706
:10144000E4FFC046BD4602B080BD80B500AFFFF7E7
:10145000AFFFC046BD4680BD80B500AF124B1A003D
:101460000021012002F0E6FC104B1A0000210220AE
:1014700002F0E0FC0E4B1A000021042002F0DAFC1E
:10148000FFF7B2FEFFF7BEFE0A4B00229A73094B2C
:10149000012252429A8100F081FC012000F0ACF957
:1014A000C046BD4680BDC046C3130510DD13051000
:1014B000FD13051030230020F0B599B004AF78601B
:1014C0004B23FB1886221A707B681B78042B04D0F0
:1014D0007B681B78822B00D032E17B6801337B6410
:1014E0007B681B78042B03D17B6C0233FB6405E023
:1014F0007B6801333B643B6C0333FB647B6C1B7880
:10150000FF2B00D1A4E000DD1CE13E2B2DD000DD3F
:1015100018E1052B03D0102B00D108E112E17B6C00
:101520000233FB60FB685A789B781B0213439AB224
:10153000874B9B899A4206D1854B012252429A8160
:10154000834B00229A7300F02BFA824B01221A700F
:10155000FB685A789B781B0213439AB27D4B5A80E2
:101560007C4B180000F0FCFBEFE07B6C02337B62ED
:101570007B6A1B780C2B0BD068DC0A2B0ED065DC49
:10158000012B37D0032B61D17B6A0133BB615EE055
:101590007B6A01333B6200F003FA58E07B6A013357
:1015A000FB61FB691C78FB695A789B781B0213432B
:1015B0009DB2FB691E79FB6905339C46FB69DA7DA8
:1015C0001B7E1B0213439AB2FB69597E9B7E1B0252
:1015D0000B4399B2FB69D87E1B7F1B0203439BB26E
:1015E000029301910092634632002900200000F02E
:1015F000BFF82CE07B6A01337B617B691C787B69D7
:101600005A789B781B0213439DB27B691E797B69D4
:1016100005339C467B69DA7A1B7B1B0213439AB223
:101620007B69597B9B7B1B020B4399B27B69D87BFF
:101630001B7C1B0203439BB2029301910092634601
:1016400032002900200000F093F800E0C0467CE062
:10165000FB6CFB63FB6B1A785B781B0213439BB23A
:101660003D4A93423BD03C4A93425ADC80221201CD
:1016700093421CD080221201934252DC374A93429B
:1016800051D0364A93424CDC354A934213D08122E2
:10169000D200934245DA334A934210D0314A934202
:1016A0003FDC042B41D0304A934214D039E0FB6B2D
:1016B00002333B633AE0FB6B0233FB6236E0244BC0
:1016C0009B894B22BC18294A11001800FDF7C7F965
:1016D000030023702AE0FB6B0233BB6226E0FB6B46
:1016E0000233BB6337243B1908221A70BB6B1A788C
:1016F0005B781B02134398B2BB6B9A78DB781B02B2
:10170000134399B2BB6B1A795B791B0213439AB2EC
:101710003B191B780024019400240094FDF7ECF998
:1017200004E0C04611E0C0460FE0C0460DE07B6C0F
:1017300002333B613B691B78032B05D8FFF742FD61
:10174000C04602E0C04600E0C046BD4615B0F0BD50
:101750003023002040230020190C00000A04000060
:1017600007040000020400000104000007B20100A9
:1017700090B583B000AF0400080011003B60FB1D72
:10178000221C1A703B1D021C1A80BB1D0A1C1A70F9
:10179000FB1D1B78002B03D0104B00229A7319E01D
:1017A0000E4B9B7B012B03D10C4B03229A7302E05F
:1017B0000A4B02229A73094B3A1D12889A81084BF0
:1017C00000221A70064B3A1D12885A80044B1800EA
:1017D00000F0C6FABD4603B090BDC04630230020DD
:1017E0004023002080B500AF024B9B7B1800BD4614
:1017F00080BDC04630230020B0B594B00CAF0200CD
:10180000FB1D1A708023FB61A023BB61FB1D1B78AD
:10181000052B34D89A005F4BD3181B689F46802352
:10182000FB61A023BB6104237B612BE0C823DB00A9
:10183000FB61FA231B01BB6105237B6122E00023CE
:101840007B611FE0C8239B00FB61C8239B00BB6139
:1018500000237B61FA235B003B6113E04E4B9B89C5
:101860000F257C1913211800FDF7A4F8030023703D
:101870007B191B78002B04D100F09AF801E0C046D8
:1018800000E0C046FB1D1B78062B00D178E000DD90
:1018900078E0042B61D000DD74E0012B02DC002B2A
:1018A00003DA6FE0022B46D06CE00823FB18180027
:1018B00006231A00002115F0B3FD0F257C19FA69E3
:1018C00000230A930023099301230893002307931D
:1018D000012306930023059300230493002303931D
:1018E0000023029307230193BB6900931300132283
:1018F0000221002002F006FC030023707B191B78F4
:10190000002B03D17B69DAB2234B9A730F257C1924
:10191000224B10220321002002F029FC0300237037
:101920007C190823FB181A000121012002F023FC76
:101930000300237029E00F257C19002200210020DC
:1019400002F019FC030023707B191B78002B1BD1BC
:101950007B69DAB2104B9A7316E00F4B9889FB69DA
:1019600099B2BB699AB27B699DB23B699BB20F2465
:101970003C1900932B00FDF7E8F80300237004E006
:10198000C04602E0C04600E0C046C046BD4608B0C2
:10199000B0BDC046C08F061030230020782800203C
:1019A00080B500AF012002F095FAC046BD4680BD6B
:1019B00080B500AF012002F0ABFAC046BD4680BD45
:1019C00080B58EB000AF78603723FB1800221A7004
:1019D0007B681A785B781B0213439BB2624A944679
:1019E0006344192B00D9B1E09A00604BD3181B68EF
:1019F0009F467B6802333B623B6A1A785B781B0226
:101A000013439AB20C217B189A813B6A1A795B794D
:101A10001B0213439AB27B18DA813B6A9A79DB790D
:101A20001B0213439BB2DAB27B181A723B6A08336B
:101A30001A007B185A603B6A1A795B791B021343C0
:101A40009BB21A004A4B9B8801339A420BD1372331
:101A5000FB1801221A707B1801221A707B181800DB
:101A600000F014F974E03B6A1A795B791B021343A6
:101A70009BB21A003E4BDB8801339A4268D1372370
:101A8000FB1801221A700C217B1803221A707B1894
:101A9000180000F0FBF85BE07B680233FB62FB6A36
:101AA0001A795B791B0213439BB21A00304B5B8897
:101AB00001339A420CD13723FB1801221A700C21F2
:101AC0007B1800221A707B18180000F0DFF841E044
:101AD000FB6A1A795B791B0213439BB21A00244BF1
:101AE000DB8801339A4235D13723FB1801221A7063
:101AF00030E07B6802333B633B6B5A799B791B0276
:101B000013439BB21A001A4B9B8801339A4204D1AB
:101B10003723FB1801221A701EE03B6B5A799B7920
:101B20001B0213439BB21A00114BDB8801339A420C
:101B300012D13723FB1801221A700DE07B680233A3
:101B4000BB620AE07B6802337B6206E0C04604E0C9
:101B5000C04602E0C04600E0C0463723FB181B78B1
:101B60001800BD460EB080BDFFF3FFFF6C9006105D
:101B70004423002090B583B000AFFB1D12221A70E1
:101B8000174B1800FCF7F6FBFC1D164B1800FCF772
:101B900079FF03002370134B1800FCF780FF03004C
:101BA0001A00114B1A80114B1800FCF798FF030024
:101BB0001A000D4B5A800E4B1800FCF790FF0300E3
:101BC0001A00094B9A800B4B1800FCF788FF0300A2
:101BD0001A00054BDA80C046BD4603B090BDC04632
:101BE000C11905104490061044230020D88F061018
:101BF000FC8F06102090061080B584B000AF020064
:101C00003960FB1D1A700F23FB1800221A70FB1D90
:101C10001B78022B1FD02BDC002B02D0012B0DD008
:101C200026E03B6819683B681B795A1E9341DBB27A
:101C30001A00134B180015F068FC1AE03B6819688D
:101C40003B681B795A1E9341DBB21A000D4B1800FA
:101C500015F05BFC0DE03B6819683B681B795A1E68
:101C60009341DBB21A00084B180015F04EFC00E05F
:101C7000C0460F23FB181B781800BD4604B080BD7A
:101C80004C2300205023002054230020B0B58EB0F8
:101C900000AF78607B681B78032B17D056DC022BD3
:101CA00056D053DC002B55D0012B00D04EE0302114
:101CB0007B1806221A707B685B681B781A007B18F9
:101CC0005A807B181868F0F709FF44E036257C1924
:101CD000EEF7E4FD030023802A00BB1800215B5EC1
:101CE000013322D0BB181B88DAB22F203B181A70A0
:101CF00024217B183A181A607B1801221A717B186C
:101D000019000020FFF778FF23203B1800221A70EB
:101D100018217B183A181A607B1801221A717B1857
:101D200019000220FFF768FF15E017203B18022278
:101D30001A700C217B183A181A607B1801221A714C
:101D40007B1819000220FFF757FF04E0C04602E0AD
:101D5000C04600E0C046C046BD460EB0B0BD000063
:101D600080B582B000AF78607B681B78002B02D012
:101D7000012B05D00CE07B685A88074B1A8007E0DE
:101D8000054B012252421A800120FFF735FDC04663
:101D9000C046BD4602B080BD5823002080B500AFCC
:101DA000044B012252421A80FFF7E4FEC046BD46B2
:101DB00080BDC0465823002080B500AFFEF7ACF9C7
:101DC000074B19000020FEF705FB064B1900012008
:101DD000FEF700FB044B024A1A60C046BD4680BDB8
:101DE0005C2300206C2300207C230020F0B589B008
:101DF00002AFB96011007B600F243B19021C1A70FE
:101E00000C23FB180A1C1A803B191B78022B03D1E8
:101E10001A4B1B4A1A6002E0184B1A4A1A60174BF9
:101E200018681726BC19BD680C23FB181B889C4634
:101E30000F23FB1819787B680193282308229B182D
:101E4000DB191B8800932B006246FEF765FB03003D
:101E50002370BB191B78002B01D1002309E0172345
:101E6000FB181B78022B02D101235B4201E0022305
:101E70005B421800BD4607B0F0BDC0467C23002081
:101E80006C2300205C230020B0B586B002AF0400B4
:101E9000080011003B60FB1D221C1A70BB1D021CB8
:101EA0001A703B1D0A1C1A80BB1D1B78022B07D120
:101EB0002E4B2F4A1A600E23FB1801221A7006E0DF
:101EC0002A4B2C4A1A600E23FB1800221A70FB1DA5
:101ED0001B78022B12D1254B18680F23FC182023E6
:101EE000FB181D883A683B1D19880C23FB180093CA
:101EF0002B00FEF7DDFA0300237021E0FB1D1B78A9
:101F0000002B08D1194B1A680E23FB181B781100FF
:101F10001800FEF75FFA154B18680F23FC183D6890
:101F20003B1D1A88BB1D19780C23FB180193202335
:101F3000FB181B8800932B00FEF780FA0300237028
:101F40000F23FB181B78002B01D1002309E00F237E
:101F5000FB181B78042B02D103235B4201E0022310
:101F60005B421800BD4604B0B0BDC0467C230020D3
:101F70006C2300205C23002090B585B000AF396051
:101F80001100BB1D021C1A803B1D0A1C1A800E4B3F
:101F900018683B1D1C883A68BB1D19882300FDF793
:101FA00083FA0300FB60FB68002B01D1002307E0EC
:101FB000FB68002B02DA3B1D1B8801E003235B4218
:101FC0001800BD4605B090BD7C23002080B582B0CE
:101FD00000AF0200FB1D1A70FB1D1B78022B0AD1FB
:101FE0000B4B1A680B4B9A420DD0094B1B6818001B
:101FF000FEF7F8FA08E0FB1D1B78032B04D1002044
:10200000FEF7FEFA00E0C046BD4602B080BDC04605
:102010007C2300206C23002080B584B000AFF860E2
:10202000B9607A607A68B968FB681800EEF76AF8F8
:10203000C046BD4604B080BD80B584B000AFF86036
:10204000B9607A607A68B968FB68180015F0E8F939
:10205000C046BD4604B080BD80B584B000AFF86016
:10206000B9607A607A68B968FB68180015F0CAF937
:1020700003001800BD4604B080BD90B589B000AF24
:10208000F860B9607A6010243B191800FFF75AF81D
:1020900021007B181A78FB681A707B185A78BB6885
:1020A0001A707B189A787B681A70C046BD4609B0D2
:1020B00090BD80B584B000AFF860B9607A607A688E
:1020C000B968FB681800FCF76BFEC046BD4604B05B
:1020D00080BD80B582B000AF78607B68180016F0D4
:1020E00043F803001800BD4602B080BD80B584B03F
:1020F00000AFF860B9607A607A68B968FB68180068
:1021000015F0C8FE03001800BD4604B080BD80B5C0
:1021100084B000AFF860B9607A607A68B968FB682B
:10212000180015F0EBFF03001800BD4604B080BD99
:1021300080B582B000AF78607B681800FCF798FF2C
:10214000C046BD4602B080BD80B582B000AF7860A9
:102150007B681800FCF7A6FFC046BD4602B080BDF4
:1021600080B500AFFEF712FF03001800BD4680BD2A
:1021700080B500AFFEF710FF03001800BD4680BD1C
:1021800080B582B000AF0200FB1D1A70FB1D1B78EA
:102190001800FEF707FFC046BD4602B080BD80B5FF
:1021A00000AFF8F735FB03001800BD4680BD80B5D1
:1021B00000AFF9F783F802000B0010001900BD46CC
:1021C00080BD80B584B000AFF8603A607B603A684B
:1021D0007B68F9680800F9F783F803001800BD462A
:1021E00004B080BD80B582B000AF78607B68180015
:1021F000F9F790F8C046BD4602B080BD80B582B008
:1022000000AF786008001100FB1C021C1A70BB1C98
:102210000A1C1A70BB1C1A78FB1C19787B68180002
:10222000F8F736FF0300DBB21800BD4602B080BDF0
:1022300080B500AFF8F77CFF0300DBB21800BD46A5
:1022400080BD80B582B000AF78607B681800F8F779
:102250000BFF02000B0010001900BD4602B080BD4C
:1022600080B500AFF8F7D8FFC046BD4680BD00007E
:1022700080B582B000AF7860074B5B687F229343E4
:1022800019007B687F221A40034B0A435A60C046FC
:10229000BD4602B080BDC046C000002080B500AF82
:1022A000044B5A68034B80210A435A60C046BD461E
:1022B00080BDC046C000002080B500AF044B5A6806
:1022C000034B80218A435A60C046BD4680BDC0464C
:1022D000C000002080B582B000AF7860074B1B695A
:1022E000074A134019007B681B02064A1A40034B39
:1022F0000A431A61C046BD4602B080BDC00000203E
:10230000FF0000F000FFFF0F80B582B000AF0200B9
:102310003960FB1D1A70FB1D1B785C2253430B4A6E
:10232000944663441B683F22934319003B683F2255
:102330001A40FB1D1B785C204343044884466344D9
:102340000A431A60C046BD4602B080BDDC000020D2
:1023500080B582B000AF0200FB1D1A70FB1D1B7818
:102360005C225343084A944663441A68FB1D1B7859
:102370005C214B4304498C46634440210A431A6064
:10238000C046BD4602B080BDDC00002080B582B0F2
:1023900000AF0200FB1D1A70FB1D1B785C2253432B
:1023A000084A944663441A68FB1D1B785C214B4322
:1023B00004498C46634440218A431A60C046BD46A6
:1023C00002B080BDDC00002080B582B000AF02000A
:1023D000FB1D1A70FB1D1B785C225343084A944670
:1023E00063441A68FB1D1B785C214B4304498C46EF
:1023F000634480210A431A60C046BD4602B080BDD6
:10240000DC00002080B582B000AF0200FB1D1A7016
:10241000FB1D1B785C225343084A944663441A68A8
:10242000FB1D1B785C214B4304498C46634480218F
:102430008A431A60C046BD4602B080BDDC00002061
:1024400080B582B000AF0200FB1D1A70FB1D1B7827
:102450005C225343074A944663441B68802213401E
:10246000802B01D1012300E000231800BD4602B0FB
:1024700080BDC046DC00002080B582B000AF020005
:102480003960FB1D1A70FB1D1B785C2253430C4AFC
:10249000944663441B680B4A134019003B681A02B8
:1024A000FC239B011A40FB1D1B785C20434304481E
:1024B000844663440A431A60C046BD4602B080BDEC
:1024C000DC000020FFC0FFFF80B582B000AF02003B
:1024D000FB1D1A70FB1D1B785C225343054A944672
:1024E00063441B681B0A3F2213401800BD4602B01C
:1024F00080BDC046DC00002080B582B000AF020085
:10250000FB1D1A70FB1D1B785C225343094A94463D
:1025100063441A68FB1D1B785C214B4305498C46BC
:102520006344802109024A401A60C046BD4602B099
:1025300080BDC046DC00002080B582B000AF020044
:10254000FB1D1A70FB1D1B785C225343094A9446FD
:1025500063441A68FB1D1B785C214B4305498C467C
:102560006344802189030A431A60C046BD4602B015
:1025700080BDC046DC00002080B582B000AF020004
:10258000FB1D1A70FB1D1B785C225343084A9446BE
:1025900063441A68FB1D1B785C214B4304498C463D
:1025A000634404490A401A60C046BD4602B080BD7B
:1025B000DC000020FFFFDFFF80B582B000AF02002B
:1025C0003960FB1D1A70FB1D1B785C2253430C4ABB
:1025D000944663441B680B4A134019003B681A0673
:1025E000E023DB041A40FB1D1B785C2043430448B6
:1025F000844663440A431A60C046BD4602B080BDAB
:10260000DC000020FFFFFFF880B582B000AF0200C1
:10261000FB1D1A70FB1D1B785C225343054A944630
:1026200063441B681B0E072213401800BD4602B00E
:1026300080BDC046DC00002080B582B000AF020043
:102640003960FB1D1A70FB1D1B785C2253430C4A3A
:10265000944663441B680B4A134019003B68DA0632
:1026600080231B051A40FB1D1B785C204343044854
:10267000844663440A431A60C046BD4602B080BD2A
:10268000DC000020FFFFFFF780B582B000AF020042
:102690003960FB1D1A70FB1D1B785C2253430C4AEA
:1026A000944663441B680B4A134019003B681A07A1
:1026B000E023DB051A40FB1D1B785C2043430448E4
:1026C000844663440A431A60C046BD4602B080BDDA
:1026D000DC000020FFFFFF8F80B582B000AF02005A
:1026E000FB1D1A70FB1D1B785C225343054A944660
:1026F00063441B681B0F072213401800BD4602B03D
:1027000080BDC046DC00002080B582B000AF020072
:102710003960FB1D1A70FB1D1B785C225343084A6D
:10272000944663445B68FB1D1B785C225343044A58
:10273000944663443A685A60C046BD4602B080BDC4
:10274000DC00002080B582B000AF02003960FB1DC4
:102750001A70FB1D1B785C225343084A944663445D
:102760009B68FB1D1B785C225343044A94466344D8
:102770003A689A60C046BD4602B080BDDC000020C9
:1027800080B582B000AF02003960FB1D1A70FB1DDE
:102790001B785C225343084A944663449B69FB1DA3
:1027A0001B785C225343044A944663443A689A6116
:1027B000C046BD4602B080BDDC00002080B582B0BE
:1027C00000AF02003960FB1D1A70FB1D1B785C22F4
:1027D00053430B4A94466344DB69FF229343190039
:1027E0003B68FF221A40FB1D1B785C2043430448D2
:1027F000844663440A43DA61C046BD4602B080BDE8
:10280000DC00002080B582B000AF0200FB1D1A7012
:10281000FB1D1B785C225343044A94466344DB69E6
:10282000FF2213401800BD4602B080BDDC0000202E
:1028300080B582B000AF02003960FB1D1A70FB1D2D
:102840001B785C2253430B4A94466344DB69FF22A6
:10285000134019003B681A02FB1D1B785C204343A0
:102860000448844663440A43DA61C046BD4602B068
:1028700080BDC046DC00002080B582B000AF020001
:10288000FB1D1A70FB1D1B785C225343054A9446BE
:102890006344DB691B0A1B021B0A1800BD4602B019
:1028A00080BDC046DC00002080B582B000AF0200D1
:1028B0003960FB1D1A70FB1D1B785C2253430B4AC9
:1028C000944663441B6A1B0C19043B681B041A0CD6
:1028D000FB1D1B785C2043430448844663440A4341
:1028E0001A62C046BD4602B080BDC046DC00002072
:1028F00080B582B000AF0200FB1D1A70FB1D1B7873
:102900005C225343044A944663441B6A1B041B0C19
:102910001800BD4602B080BDDC00002080B582B04A
:1029200000AF0200FB1D1A70FB1D1B785C22534395
:10293000094A944663441A6AFB1D1B785C214B4389
:1029400005498C466344802189050A431A62C046C2
:10295000BD4602B080BDC046DC00002080B582B01C
:1029600000AF0200FB1D1A70FB1D1B785C22534355
:10297000084A944663441A6AFB1D1B785C214B434A
:1029800004498C46634404490A401A62C046BD4665
:1029900002B080BDDC000020FFFFFFDF80B582B009
:1029A00000AF02003960FB1D1A70FB1D1B785C2212
:1029B0005343084A944663445B6AFB1D1B785C22C0
:1029C0005343044A944663443A685A62C046BD463B
:1029D00002B080BDDC00002080B582B000AF0200F4
:1029E000FB1D1A70FB1D1B785C225343034A94465F
:1029F00063445B6A1800BD4602B080BDDC00002065
:102A000080B582B000AF02003960FB1D1A70FB1D5B
:102A10001B785C2253430B4A944663449B6A1B0E0B
:102A200019063B681B021A0AFB1D1B785C204343F6
:102A30000448844663440A439A62C046BD4602B0D5
:102A400080BDC046DC00002080B582B000AF02002F
:102A50003960FB1D1A70FB1D1B785C2253430A4A28
:102A6000944663449B6A1B02190A3B681A06FB1DC5
:102A70001B785C2043430448844663440A439A62BB
:102A8000C046BD4602B080BDDC00002080B582B0EB
:102A900000AF02003960FB1D1A70FB1D1B785C2221
:102AA00053430B4A94466344DB6A1F229343190045
:102AB0003B681F221A40FB1D1B785C2043430448DF
:102AC000844663440A43DA62C046BD4602B080BD14
:102AD000DC00002080B582B000AF0200FB1D1A7040
:102AE000FB1D1B785C225343044A94466344DB6A13
:102AF0001F2213401800BD4602B080BDDC0000203C
:102B000080B582B000AF02003960FB1D1A70FB1D5A
:102B10001B785C2253430C4A94466344DB6A0B4A9D
:102B2000134019003B681A02FC239B011A40FB1D4D
:102B30001B785C2043430448844663440A43DA62BA
:102B4000C046BD4602B080BDDC000020FFC0FFFFD4
:102B500080B582B000AF0200FB1D1A70FB1D1B7810
:102B60005C225343054A94466344DB6A1B0A3F22B6
:102B700013401800BD4602B080BDC046DC000020F6
:102B800080B582B000AF02003960FB1D1A70FB1DDA
:102B90001B785C2253430A4A94466344DB6A1B0455
:102BA000190C3B681A04FB1D1B785C204343044846
:102BB000844663440A43DA62C046BD4602B080BD23
:102BC000DC00002080B582B000AF0200FB1D1A704F
:102BD000FB1D1B785C225343054A94466344DB6A21
:102BE0001B0C1B041B0C1800BD4602B080BDC04668
:102BF000DC00002080B582B000AF02003960FB1D10
:102C00001A70FB1D1B785C2253430B4A94466344A5
:102C10001B6B9B0D99053B689B029A0AFB1D1B7859
:102C20005C2043430448844663440A431A63C04615
:102C3000BD4602B080BDC046DC00002080B582B039
:102C400000AF0200FB1D1A70FB1D1B785C22534372
:102C5000044A944663441B6B9B029B0A1800BD46C2
:102C600002B080BDDC00002080B582B000AF78608B
:102C700039607B681B687B683A681A60C046BD464D
:102C800002B080BD80B582B000AF786039607B68EB
:102C90005B68012293431A003B6801210B401A43F1
:102CA0007B685A60C046BD4602B080BD80B582B028
:102CB00000AF786039607B685B68042293431A0038
:102CC0003B689B0004210B401A437B685A60C04656
:102CD000BD4602B080BD80B582B000AF786039607B
:102CE0007B685B68082293431A003B68DB0008217D
:102CF0000B401A437B685A60C046BD4602B080BD97
:102D000080B582B000AF786039607B685B68102264
:102D100093431A003B681B0110210B401A437B6848
:102D20005A60C046BD4602B080BD80B582B000AFDB
:102D3000786039607B685B68202293431A003B68A7
:102D40005B0120210B401A437B685A60C046BD4698
:102D500002B080BD80B582B000AF78607B685B68F0
:102D600040221A437B685A60C046BD4602B080BD0F
:102D700080B582B000AF78607B685B6880221A43C0
:102D80007B685A60C046BD4602B080BD80B582B047
:102D900000AF78607B685B68802293431A007B6891
:102DA0005A60C046BD4602B080BD000080B582B00A
:102DB00000AF786039607B685B68074A1A403B68FF
:102DC000190280235B000B401A437B685A60C0469F
:102DD000BD4602B080BDC046FFFEFFFF80B582B099
:102DE00000AF786039607B685B68074A1A403B68CF
:102DF000590280239B000B401A437B685A60C046EF
:102E0000BD4602B080BDC046FFFDFFFF80B582B069
:102E100000AF786039607B685B68074A1A403B689E
:102E200099028023DB000B401A437B685A60C0463E
:102E3000BD4602B080BDC046FFFBFFFF80B582B03B
:102E400000AF786039607B689B687B683A689A60FD
:102E5000C046BD4602B080BD80B582B000AF78608C
:102E60007B689B681800BD4602B080BD80B582B00B
:102E700000AF786039607B68DB681B0D1A053B6822
:102E80001B031B0B1A437B68DA60C046BD4602B0C9
:102E900080BD80B582B000AF78607B68DB6880223F
:102EA00052031A437B68DA60C046BD4602B080BD5B
:102EB00080B582B000AF786039607B68DB68074A14
:102EC0001A403B6899058023DB030B401A437B685B
:102ED000DA60C046BD4602B080BDC046FFFFBFFFFE
:102EE00080B582B000AF786039607B68DB68074AE4
:102EF0001A403B68D90580231B040B401A437B68AA
:102F0000DA60C046BD4602B080BDC046FFFF7FFF0D
:102F100080B582B000AF786039607B68DB68074AB3
:102F20001A403B68190680235B040B401A437B68F8
:102F3000DA60C046BD4602B080BDC046FFFFFFFE5E
:102F400080B582B000AF78607B68DB688022920435
:102F50001A437B68DA60C046BD4602B080BD80B5CA
:102F600082B000AF78607B68DB688022D2041A43AD
:102F70007B68DA60C046BD4602B080BD80B582B0D5
:102F800000AF78607B68DB688022D2051A437B68DB
:102F9000DA60C046BD4602B080BD80B582B000AFE9
:102FA00078607B68DB68802212061A437B68DA60EF
:102FB000C046BD4602B080BD80B582B000AF78602B
:102FC000C023DB055B68074A134019007B68064A8B
:102FD0001A40C023DB050A435A60C046BD4602B012
:102FE00080BDC0464F000200B0FFFDFF80B582B03B
:102FF00000AF7860C023DB059B690822934319006A
:103000007B68DB0008221A40C023DB050A439A6173
:10301000C046BD4602B080BD80B588B000AF7860C4
:1030200008001100FB1C021C1A70BB1C0A1C1A7041
:103030007B687B61FB1C1B78012B05D10423BB60E3
:10304000BB680233FB6115E0FB1C1B78002B05D12C
:103050000423FB60FB680233FB610BE0FB1C1B7865
:10306000022B05D101233B613B690433FB6101E085
:103070000023FB61FB1C1B78012B03D0FB1C1B787E
:10308000022B09D1BB1C1B78012B02D19B23BB61F6
:1030900013E03D23BB6110E0FB1C1B78002B03D029
:1030A000FB1C1B78032B08D1BB1C1B78012B02D106
:1030B0009923BB6101E03B23BB61BA69FB69D3186B
:1030C0007A69D31A7B617B691800BD4608B080BD60
:1030D00080B582B000AF78607B681800FFF76CFFA6
:1030E000C046BD4602B080BD80B500AF0120FFF7ED
:1030F0007DFFC046BD4680BD80B500AFFFF7DCF860
:10310000C046BD4680BD80B500AFFFF7C7F8C046DA
:10311000BD4680BD80B582B000AF0200FB1D1A70B5
:10312000FB1D1B781800FFF7A3F8C046BD4602B090
:1031300080BD000080B582B000AF78607B68034A34
:1031400013401800BD4602B080BDC04630DFC90044
:1031500080B582B000AF78607A688023DB031340CB
:103160001800BD4602B080BD80B582B000AF786067
:1031700000231800BD4602B080BD80B582B000AF0C
:1031800078607A688023DB0513401800BD4602B0E2
:1031900080BD80B582B000AF78607A6880239B04E0
:1031A00013401800BD4602B080BD80B582B000AFAC
:1031B00078607A6880239B0113401800BD4602B0F6
:1031C00080BD80B582B000AF78607A688023DB0272
:1031D00013401800BD4602B080BD80B582B000AF7C
:1031E00078607A6880235B0213401800BD4602B005
:1031F00080BD80B582B000AF78607A6880239B0381
:1032000013401800BD4602B080BD80B582B000AF4B
:1032100078607A6880239B0013401800BD4602B096
:1032200080BD80B582B000AF78607A6880231B01D2
:1032300013401800BD4602B080BD80B582B000AF1B
:1032400078607B68DB0FDB071800BD4602B080BDED
:1032500080B582B000AF78607A688023DB041340C9
:103260001800BD4602B080BD80B582B000AF786066
:103270007B68402213401800BD4602B080BD80B577
:1032800082B000AF78607A6880235B041340180036
:10329000BD4602B080BD80B582B000AF78607B686B
:1032A00000211800FFF717FDC046BD4602B080BDE3
:1032B00080B582B000AF78607B681800FFF766FDCC
:1032C000C046BD4602B080BD80B582B000AF786018
:1032D0007B6800211800FFF7D5FCC046BD4602B050
:1032E00080BD80B582B000AF78607B681800FFF7C2
:1032F000B3FD03001800BD4602B080BD80B582B0AA
:1033000000AF78607B6810220021180014F088F864
:10331000C046BD4602B080BD80B582B000AF7860C7
:103320007B6801211800FFF700FDC046BD4602B0D2
:1033300080BD80B582B000AF78607B680121180045
:10334000FFF7DEFCC046BD4602B080BD80B582B04E
:1033500000AF78607B6801211800FFF7BCFCC04615
:10336000BD4602B080BD80B582B000AF78603960E4
:103370003A687B6811001800FFF760FDC046BD4643
:1033800002B080BD80B582B000AF78607B68180065
:10339000FFF7EEFCC046BD4602B080BD80B582B0EE
:1033A00000AF78607B681800FFF7E8FDC046BD46B7
:1033B00002B080BD80B582B000AF78607B68180035
:1033C000FFF7BEFDC046BD4602B080BD80B582B0ED
:1033D00000AF78607B681800FFF7DFFDC046BD4690
:1033E00002B080BD80B582B000AF78607B68180005
:1033F000FFF7B5FDC046BD4602B080BD80B582B0C6
:1034000000AF78607B6801211800FFF781FDC0469E
:10341000BD4602B080BD80B582B000AF78607B68E9
:1034200001211800FFF742FCC046BD4602B080BD36
:1034300080B582B000AF786039603A687B6811006F
:103440001800FFF711FCC046BD4602B080BD80B534
:1034500082B000AF78607B6800211800FFF7A6FCFF
:10346000C046BD4602B080BD80B582B000AF786076
:103470000A00FB1C1A70C046BD4602B080BD80B574
:1034800082B000AF78607B6801211800FFF78EFCE6
:10349000C046BD4602B080BD80B582B000AF786046
:1034A0007B681800FFF756FCC046BD4602B080BDE1
:1034B00080B582B000AF78607B6801211800FFF70B
:1034C000E1FBC046BD4602B080BD80B582B000AF12
:1034D00078607B6801211800FFF780FCC046BD467C
:1034E00002B080BD80B582B000AF786039603A68C4
:1034F0007B6811001800FFF7B9FCC046BD4602B05A
:1035000080BD80B582B000AF78607B681800FFF79F
:10351000C0FCC046BD4602B080BD80B582B000AFE1
:1035200078607B6801211800FFF7DAFCC046BD46D1
:1035300002B080BD80B582B000AF78607B680121A9
:103540001800FFF7B5FCC046BD4602B080BD80B58F
:1035500082B000AF78607B6801211800FFF756FC4D
:103560007B6801211800FFF739FCC046BD4602B058
:1035700080BD80B582B000AF786039603B681B03C6
:103580001B0B1800FEF7A6FEC046BD4602B080BD6C
:1035900080B582B000AF0200FB1D1A70FB1D1B78C6
:1035A00001211800FFF748F8C046BD4602B080BDB3
:1035B00080B582B000AF02003960FB1D1A703B6815
:1035C000002B05D0FB1D1B781800FEF7C1FE04E0A0
:1035D000FB1D1B781800FEF7D9FEC046BD4602B0A1
:1035E00080BD80B582B000AF0200FB1D1A70FB1DCC
:1035F0001B781800FEF7C0FFFB1D1B781800FFF7B3
:10360000ADF9C046BD4602B080BD80B582B000AF06
:103610000200FB1D1A70FB1D1B781800FEF78CFFC3
:10362000FB1D1B781800FFF779F9C046BD4602B0B4
:1036300080BD80B582B000AF0200FB1D1A70FB1D7B
:103640001B781800FFF7C8F903001800BD4602B048
:1036500080BD80B582B000AF02003960FB1D1A70DA
:10366000FB1D1B781800FFF7ADFA0300DAB23B68C8
:103670001A70FB1D1B781800FFF7A4FA03001A0A42
:103680003B680133D2B21A70FB1D1B781800FFF79C
:10369000D5FA02003B680233D2B21A70FB1D1B78C8
:1036A0001800FFF7CBFA03001A0A3B680333D2B2C3
:1036B0001A70FB1D1B781800FFF7C0FA03001A0CE4
:1036C0003B680433D2B21A70C046BD4602B080BD1A
:1036D00080B582B000AF0200FB1D1A70FB1D1B7885
:1036E0005C225343034A9446634438331800BD4672
:1036F00002B080BDDC00002080B582B000AF0200C7
:10370000FB1D1A70FB1D1B785C225343034A944631
:10371000634440331800BD4602B080BDDC00002089
:1037200080B582B000AF0200FB1D1A70FB1D1B7834
:103730001800FFF70DFA0300DBB21800BD4602B017
:1037400080BD80B582B000AF0200FB1D1A70FB1D6A
:103750001B781800FEF774FE0300DBB21800BD46AC
:1037600002B080BD80B582B000AF0200FB1D1A70B0
:10377000FB1D1B781800FEF7A7FE0300DBB2180044
:10378000BD4602B080BD90B583B000AF0200396085
:10379000FB1D1A70FB1D1B781800FFF76DF8020067
:1037A0003B681A603B681C68FB1D1B781800FFF71C
:1037B0009FF803001B0622001A433B681A60FB1D9A
:1037C0001B781800FFF794F802003B680433120AD4
:1037D0001A60C046BD4603B090BD80B582B000AF50
:1037E0000200FB1D1A70FB1D1B781800FEF774FF0A
:1037F0000300DBB21800BD4602B080BD80B582B0C8
:1038000000AF0200FB1D1A70FB1D1B781800FEF7AD
:10381000FBFE0300DBB21800BD4602B080BD80B5E0
:1038200084B000AF0200FB1D1A70FB1D1B7818004E
:10383000FFF750F902000F217B181A707B181B78D4
:103840001800BD4604B080BD80B582B000AF020054
:10385000FB1D1A70FB1D1B785C225343084A9446DB
:1038600063445C220021180013F0DAFDFB1D1B7875
:1038700001211800FFF79CFEC046BD4602B080BD86
:10388000DC00002080B582B000AF02003960FB1D73
:103890001A703A68FB1D1B7811001800FFF77EF8BC
:1038A000C046BD4602B080BD80B584B000AF020006
:1038B0003960FB1D1A703B681B781A003B680133A6
:1038C0001B781B021343FB60FA68FB1D1B78110079
:1038D0001800FFF755F93B6802331B781A003B6864
:1038E00003331B781B021A433B6804331B781B0409
:1038F0001343FB60FA68FB1D1B7811001800FFF7EB
:1039000079F9C046BD4604B080BD80B582B000AF35
:1039100002003960FB1D1A703A68FB1D1B7811000C
:103920001800FFF76DF8C046BD4602B080BD80B5F7
:1039300082B000AF0200FB1D1A70BB1D0A1C1A707A
:10394000BB1D1A78FB1D1B7811001800FFF77CF8CF
:10395000C046BD4602B080BD80B582B000AF020057
:10396000FB1D1A70BB1D0A1C1A70BB1D1A78FB1DAB
:103970001B7811001800FFF7C3F8C046BD4602B01F
:1039800080BD80B582B000AF0200FB1D1A70BB1D68
:103990000A1C1A70BB1D1A78FB1D1B781100180039
:1039A000FEF76AFDC046BD4602B080BD80B584B05A
:1039B00000AF02003960FB1D1A703B681A68FB1DDE
:1039C0001B7811001800FEF733FF3B6804331B68B7
:1039D0001A023B681B681B0E1343FB60FA68FB1D51
:1039E0001B7811001800FEF75FFFC046BD4604B00B
:1039F00080BD80B584B000AF0200FB1D1A70FB1DB6
:103A00001B781800FEF774FF020080231B0213438B
:103A1000FB60FA68FB1D1B7811001800FEF744FFDD
:103A2000C046BD4604B080BD80B582B000AF020084
:103A3000FB1D1A70FB1D1B781800FEF7E3FCC04647
:103A4000BD4602B080BD80B582B000AF02003960D3
:103A5000FB1D1A703A68FB1D1B7811001800FEF759
:103A600071FEC046BD4602B080BD80B582B000AFD9
:103A70000200FB1D1A70BB1D0A1C1A70BB1D1A78B0
:103A8000FB1D1B7811001800FEF7FEFDC046BD4669
:103A900002B080BD80B582B000AF02003960FB1D6E
:103AA0001A703B681A68FB1D1B7811001800FEF79E
:103AB00067FE3B6804331A68FB1D1B781100180071
:103AC000FEF77CFEC046BD4602B080BD80B584B026
:103AD00000AF0200FB1D1A70FB1D1B781800FEF7DB
:103AE00091FE030080221343FB60FA68FB1D1B78E4
:103AF00011001800FEF762FEC046BD4604B080BD4E
:103B000080B582B000AF0200FB1D1A70FB1D1B7850
:103B10001800FEF759FCC046BD4602B080BD80B516
:103B200082B000AF02003960FB1D1A703A68FB1DBD
:103B30001B7811001800FEF7E7FDC046BD4602B035
:103B400080BD80B582B000AF0200FB1D1A70BB1DA6
:103B50000A1C1A70BB1D1A78FB1D1B781100180077
:103B6000FEF72AFDC046BD4602B080BD80B582B0DA
:103B700000AF0200FB1D1A70BB1D0A1C1A70BB1D92
:103B80001A78FB1D1B7811001800FEF77FFFC04656
:103B9000BD4602B080BD80B582B000AF0200FB1D03
:103BA0001A70BB1D0A1C1A70BB1D1A78FB1D1B78EE
:103BB00011001800FEF7A8FBC046BD4602B080BD4C
:103BC00080B582B000AF0200FB1D1A70FB1D1B7890
:103BD0001800FEF791FCC046BD4602B080BD80B51E
:103BE00082B000AF0200FB1D1A70FB1D1B78042B76
:103BF00001D19D2300E012231800BD4602B080BD14
:103C000080B582B000AF0200FB1D1A70C046BD46F1
:103C100002B080BD80B582B000AF0200FB1D1A70FB
:103C2000C046BD4602B080BD80B500AFC046BD46AF
:103C300080BD000080B590B000AF7860754B1B6808
:103C4000BB62744B1B687A681A40724B1A60724BE5
:103C50001B68BB63714B1B687B63714B1B683B63C9
:103C6000704B1B68FB6290E00023FB6302E0FB6B80
:103C70000133FB636C4BFA6BD200D3583A6B1A409A
:103C8000644B1B681340F2D0674BFA6BD200D358D9
:103C90003A6B1A405F4B1B6813407B62624AFB6BB6
:103CA000DB00D31804331B687A6A134007D15E4ADD
:103CB000FB6BDB00D3180433012252421A605A4ACC
:103CC000FB6BDB00D31804331B687A6A13401800BF
:103CD00000F07CF903001A00544B1A60524AFB6B47
:103CE000DB00D31804331A68504B1B68012199403C
:103CF0000B00DB431A404C49FB6BDB00CB18043351
:103D00001A60EFF31083BB61BB693B6272B6C046B9
:103D1000464B1B6801229A401300DA433E4B1B6856
:103D20001A403D4B1A600223FB6313E0FB6B5A1EE3
:103D30003D4BD200D1583D4B1B6801229A401300E5
:103D4000DB43FA6B013A1940374BD200D150FB6B81
:103D5000013BFB63FB6B002BE8D13B6A7B617B691A
:103D600083F31088C046314B1A68314B9200D35808
:103D70009847294B1B68BB63284B1B687B63284B08
:103D80001B683B63274B1B68FB62BB6B3A6B1A409B
:103D9000204B1B68134004D07B6BFA6A134000D1A0
:103DA00062E7224B012252421A601E4B1B687A6B5B
:103DB000134027D1F2F75EFAEFF310833B613B69C2
:103DC000FB6172B6C046144B1B68BB63134B1B6888
:103DD0007B63134B1B683B63BB6B3A6B1A400D4B09
:103DE0001B68134006D10F4B1B687A6B134001D13F
:103DF000F2F745FAFB69FB60FB6883F31088C04665
:103E000000F0DEF8034BBA6A1A60C046BD4610B037
:103E100080BDC046B02800208023002084230020DD
:103E2000AC28002088230020102400208C230020B0
:103E30009023002080B588B000AFF860B9607A6048
:103E4000EFF310837B617B69FB6172B6C046FB6850
:103E5000180000F0BBF803001A00074B92007968C5
:103E6000D150FB69BB61BB6983F31088C046C04673
:103E7000BD4608B080BDC0469023002080B586B006
:103E800000AF78603960EFF31083FB60FB687B6103
:103E900072B6C0460D4B1A687B681A430B4B1A600A
:103EA0000B4B3A68D200D2587B681A431100084B7A
:103EB0003A68D200D1507B693B613B6983F310883B
:103EC000C046C046BD4606B080BDC0468023002027
:103ED0001024002080B586B000AF7860EFF3108327
:103EE000FB60FB687B6172B6C046084B1A687B6852
:103EF0001A43064B1A607B693B613B6983F3108868
:103F0000C046C046BD4606B080BDC04684230020E2
:103F100080B588B000AF78601F4B1B68BB611E4B3B
:103F20001B68013302D10023FB6105E01A4B1B68BB
:103F300001229A401300FB61184B1B687B61174BF1
:103F40007A681A6005E07A68FB691100180000F0D1
:103F500029F8134B1B687A681340F4D00E4BBA69EA
:103F60001A60EFF31083BB60BB683B6172B6C0465A
:103F70007B68DA430A4B1B681A40094B1A603B699D
:103F8000FB60FB6883F31088C046044B7A691A60B3
:103F9000C046BD4608B080BD8C2300208823002089
:103FA0008423002080B582B000AF786039607B68E0
:103FB000DB431800FFF73EFEC046BD4602B080BDA1
:103FC00080B500AFC046BD4680BD000080B584B05E
:103FD00000AF78600F217B1800221A707B68BB60ED
:103FE000BA6880235B029A4205D27B1810221A70AD
:103FF000BB681B04BB60BA6880235B049A4208D28A
:104000000F22BB18BA18127808321A70BB681B024C
:10401000BB60BA6880235B059A4208D20F22BB18A6
:10402000BA18127804321A70BB681B01BB60BB68F7
:104030001B0F084AD15C0F203B183A1812788A18D7
:104040001A703B181B781F22D31ADBB21800BD462A
:1040500004B080BDD490061080B5022801D912208A
:1040600080BD01F017FC80BD80B501F0E9FD80BD89
:10407000B0B504460078002801D0042801D31220EE
:1040800000E000201225002A2A4600D0024601291D
:1040900000D81546002D07D107F0B1F9002803D14B
:1040A0002078FD21014021702846B0BDE0B501A96E
:1040B0000870012208461146FFF7DAFF002800D0F9
:1040C0008CBD01A8007801F0D1FD8CBD1FB51C4648
:1040D00008460A9903910999029108990191079953
:1040E0000091069B1146224601F0A0FE04B010BDCF
:1040F00080B51946104602F00DF880BD80B501F07C
:1041000005FF80BDF0B593B01F4615460E461290D0
:104110001C9C08461146224601F05AFE002824D174
:1041200022980D901FAB0DCB11901E980F901D98EB
:104130000E901B980C901A9919981097189F089236
:1041400009930D9A0A920097019002910C9803909E
:1041500004940E9805900F98069011980790129865
:1041600031462A46109BFFF7B1FF13B0F0BD80B572
:10417000FFF7BEFF80BD80B5FFF7C0FF80BD80B5F3
:10418000042801D9122080BD0DF026FB80BD00005F
:10419000F0B589B00546084628431224012836D8D0
:1041A0000E9F072F33D3102F31D80F9810282ED8F9
:1041B000B8422CD30E461099022928D801910290BA
:1041C000039304920DF081FD012806D10499022980
:1041D0001DD8039A012A07D919E0039A10460499B9
:1041E000084301D0112412E005AC0198207309485E
:1041F000E080029860712771E270A170667025708E
:1042000001F0FEFC607320460DF01CFB04462046C6
:1042100009B0F0BD0707000080B5044A914201D9FA
:10422000122080BD0DF038FB80BDC0463F420F001C
:1042300080B504F037FA80BD80B504F071FC80BD14
:1042400080B504F0DFFA80BD80B504F073FC80BD5A
:104250001CB5059C0194049C009404F059FC0020BA
:104260001CBD002070470000F0B587B014460D4615
:10427000064669480068002E01D1062D17D0062E8B
:1042800001D1022D13D0082E01D1102D0FD0182EE0
:1042900001D1102D0BD0282E01D1022D07D02A2EAE
:1042A00001D1022D03D02C2E09D1012D07D1801967
:1042B00021462A46FDF7B0FE002007B0F0BD2E2EA5
:1042C00007D1062D05D1617989090329EFD2122082
:1042D000F3E7D02E05D1012D03D12078FAF7DFF9CD
:1042E000EBE7D22E05D1012D03D12178362281545E
:1042F000E2E7D52E0AD1042D08D102A804222146D6
:10430000FDF78AFE0298FAF7BDF9D6E704F020FE21
:10431000082D23D1D12E21D101281FD102A801902F
:1043200002263F4D21463246A847A11C06AF38461B
:104330003246A847211D05AD28463246384B9847DE
:10434000A11D04AC20463246354B984723882A8865
:104350003988019800880BF06DFAAEE7302E05D150
:10436000012D03D12078FAF7BAF9A6E7D32E05D1AB
:10437000012D03D120780BF06BF99EE7FF2E0AD1B7
:10438000042D08D102A804222146FDF745FE02981B
:10439000FFF767FF0CE0FE2E0DD1052D0BD102AD0E
:1043A000052228462146FDF737FE284600F078FB17
:1043B000002881D18BE72F2E05D1012D03D1207844
:1043C00007F05CF879E7322E12D1022D10D102AD40
:1043D000022228462146FDF71FFE2888411EC908F3
:1043E000E02900D973E70D4909685A22885263E72A
:1043F0001220332E00D060E7012D00D05DE702AD22
:10440000012228462146FDF707FE287801F0D8FC56
:10441000287806F0FBFF4FE7242400202C240020FE
:104420001920051080B5FFF71FFF80BD80B500F093
:1044300001F880BDF8B50E4605461224FDF790FE42
:10444000B04217D3012D15D80B480068817A00912E
:104450008572477A46722846FDF792FE0024B742DD
:1044600002D10098A84205D0FF207F2201210B46EF
:1044700009F05EFA2046F8BD7824002080B5044893
:104480000068603000210422FDF7D6FD80BDC046E3
:104490007824002070B503460A480468EFF31080C2
:1044A00072B6207D00252575257C0F262E401E70B6
:1044B000237C1B090B70E1681160411E884162B6C4
:1044C00070BDC046782400200348006800210175B3
:1044D000418201747047C0467824002010B586B030
:1044E0001548046802A801A96A46FFF7D3FF00280F
:1044F0001FD002A80178608AC840C00719D0019A6D
:10450000009B03A8082484701C0EC4721C0C8472C7
:104510001C0A44720372C2718171FF2141708221B1
:1045200001700021417104220271C1700C21F9F760
:1045300041FF06B010BDC04678240020BFB501ACD5
:10454000089D2581E380A28061802080204604F0C0
:104550000BFD04B0B0BD0000034800688821034A89
:10456000425000207047C04678240020000003031A
:10457000054800688821415C88308078814201D8F4
:10458000002070470120704778240020054800680B
:104590008921415C89308078814201D800207047B0
:1045A000012070477824002010B504460A480068AE
:1045B000006990210122134600F07AFA002804D005
:1045C00001464460902000F010FB044800688821F8
:1045D000425C521C425410BD282400207824002044
:1045E00010B50446007AF721014021720A4800689C
:1045F000006990210022012300F05AFA002804D01B
:1046000001464460902000F0F0FA044800688921D7
:10461000425C521C425410BD282400207824002003
:1046200010B50024C46106F00FFC842800D081245A
:10463000204610BDB0B5096883240022002912D09D
:10464000CD690024CC61087AC00603D4002004F0B0
:1046500087FF02E0084604F0ABFA01220028294651
:10466000ECD083240CE0D0070AD0EFF3108072B6B0
:10467000044800688921425C521E425462B60024FC
:10468000E0B2B0BD7824002080B50E4800682C222E
:10469000805CC007086802D104F0D4FE01E004F099
:1046A00053FA002801D0832080BDEFF3108072B64A
:1046B000054800688821425C521E425462B60020C0
:1046C00080BDC046242400207824002070B50B4C07
:1046D00001250422204629460BF04CFF084E30608D
:1046E0000622204629460BF045FF316808603068F5
:1046F0000168002088804880087070BD88240020F0
:1047000020240020B0B50D460446411E8841511EAC
:104710001F220A43213291B20BF00AFE002806D074
:10472000858001688160002C03D1402103E00020D6
:10473000B0BD7F21C9430173001DB0BD80B5411ECE
:1047400088410BF05DFE80BD80B5017A8A090121A8
:104750009143001F0BF026FE80BD80B50A46017A0A
:104760008B090121994340680BF05EFE80BD10B5B6
:1047700014460A464068194623460CF02FF810BD2F
:1047800010B514460A464068194623460BF0EDFF63
:1047900010BDE0B5022201ABFFF7F2FF002801D007
:1047A000002004E001A8017840780002401880B29F
:1047B0008CBDE0B501AB1A70120A5A70022200F0EB
:1047C00001F88CBD10B514460A46406819462346C8
:1047D0000BF091FF10BD011F00220A604068704776
:1047E000F8B50F48006805682878411C29700D4FFE
:1047F000398A25314E09741C002809D10020214630
:104800000BF04EFE388A25304009401C6880B41CED
:10481000012021460BF044FEA8880019A880F8BDAD
:10482000202400208C240020F8B50E48006806687B
:104830003078401E30700C49098A25314F097C1CA4
:10484000000606D10025284621460BF07DFE758026
:10485000BC1C012021460BF077FEB088001BB08005
:10486000F8BDC046202400208C24002080B50DF027
:1048700035FC80BDF0B58FB009930B920A9108907A
:104880000BF072FE0124382120460BF085FE3349DF
:10489000C97A34228154324E306000270770306864
:1048A0004770306887703068E121C1700520C00111
:1048B00031688880302008850EAD0DA90CAA2846E5
:1048C000FDF7DBFB0C9800022978090101430D98E4
:1048D00000030843001D31684885182120460BF06D
:1048E0005BFE2049086007750DF0EEFB1C980690F2
:1048F0001B9C05941A98049019980390189802909C
:1049000017980190159D009508980A990B9A099B94
:10491000F9F79BFFF9F7AEFE1D9F012C01D1F9F7C6
:1049200021FE00F08BF9012F01D100F0BBF83068B7
:104930002C21405CC0070ED1012C06D11698F9F746
:10494000BEFEF9F7DEFFF9F7E3FF0A980B992A4656
:10495000234600F003FF0FB0F0BDC0468C240020BA
:1049600024240020CC240020F0B595B0012081043F
:1049700014912E480160BFF34F8FBFF36F8FFEF786
:10498000BBFBFDF755FC00201290C043FEF7A0FBD7
:1049900004F0DEFA1390F9F7D5FD11900AF064FEE9
:1049A000109006F02CFD0F900DF08FF904F0D6FA60
:1049B0000E9004F099FC0D9006F018FD0C9006F096
:1049C00017FD0B9004F068FA044604F0C3FA05469C
:1049D000F9F7C0FD064604F06AF9074600F065F8ED
:1049E000C0B2F9B208910990F0B2E9B2E2B20B9B01
:1049F000DBB20C9CE4B20D9DEDB20E9EF6B2129F9E
:104A000000970196029503940493059206910790EE
:104A10001398C0B21199C9B20F9AD3B2109AFFF786
:104A200029FF03481499016015B0F0BD80E100E052
:104A300000E100E0B0B50546C07A1224802829D8EC
:104A4000298C172926D31448821D914222D8298AFD
:104A500017291FD381421DD8A87E00281AD006F03E
:104A6000C7FC002808D0E87E002813D0802811D881
:104A7000287F401E0E280DD8084834222946FDF70D
:104A8000CBFA0BF023FF002803D4FFF76DFF0024BF
:104A900000E087242046B0BDFA0300008C240020EB
:104AA0000020704770477047704700207047000033
:104AB000FEB515460C460646080614D402AA01AFF8
:104AC000304619463B4600F053F8002821D06006D6
:104AD00038D402988178FC220A40827001990180C2
:104AE000718001272FE0EFF3108072B602AA01AFA8
:104AF000304619463B4600F03BF800280BD002999F
:104B00008A78FC2313408B70019A0A8072800127F7
:104B100002E0002703E0002762B6002813D1EFF37C
:104B2000108072B6A0060AD41048006801680822F6
:104B30000A43026000200DF005FBFCF786FC62B61C
:104B400000260AE00027029EF570A00060210140C7
:104B5000B078032202405018B070002F04D000201B
:104B60000DF0F0FAFCF771FC3046FEBD2824002061
:104B7000F8B500924588AC081C80491C8AB2A6187A
:104B80008788BE4200D9091B0A199200BE4200D98B
:104B90006D1C0326354052191A80A3001B180833D8
:104BA000009C236092B20588521B174637408488C8
:104BB0006743354052199208D21995B2C688B5425A
:104BC00000D9C280A5420AD809B2002907D5997830
:104BD000FC220A40511C9970083000990860A542D7
:104BE00001D90020F8BD0120F8BD80B5400605D4EC
:104BF0008878FC220240901C887080BD084600F036
:104C000001F880BD80B5011DC278142A04D842681D
:104C100080788008904780BD3D2A03D8002000F0AE
:104C2000E9F880BD3F2A03D8002000F0F5F880BDE8
:104C3000602A02D8002000F0E4F880BDF8B5012019
:104C40001C21294A9047294F3860294DA88D401EC4
:104C500003263043401C8008C01C04242146224AFD
:104C6000904739684860E88D401E3043401C8008FA
:104C7000C01C21461C4DA8472A46396888601C4D37
:104C8000288E401E3043401C8008C01C214690479F
:104C90003968C860FFF718FC386842680021118045
:104CA000518083681980D180AF8D7F1E37437F1C70
:104CB000BF0897805980D980EF8D7F1E37437F1CB6
:104CC000BF089F80C768398002614361F9802A8EDE
:104CD000521E3243521C9208BA8079808761224664
:104CE000FDF7AAF9F8BDC046990506102824002052
:104CF0008C240020FEB53D4D286810300021062987
:104D000005D004C8528801AB5A52891CF7E7EFF36B
:104D1000108072B6286804680027076062B6E00752
:104D200002D0002000F04AFCA00702D5012000F0CC
:104D300045FC600702D5022000F040FC200702D5A8
:104D4000032000F03BFCE0064AD5042000F036FCCE
:104D500046E0780001A90E5A0097BF002868C019E4
:104D6000006901880288B2422AD08908891C89001A
:104D70004418A17803220A40012A02D0002A03D154
:104D80001EE0817A08300446480603D42046FFF727
:104D900039FF0AE0E078132807D2800014490A5846
:104DA000211D20469047002805D12868C0190069B8
:104DB00021880180D5E700200DF0C4F9FCF745FB00
:104DC000EFF3108072B62868C01900694188028824
:104DD000914202D100210180418062B6009F7F1C78
:104DE000032FB6D1FFF77AFBFEBDC0462824002072
:104DF000E490061080B508468978C91CF9F7DAFAFC
:104E000080BD80B508468978C27812025118091D04
:104E100089B2F9F7CFFA80BD80B50846C978027922
:104E200012025118491D89B2F9F7C4FA80BD000079
:104E3000B0B50D460446087949790902081801F011
:104E40003FFB28796979090208180CF0FFFE2879E0
:104E500069790902081804F01BFD00F0BAFE2879F0
:104E6000697909020818FFF7DFFC08480068362155
:104E7000405CC00601D40020B0BD1520E070A078D1
:104E8000BF210140A1708420B0BDC046782400201D
:104E900010B5044608794A7912021218C97806201A
:104EA0000CF05AFE0748006836214056002801D40D
:104EB000002010BD1620E070A078BF210140A17035
:104EC000842010BD7824002010B5044608794A7962
:104ED00012021218C97807200CF03EFE074800683D
:104EE0003B214056002801D4002010BD1720E0705F
:104EF000A078BF210140A170842010BD782400203B
:104F0000B0B50D460446087900281DD16879A97905
:104F100009020818FFF764FC6879A97909020818E2
:104F20002A7AE9792B4609330CF0D4FC6879A979FF
:104F30000902081801F0A4FA6879A9790902081889
:104F4000E97904F095FC28796979AA791202511857
:104F5000EA7900F03FFE094801683D200A5C002024
:104F600092060AD53D31497AC90706D01820E0706B
:104F7000A078BF210140A1708420B0BD782400201A
:104F8000FEB50D4604460879002823D16879A97931
:104F900009020818FFF724FC2A7AE9796879AB79C5
:104FA0002E4615362F460F37009701961B0218180C
:104FB0002B4609330CF028FD6879A97909020818F5
:104FC00001F05EFA6879A97909020818E97904F014
:104FD0004FFC28796979AA7912025118EA7900F010
:104FE000F9FD094801683D200A5C002092060AD5B7
:104FF0003D31897A890706D51C20E070A078BF2151
:105000000140A1708420FEBD7824002070B50446C4
:10501000144D28683626805D00280ED108794A791B
:10502000120210188A7BCB7B1B029A18891D0CF088
:1050300013FD2868805D002812D00B4801683D20D0
:105040000A5C002092060AD53D31497AC90606D588
:105050001920E070A078BF210140A170842070BDAC
:10506000002070BD242400207824002010B50446C0
:105070000879491D0CF02BFE0A4801683D200A5CA6
:105080000020920604D53D3109228956002900D41A
:1050900010BD1A20E070A078BF210140A1708420CB
:1050A00010BDC0467824002010B504460879491D7B
:1050B0000CF00EFE094801683D200A5C00209206B3
:1050C0000AD53D31897AC90706D01B20E070A07847
:1050D000BF210140A170842010BDC046782400206B
:1050E0000020704700207047002070470020704764
:1050F0000020704701710023C370090A41711178C3
:105100008171517893780372C171D178127982726A
:1051100041727047002202710122C2704170027018
:10512000090A8170704710B51378837153788C1E0B
:105130000472C3710930911CE2B2FCF76DFF10BD1F
:10514000F0B585B01746039104465068407A049044
:105150000621164D1046A847029008213846A84758
:1051600001900A213846A84706460C213846A84730
:105170002A4605460E21384690476074290A217454
:10518000E573310AA1736673019A110A2173E27201
:10519000029A110AA1726272039A110AE171A27154
:1051A00004992172000AA07405B0F0BD9347051060
:1051B0001CB51F2903D801AA1180406805E040688A
:1051C00001AC22460BF087FA2188401800791CBDFB
:1051D000F8B515460E4604465068407A0090062100
:1051E0001046FFF7D6FA074608212846FFF7D1FAFE
:1051F000B91EE1726072009A2272320AE271A671DF
:10520000000AA072CAB2A8890C34801D81B2284657
:105210002346FFF7B5FAF8BD70B51C4605465E8813
:10522000100AE870AA70080A687029709889401CF2
:1052300081B21846FFF7BCFFB11E0A0AAA71697154
:105240002871A089EB1D8AB2801C81B22046FFF72D
:1052500097FA70BDB0B51C465B88150AC5708270A0
:105260000A0A42700170591E8A080271A589431DFD
:105270008AB2681C81B22046FFF782FAB0BD70B5D1
:105280001C4605465E88100AE870AA70080A687015
:1052900029709889401C81B21846FFF789FFB11E1A
:1052A0000A0AAA7169712871A089EB1D8AB2801C53
:1052B00081B22046FFF764FA70BDB0B51C465B882A
:1052C000150AC57082700A0A42700170591E017178
:1052D0000A0A4271A589831D8AB2681C81B22046E0
:1052E000FFF74EFAB0BDB0B51C465B88150AC57015
:1052F00082700A0A42700170591E01710A0A4271D5
:10530000A589831D8AB2681C81B22046FFF738FA4E
:10531000B0BDB0B51C465B88150AC57082700A0A1C
:1053200042700170591E01710A0A4271A589831DDC
:105330008AB2681C81B22046FFF722FAB0BD70B570
:105340001C4605465E88100AE870AA70080A687054
:1053500029709889401C81B21846FFF729FFB11EB9
:105360000A0AAA7169712871A089EB1D8AB2801C92
:1053700081B22046FFF704FA70BDFEB51C46174601
:1053800002910546588801909889401C81B21846C0
:10539000FFF7FFF90646A089C01C81B22046FFF73F
:1053A000F8F90199491F0A0A6A722972A871320A2A
:1053B0006A712E713A0AEA70AF70029B1A0A6A701B
:1053C0002B70000AE871A0890A358AB2401D81B2AB
:1053D00020462B46FFF7D4F9FEBDF8B51C4617460C
:1053E0000E460546588800909889401C81B21846A0
:1053F000FFF7CFF90099C91E0A0AEA71A97128714D
:105400003A0AEA70AF70320A6A702E70000A687148
:10541000A08908358AB2C01C81B220462B46FFF70E
:10542000AFF9F8BDF8B51C4617460E460546588834
:1054300000909889401C81B21846FFF7AAF900999C
:10544000C91E0A0AEA71A97128713A0AEA70AF7096
:10545000320A6A702E70000A6871A08908358AB213
:10546000C01C81B220462B46FFF78AF9F8BD7CB5F7
:105470001D46044602728171100A6072080AE071CA
:10548000079EB089C01881B2022201AB3046FFF7F7
:1054900077F90698801E20730199A172090AE172BA
:1054A000B1896918891C89B20D34C2B230462346CD
:1054B000FFF766F97CBDB0B515460446059AC27182
:1054C000049860712371A5702170130A2372000A79
:1054D000A071280AE070080A607006988189093472
:1054E000C91C89B22346FFF74BF9B0BD70B515460C
:1054F0000446059A02720498A0712371A570217068
:10550000160A6672000AE071180A6071280AE070D3
:10551000080A6070069881890A34491D89B22346B9
:10552000FFF72EF970BDB0B51C465B88150AC57033
:1055300082700A0A42700170591E01710A0A427192
:10554000A589831D8AB2681C81B22046FFF718F92D
:10555000B0BDB0B51C465B88150AC57082700A0ADA
:1055600042700170591E01710A0A4271A589831D9A
:105570008AB2681C81B22046FFF702F9B0BDB0B50F
:105580001446049AC2704170150A05710F252D0248
:105590000D40A107890C49199B03C918090A81709C
:1055A000431D05980021FFF7EBF8B0BD0170002204
:1055B0008270090A4170704700207047E0B501AA67
:1055C000D07001209070102050700421117010468E
:1055D000F8F7F0FE8CBD00207047002070470000F7
:1055E0001CB511480468FFF7F8FF882807D00C287D
:1055F00005D05D34002808D1022060701CBD052054
:105600000CF0A0FDFBF721FF1CBD0020607020788E
:105610007F210140217001A98620487080200870F8
:10562000022000F0BFF91CBD2C24002070477047F9
:10563000074909685D228A5C88231A4204D07231C6
:1056400009884140080501D00020704701207047BB
:105650002C24002080B5406901490CF0AAFE80BDD1
:105660006556051080B5022807D0012809D000280A
:1056700006D10020F8F719FF80BD0020FFF7D7FF03
:1056800080BD002000F002F880BD0000F0B587B0BA
:105690003148046806A9049100200190087005AE05
:1056A0000120307000F050F95D200394275C781ED3
:1056B0003D468541202038404442029044410498B0
:1056C000314600F051FD002F01D101283ED12C4080
:1056D00038D105A80078002834D0039C20465D30DE
:1056E000C07B002834D02834029D002D03D02178BF
:1056F0000020FFF770FF06A80078012802D10020E3
:1057000000F0F6FC00F0FCFA002804D10020012192
:1057100000F0CEFA0190002D0AD021780120FFF789
:105720005AFF002804D00198002801D000F02CFA7C
:1057300006A80078012809D106200CF003FDFBF72C
:1057400084FE03E00120014600F0B2FA07B0F0BD8C
:1057500000200121F8E7C0462C240020FEB51F469A
:105760000192029105460124782120460AF014FF97
:10577000E12189005A228152244E3060012D17D137
:10578000012006210AF008FF014630688163012FDD
:105790000ED101250E27284639460AF0FDFE316854
:1057A000C864284639460AF0F7FE014630680165AC
:1057B000029901290BD10198012805D11C20012152
:1057C0000AF0EAFE3168C8621148847E01E00021D7
:1057D000C162142120460AF0DFFE316848650D4C95
:1057E0000421012220460AF0C5FE31680862032523
:1057F0000222204629460AF0BDFE31684862064A68
:105800000723084629460CF0FBFCFEBD2C24002093
:105810008C2400208824002055560510B0B504467D
:10582000002108252A46FCF707FC2078DF210143E8
:1058300021706078092101436170A1782943A1702A
:10584000114909685C22895C890602D50F21084349
:10585000607009F009FF012807D160781221014327
:105860006170A07807210143A17005F0BFFDC0B2AF
:10587000012807D16078E02101436170A078802180
:105880000143A170B0BDC0462C24002080B509F0B2
:10589000EBFE80BDF0B585B0054604A80027077073
:1058A0001224012901D9204648E00E462448006808
:1058B00000900CF085FF002840D100995C310878F9
:1058C000C00711D1C87830430E46C87003A807211D
:1058D0000170002D12D0022D08D0012D20462DD1AF
:1058E00004A81021017009E00C2027E004A8202161
:1058F000017003A900F0A2F900281FD100F0D6F929
:1059000000281BD10098603000F0CCF9002815D198
:105910000498012131740843307000F015F801AC8F
:105920002046FFF77BFF204603F024FAF84301905E
:1059300004480290204603F00DFA384605B0F0BD49
:105940002C240020FF9F0020064800685C21415C59
:105950008906890F04D05C30C17802220A43C270E4
:105960007047C0462C240020B0B55C2806D10C48F6
:1059700004685D3400256057002800D4B0BD60780D
:105980000228FBD1557080201070C8B2114600F07B
:1059900009F8657020787F2101402170B0BDC046B4
:1059A0002C240020F8B5002916D00E4605460978AB
:1059B0000024C80720461FD188070FD448070FD4FA
:1059C00008070FD4C8060FD488060FD448060FD492
:1059D00008060FD507200FE012243CE001200BE061
:1059E000022009E0032007E0042005E0052003E091
:1059F000062001E00020C0433070184800684E21A6
:105A00004056002827D516482818032101430D3198
:105A1000880883B213480068806902214722FFF793
:105A200047F8002816D00746001D29463246FFF7E2
:105A30007AFB0420787207203872E81C010AF97199
:105A4000B871FF2078718220387102203946FFF743
:105A5000CCF800E007242046F8BDC046782400209A
:105A6000FDFF030028240020BCB511480068446DE8
:105A700009F0FAFD002802D00E48807E00E00120E7
:105A8000C5B21134002D11D0207800280BD020464B
:105A90000F380078800706D560786A4610700020BD
:105AA0000121FEF72BFB14346D1EEBE7BCBDC04695
:105AB0002C2400208C240020F8B5044668460025DC
:105AC000057009F0D1FD002805D06D462046294615
:105AD00000F0FEF92D7809F0C7FD002802D0264815
:105AE000837E00E0012314267543244F3868416DFE
:105AF0004C19A57802222A4002D0A41C002525704A
:105B00001131DBB2002B0AD00C78002C04D00C46EB
:105B10000F3C2478A40726D45B1E1431F2E7002A38
:105B200021D0002421460CF080FB154800684E214E
:105B3000405CC00717D013480068806944220225E2
:105B400029462B46FEF7B4FF00280CD0014685718C
:105B5000C4710472FF2048718220087104204872C9
:105B60002846FFF742F86846007846433868406D9B
:105B7000801900214174F8BD8C2400202C240020C1
:105B800078240020282400207CB50D4C25685C205A
:105B9000285C8006800F12D05C35E8780226304001
:105BA0000DD101A8694600F0DFFA6978014306D1FA
:105BB000E8783043E870206801210CF036FB7CBDAA
:105BC0002C24002080B50020FFF776FFFFF7DCFFD4
:105BD00080BD704780B5002A03D00846FFF7F2FF6A
:105BE00080BDFFF723FD80BD044800685C21415C57
:105BF00030200840411E88417047C0462C240020B8
:105C0000034800685F21415C012008407047C0469E
:105C10002C240020084800685C21415CCA0606D498
:105C2000890606D45C30C178012008407047012005
:105C3000704703207047C0462C2400201220704774
:105C400080B504F017FD80BD80B5C00701D10020EC
:105C500080BD0846114603F066F980BD80B5C007D7
:105C600001D1002080BD03F05AF980BD70B594B019
:105C70000446FFF7F3FF06466D463E3568460BF0D7
:105C8000D3F800280BD1002E09D1684640780121B5
:105C9000014020462A46FFF7D7FF0646EEE7F0B25E
:105CA00014B070BD80B503F051F880BD002070477E
:105CB000B0B502461048006805465A35002908D19B
:105CC000A97889060024890F14D0697902230B4032
:105CD00010D0002A01D0094B03E07D21C9002B8898
:105CE0004B430124214622460CF0D5FA6879FD2168
:105CF000014069712046B0BD2C24002030750000A1
:105D0000BCB50D4D28685F21405C800701D40C2490
:105D10000FE06C4620460BF097F92046FFF7C2FFD4
:105D20000446002805D12868663069460622FCF73B
:105D300073F92046BCBDC0462C240020B0B50D46EA
:105D400004460F4800685C21405C8006800F05D047
:105D500001202870204600F015F80EE0FFF75AFFEA
:105D6000002805D001202870204600F01FF804E02C
:105D700000202870204600F00FF80020B0BDC0467B
:105D80002C24002080B50349096866310622FCF7FF
:105D900043F980BD2C24002080B503490968062200
:105DA000FCF73AF980BDC0462424002080B50349A1
:105DB000096860310622FCF72FF980BD2C240020F1
:105DC000024909686C2288547047C0462C24002080
:105DD000431E022B09D300280CD0032809D101202F
:105DE00001404942122008407047002A01D1104664
:105DF00070471220704700000146103905290AD863
:105E00000020C0467944097949008F4402080A09F4
:105E1000080C032070471D2801D101207047052080
:105E2000704702207047042070470000F0B58BB027
:105E300015460F460146FA061220002A3FD51C4699
:105E400001239A0395423AD8944238D80A9313987A
:105E50000990129808901198069010980790194888
:105E60000068466D0020049070703170FFF7D2FE1C
:105E700005903846FFF7C0FF0246707820210143A5
:105E80007170042A08D81721D140C90704D051B233
:105E90000DA3595C08437070069800900898019013
:105EA0000798029009980390A8B2A1B2059B02F04E
:105EB0008DFE00280A9902D10498B07431740BB099
:105EC000F0BDC0462C24002028702870300000004F
:105ED00070B502460B48847E0B480068456D10354E
:105EE000002003469C4208D02E78002E08D0AE78C1
:105EF000964204D014355B1CF4E7234600E00120F1
:105F00000B7070BD8C2400202C240020F8B50446B2
:105F100019480068476D002C0DD0387C002823D02C
:105F20000020014600F02AF80546002822D1FFF79C
:105F3000E7FE064600E00C26204602F0A7FE0546D6
:105F4000002817D10025204629462A4600F070F87F
:105F5000002C0BD001207874002E0BD10025284690
:105F60002946FFF7A5FE05E0D32503E000257D7453
:105F7000FFF70AFE2846F8BD2C240020F8B5284A71
:105F8000927E12258A4225D9002800D1014614228A
:105F90004A4324480068436D99184C78A006C60F00
:105FA0000020002E02D01027274014D1002E02D14D
:105FB000082634400FD19E5C4C688889214600F049
:105FC000BBF81949884208D00019817848070BD4DA
:105FD000D42000E02846C0B2F8BD032E2846FAD8E7
:105FE000F1001248C840F6E7032E2846F3D8C04611
:105FF0007E4436797600B74401060D010320014046
:1060000005D10846E7E703200140012906D02B20EF
:10601000C043E0E7032001400229F8D10020DAE77D
:106020008C2400202C240020FFFF000000D4D4008A
:1060300070B50346002900D10A4629480068416D21
:10604000012B0CD114235343CA5C012A33D0022AFA
:106050003ED1CA1894780420204390703AE014236B
:106060005343C9188E1C8978890721D500242146FD
:106070000CF0DBF81B4800684E21405CC00717D0CD
:106080001948006880694422022529462B46FEF7FC
:106090000FFD00280CD001468571C4710472FF20E9
:1060A000487182200871042048722846FEF79DFD41
:1060B0000020307070BDC9184A788B7813430222D3
:1060C0001A438A7000210122084B0CF0E4F870BDDD
:1060D000C8188078C9184A7802438A7070BDC046D3
:1060E0002C240020782400202824002020BF020037
:1060F00080B500F001F880BD80B505490968496D9B
:10610000497C012902D102F0C1FD80BD002080BD83
:106110002C240020B0B50C460546C0B208F09EFE07
:10612000002800D0B0BD03490968496D8D814C60DD
:10613000B0BDC0462C240020B0B50A4A03280FD3B6
:1061400000239DB24C5D022C03D16D186D78012D9A
:1061500005D01B195B1C9CB28442F2D300E01A46A6
:1061600090B2B0BDFFFF0000F8B5054600260670EE
:10617000012400910C7016480068476DFFF786FBFC
:10618000002801D01348847EE1B2113730463246F0
:1061900000290FD03B78002B09D0022B00D1012021
:1061A0003A460F3A137801229B0700D5164614375A
:1061B000491EEDE7012A01D101212970012802D0F1
:1061C000F0B2012802D1002000990870D0B2F8BDC9
:1061D0002C2400208C24002080B50120FFF78CFFA8
:1061E00080BD0000F8B5012098210AF0D5F92B4EAA
:1061F00030602B4FF87A397B0818142421460AF0B6
:10620000CBF9326800255563D562F97A03462F46EB
:10621000B9420AD01D615F701F703268D362254693
:106220007D43451914337F1CF2E7002313631C4A96
:10623000127B5218CDB2AA420AD96543FF274755AF
:1062400045192B61697033681D63491C2B46F1E7C2
:106250009006000E411C134C012220460AF08AF9D8
:10626000316808620E4DE87A297B08188006010E15
:10627000022220460AF07EF934686062E87A297BBF
:1062800008188006010E084A072320460BF0B8FFC5
:1062900000F0F2F90DF0FCFBF8BDC0463024002000
:1062A0008C24002088240020AD62051080B5406950
:1062B00001490CF07EF880BD25660510E0B5002090
:1062C0000090064B0146024600F00AF8002804D070
:1062D00007200BF037FFFBF7B8F88CBD3D630510C6
:1062E000F0B585B004930192029107460220384030
:1062F000039001243C401048056834350A9E2D68FF
:10630000002D16D0002F0CD0002C03D02889029924
:1063100088420CD10398002803D0688901998842EB
:1063200005D128463146049A9047002802D11035FD
:10633000E5E7002005B0F0BD30240020B0B50446EC
:1063400080880025C00501D4284606E0628921899D
:1063500002200CF083FD002800D0B0BD20896189A7
:10636000042902D100F0ACF8EEE700F017FB6189D8
:1063700020890DF07EFC00202081094909684B6BC3
:10638000A34205D01A461B69A342FBD1103201E09B
:106390000A463432236913600A6B22610C63B0BD74
:1063A0003024002080B50020FEF7C8F90D49098A85
:1063B0002531490988420FD9491CE9F741FF0246B6
:1063C000422000210CF086FE002804D008200BF0AB
:1063D000B9FEFBF73AF880BD082000210BF0C4FE9F
:1063E00080BDC0468C240020BCB50C46002813D0CC
:1063F0002588204602F0BFFE0146284600F02EF810
:10640000002809D06088002806D0A1891F2908D853
:1064100001A8018060680AE02046FEF795F9002097
:10642000BCBD606801AD2A460AF055F929884018BC
:106430000079C10704D11B2808D01D2806D009E027
:106440001E2803D302210843232803D120460DF040
:1064500023FBBCBD204600F027F9BCBD074A1268EB
:1064600034321268002A07D01389834202D153893B
:106470008B4201D01032F4E71046704730240020E0
:10648000F8B504460D4E3068C56A2969C1622F8887
:10649000002114222846FBF7CFFD04206881172035
:1064A000E8802C812F803068416B4563296120464C
:1064B00000F070FA20460DF0D8FBF8BD3024002023
:1064C000F8B504460BF0EBFC1C480068466B002E48
:1064D00032D0374636693889A042F8D100257A890A
:1064E000E8B2032804D8214600F02AF86D1CF6E72C
:1064F0002046114600F052FA798920460DF0B9FB8A
:10650000002038810D480068426BBA4205D0114620
:106510001269BA42FBD1103101E0014634313A69C7
:106520000A607989042903D1C16A3961C762CEE75B
:10653000016B39610763CAE7F8BDC046302400200B
:1065400010B504460846114600F058F880000019BE
:10655000C1B2024800680BF068FE10BD3024002074
:10656000B0B50C4605464888001D81B22046FEF7AE
:10657000F4F82846214602F029FF002804D02046DE
:10658000FEF7E2F88120B0BD0020B0BD0988808808
:10659000084000D086207047098882880A4382809C
:1065A00000207047098882888A43828000207047D3
:1065B0000749096834310968002904D00A898242F0
:1065C00003D01031F7E7FF20704708787047C046C6
:1065D0003024002010B504460846114600F00EF89D
:1065E00080000019C1B2034800680022024B0BF082
:1065F00052FE10BD3024002030750000084A126899
:1066000034321268002A07D01389834202D1538999
:106610008B4203D01032F4E7FF2070475078704768
:106620003024002080B581080A48006834300068B2
:1066300000280ED042788A4201D01030F7E70121BD
:10664000090282880A43828007200BF07BFDFAF75B
:10665000FCFE80BD3024002010B54489042C00D0FD
:10666000062461188AB201890020FEF74BF8002841
:1066700000D0848110BD000010B5084C2068403067
:106680000BF052FF206838300BF04EFF04480549EC
:106690003C22FBF7C1FC01F0EFF810BD30240020D4
:1066A0003424002030910610F0B587B004460588E8
:1066B00002F061FD01462846FFF7D0FE0546204660
:1066C00000F058F8064600F05BF80F2819D11E2E8E
:1066D00047D04020304044D105212846FFF7BCFF79
:1066E000002845D007460021062230463B4600F0F0
:1066F000FDFA68893946FFF733FF0746002834D191
:106700002FE0019500251E2E2F4616D04020064072
:106710002F4612D1019B9888C00718D15A89198930
:1067200000263046FFF756FF0746002805D1019A9C
:106730009088012101439180374602A80580069583
:10674000059501990491039400F054F80DE0083385
:106750004220032102220DF0EBF8002801D084270B
:1067600003E02046FDF7F0FF0027384607B0F0BDF4
:106770008827FAE780B5818901F04DF880BD0000D7
:10678000811E1E2916D800207944097949008F44BA
:1067900018170F1719171B171D171F172117231766
:1067A0002517171727172917171717172B172D0036
:1067B0000120704752281BD0D22801D10A207047EF
:1067C0000F20704702207047032070470420704755
:1067D0000520704706207047072070470820704743
:1067E0000B2070470C2070470D2070470E2070471B
:1067F00009207047F0B585B004460078002807D11D
:106800006068FFF7B7FF6070A568E86800283CD0B3
:1068100065782846FFF7B4FF0E2808D880005B494A
:106820000958002903D020468847074607E0A0689A
:10683000C36800210622284600F058FA86276168BE
:10684000002919D0882F03D0842F0CD0072F10D106
:106850004F48006840300BF06BFE09200BF072FCD3
:10686000FAF7F3FD08E04A48006838300BF060FEA4
:1068700009E00846FDF768FF862F01D0002F02D1FE
:10688000A06800F047FA05B0F0BD67683846FFF72A
:1068900071FF0646FFF774FF7988EA8804230293A4
:1068A000002391423ED80E283CD801934200344B3D
:1068B0009A5A344BC340DB0705D180239A43914257
:1068C000019B03D02EE09142019B2BD3411E032953
:1068D00001D307280DD104A903AA029238460F4616
:1068E00000F049FF3B8802980088834218D8002BAB
:1068F00016D066683046FFF73DFF074635883046BC
:1069000002F039FC01462846FFF7A8FD05461E2F78
:106910001DD0402038401AD1162F1BD1718826E097
:106920000120029086271E2E89D04020304086D13B
:10693000019305212846FFF78FFEE86000281DD04F
:10694000034630460199029A00F0D0F977E700201B
:10695000E8605DE73846FFF713FF0E2800D96DE7C2
:1069600040000949095AE888814200D30146284677
:10697000FFF772FEE860002800D049E788275EE74D
:106980006C910610CC4F00008A9106103424002030
:106990003024002080B500F081FF80BD70B50C462A
:1069A000054601F021F8074E32684032284621465C
:1069B00000F00AF8326838322846214600F004F820
:1069C00070BDC04630240020F8B50D460646009242
:1069D0001468002C11D02746E4693888B042F8D1F9
:1069E000384602F0C8FBA842F3D1009839460BF0B4
:1069F000AFFD3846FDF7A8FEEBE7F8BDF0B585B072
:106A00000F4F386840300BF0C3FD0446200414D00B
:106A10006D4600202870386840300BF0AFFD0190C3
:106A2000068802F0A8FB01463046FFF717FD0290EA
:106A30002846FFF7DFFE641EE8E705B0F0BDC0465C
:106A400030240020F0B58BB00A9314460D4607465B
:106A5000FFF704FD002811D00646049780880C2714
:106A600041077FD4022C01D180077BD40295039487
:106A7000109C0A9B012B03D8032503E0122771E029
:106A80009800451CA01C1946002904D002885519FD
:106A90000830491EF8E7F088022B02D3A9B28142E0
:106AA00060D8A9B2814200D30546A9B2304606910A
:106AB000FFF7D2FD00280ED007460398022807975B
:106AC00001960FD1B9891D22384600F089F80A983D
:106AD00001280FD04EE008200BF034FBFAF7B5FC8C
:106AE00088273FE0B9890A9801283ED11B22384601
:106AF00000F076F82288B889401C81B23846FDF74C
:106B000058FE6368B889E91E8AB2C01C81B2384653
:106B1000FDF758FE07984580039D022D0CD10120FA
:106B20000499029AFFF756FD0028019C0CD00746F5
:106B30000798FDF709FE15E0E807019C04D0079AC5
:106B4000107A08210143117202980799FFF708FD96
:106B50000746022D06D1002F04D1A088022101434F
:106B6000A180002738460BB0F0BD2322384600F044
:106B700037F80A98A71C012105950028CAD00A9069
:106B8000079DA8894018089181B2BB1E022428469F
:106B90002246124EB047A889089E3018801C81B248
:106BA0002846099422463B460C4CA047311DA88933
:106BB00040188EB206998A1B39888A4200DB0A4641
:106BC00009997B5881B294B228462246034DA847C2
:106BD000A11908370A98401E059DCEE7C547051044
:106BE000BCB514464068202904D301AD2A4609F0FB
:106BF00072FD298840180471BCBDF8B51D461446C5
:106C00000F460646FFF7B6FD0E21C943D22800D035
:106C10000C317088081882B20699BA4205D90D2045
:106C2000087000202880862709E000270F70288040
:106C3000B089C01C81B230462346FDF7A1FD38461D
:106C4000F8BD0000F0B589B01F4603920E46054618
:106C5000FFF704FC002845D00446C068002841D056
:106C600002970F9801900E9800901F4807683837D8
:106C70003F68002F0FD03888A84204D1384602F070
:106C80007AFAB04201D01C37F2E717480068383072
:106C900039460BF05DFCE068FFF76CFD411E029881
:106CA000002813D0C8B21E2807D04022114004D1BA
:106CB000E3680399029A00F019F8204600F02AF8D8
:106CC000002F0FD03846FDF73FFD0BE004A8009AD7
:106CD0008281417001210170019908910694059704
:106CE000FFF788FD09B0F0BD30240020BCB5002BB3
:106CF0000FD01C466B4699705870012018701A719D
:106D0000080AD870A189052520462A46FDF75AFDB4
:106D10006580BCBD10B50446C068002815D0418808
:106D2000091D89B2FDF719FDE1686089FFF718FCBC
:106D3000002808D1628921890020FFF701FCA08882
:106D400001218843A0800020E06010BDE0B501A8CB
:106D50000221018000900020044B01460246FFF70B
:106D6000BFFA8638414248418CBDC0468D6505104A
:106D700010B50A48046838342468002C09D020462D
:106D8000FFF7F8FC1E2802D04021084003D01C3435
:106D9000F2E7002010BD012010BDC04630240020C5
:106DA00070B5084D2868846B002C0AD0E669286805
:106DB000383021460BF0CCFB2046FDF7C5FC3446AD
:106DC000F2E770BD302400207CB50446806841891C
:106DD00004291AD160688189491C89B2FDF7D9FC60
:106DE0000546172800D817251D4E308A854200D346
:106DF0000546A368988800070FD4198902202A46FF
:106E00000CF066FA002814D07CBDC3680220002173
:106E10000622FFF76BFF86207CBDD888A8420ED0E3
:106E200008334220032102220CF082FD0028EBD11E
:106E300005E0A068C580818808220A438280308AE4
:106E400001AB587003251D70000A9870A068C468D3
:106E5000A18920462A46FDF7B5FC658000207CBD4F
:106E60008C240020F0B58FB00146406801918968FC
:106E7000CF680DAD0EAC2946224600F07CFC288878
:106E800007900DF017FA02462088029000252B4645
:106E900000950395002A069550D0508807900299D6
:106EA00088424BD8A8B2C01801998968C98888421D
:106EB00044D81C4608AD05921046294600F0BAFF9A
:106EC0002E7C0398000606D00098864239D1C0086F
:106ED0000490069D16E0B98905223846FFF780FE2A
:106EE000102E01D0022200E00122069DB889401C2C
:106EF00081B238460392FFF773FEAD1CF008049090
:106F0000841C0096B889401981B23846079AFDF76B
:106F100050FCB8892818861C08A80BF000FB034613
:106F2000B1B20498C2B23846FDF74CFCE0B22D185D
:106F300005980DF021FA02462346ABE703980006B8
:106F400003D006987880002007E0079881B20420DB
:106F50000A223B46FFF7CAFE86200FB0F0BDF0B50F
:106F600091B0074609AC1020207478688189491DCA
:106F700089B2FDF70EFCA08178680FAE0EAD3146E8
:106F80002A4600F0F8FB368878680697B968448886
:106F9000C868818907220290FFF722FEE01F298836
:106FA00004910121059180B203900196059887B262
:106FB0003C1D06988068C08884423CD8B0B209AABB
:106FC000049901F0A7FA002835D0054610A80090D2
:106FD000002208AB0698294600F0E0FB862828D05E
:106FE000002836D16E8808984368069840688189E1
:106FF000C91D89B2039F3A46FDF7B9FB0899098874
:10700000B94216D1002814D107AF3E70300A78700B
:10701000284600F037FF0646B870000AF87002985C
:107020008189059A891889B204223B46FDF7CAFB7B
:107030000594761CBAE7012F07D106200A22019990
:10704000029BFFF753FE862003E0029805994180DA
:10705000002011B0F0BDF0B597B00446406815A906
:1070600014AA00F088FB0A9460688189491D42884F
:1070700089B2072A05D1FDF78CFB0FA98881102062
:1070800004E010220FABFDF77BFB80200FA90874F2
:107090000A984078102801D0022100E004210791CD
:1070A0000A9A9168CC68CB8805931278002A0494D8
:1070B0000AD06588022D15D3A089401C81B22046D4
:1070C00000F0A9FB06460EE015AA1588102812D17B
:1070D0000FA801F081F9002800D1B8E00895A18936
:1070E00011221BE00026A089401981B22046FDF73D
:1070F00050FB089018E00BA8058102220271149A37
:1071000042810B910FA90E9101F0A8F9862802D1B6
:1071100016A812229DE00895A18909222046FFF7B2
:107120005FFD0125658000260598801E019014A84A
:10713000008803900996F6B20695AFB2B819059982
:10714000884274D8089885B20FAA2846039901F09E
:10715000E1F900286BD00446029516A8009000259E
:107160000BAB0A9821462A4600F018FB00284FD1A5
:107170000B98008807990918012F11D1FF2900D316
:10718000FF210198814200D301990991CAB2049E5E
:10719000B089401C81B23046FFF722FD022703E090
:1071A000B142049E069F5CD16588204600F06AFECD
:1071B0000890B089C01981B230462A46FDF7F9FA25
:1071C000079809990A1A3C46BF1C0A98407810286B
:1071D0000AD1B089C01981B23046089D17462A46A7
:1071E000FDF7E7FA3A46271D2C46B089C01981B24F
:1071F0000B984368D5B230462A46FDF7E3FA7D196D
:10720000758002200A990870601C0890099E91E719
:107210008628069A16D084280546049821D18189AB
:10722000891889B2029AFDF7C4FA842519E0012F62
:1072300006D116A80A22027015A80588049C09E048
:1072400000250EE016A80278049C089D02E016A80E
:10725000102202700A984078A9B22346FFF746FD33
:107260008625284617B0F0BDF0B58BB0054680687E
:10727000C468C7882878002824D02E460C36059686
:1072800068688089401C81B2042204AB2046FDF767
:1072900077FA308869787F1E0C2903D1874253D250
:1072A0000499401A80B2874200D30746BAB2736885
:1072B000A089401C81B22046FDF784FA781C6080CA
:1072C00000204DE068780C28029707D16868818912
:1072D000C91C89B2FDF75DFA0D2201E00B220020E6
:1072E00004AF03903880A1892046FFF779FC6868D5
:1072F0008189491C89B2FDF74CFA0646788007A8B7
:10730000068101270771A968079101F0A7F886286F
:1073100001D1122715E030460CF0A4FF002810D050
:10732000014606A8009005AB2846039A00F036FAFD
:10733000002817D0842818D0862811D106A80778ED
:1073400007E006A8077004E006A80B27077004A84A
:107350004688687831463A462346FFF7C7FC8620C0
:107360000BB0F0BD059E029F93E7A089401C81B23F
:10737000042204AB2046FDF725FA8420F0E7F0B59F
:107380008DB08168CE68C988069101780029079080
:1073900009D07788B089C01981B23046FDF7F9F974
:1073A000079902460CE040780E2801D0212200E027
:1073B0000F22B1893046FFF713FC012217460799C7
:1073C00048688078801AC0B245080878002802967C
:1073D00066D0079908460C300190EDB2FF35E8B24F
:1073E00000230393A84200D1B3E0BCB20698A042A8
:1073F00000D8AEE0486881890592891889B20222D6
:107400000CAB0492FDF7BCF907990878012802D16A
:10741000019808900DE00CA800880CF023FF0146AD
:1074200007988068008908AA00F0C6FD079984289B
:1074300065D00698041B48780E2809D1B089C11977
:1074400008980288944200DB144689B2A2B213E085
:10745000B089C01981B2089A304616883246FDF7C5
:10746000A8F9A41EB44200D33446A2B2BF1C029EA7
:10747000B089C01981B2089843683046FDF7A2F977
:107480003F197780079948782028059A04D10698F3
:10749000C01B80B202285CD304980870921C9CE741
:1074A00000210592079C88B2A84292D2049149001B
:1074B000606882895118491C89B202220CABFDF721
:1074C0005FF908A8012606710C990181A16808914D
:1074D00000F0C4FF86282AD00CA800880CF0C2FE59
:1074E000002827D0079989680989012200F0EEFC5D
:1074F00000281ED10499491C029E059AD3E70CA8C6
:1075000003888868428901890020009002200BF0DE
:1075100045FE03900028059A1BD17780B089C019D9
:1075200081B292B23046FDF744F9842010E0122671
:1075300000E006460CA80188079840780E2801D183
:107540000E2000E020203246029BFFF7CFFB862072
:10755000039003980DB0F0BDF0B589B004460078F3
:10756000002801D000203BE06068A168C96806914E
:1075700046888189491C89B2FDF70BF90546F11E41
:107580006078002752280CD0D2280ED1A0684089FC
:10759000042824D10F3E05220127002004900596DF
:1075A0000EE00591042204970AE00591069EB18938
:1075B00013223046FFF714FB012004907080032251
:1075C00007AB2046294600F036F9024608A80270AB
:1075D000002A07D060782946069BFFF787FB8620A4
:1075E00009B0F0BD002F08D06168A06800890AF0DA
:1075F00094FC002801D00022ECE76168079808AAF3
:1076000000F0DAFD0028EBD0842812D16068A16870
:107610004A890989059B9BB20095019302900A2033
:10762000049B0BF0F5FD0028DAD100206060842077
:10763000D6E708A80278CDE770B586B00446007892
:10764000002814D0A589A068C188491FA94200D884
:107650000D46AAB22369C0688189491D89B2FDF728
:10766000B1F8681DA168C9684880002040E06068E2
:107670008189491C89B2FDF78CF80546032205ABC8
:107680002046294600F0D7F8002808D00246A06816
:10769000C36816202946FFF729FB862028E060688A
:1076A0008189C91C89B2FDF774F806466068A16833
:1076B0004A89098943885B1F9BB200960193029017
:1076C0000A202B460CF00CF8002811D103AB5D709A
:1076D000280A9870DE7017201870300A1871A06898
:1076E000C06881890522FDF76DF800206060842064
:1076F00006B070BD10B504460078002801D0002007
:1077000010BD60688189491C89B200F084F8034685
:10771000A0684289018902200CF010F8002800D0EE
:1077200010BDA068C06881891922FFF759FAA068C6
:10773000C06801214180842010BDB0B50546806835
:107740004289018942200BF0F7FC0446002810D141
:10775000A868428901890120FEF7F2FEA8688188A5
:107760004A0603D500F06CFEA86881880222914386
:1077700081802046B0BD70B514460D46064680890E
:10778000401C81B23046FDF704F82880B089C01C47
:1077900081B23046FCF7FDFF208070BDFEB51F466C
:1077A0000646089D00242C700078012807D1306916
:1077B00000281FD00C363E600020287029E002927D
:1077C000B068008901913A462B4600F066FB00281C
:1077D00012D084281DD101984388B068428901895C
:1077E0000298009002200BF0D9FC002811D17B20D8
:1077F000C0430EE00E2005E038680188029A9142ED
:1078000003D207202870862003E041688918416070
:107810002046C0B2FEBD1CB51F2903D801AA1180A5
:10782000406805E0406801AC224608F054FF21881A
:10783000401800791CBDF0B585B01E4614460F46B1
:10784000054601A801810271A968019100F006FEB8
:10785000862801D112200CE038460CF003FD306080
:10786000002805D0A9680989224600F02FFB00E016
:10787000012005B0F0BD000080B506480089163033
:1078800080B20CF08BFC044800685C210122425459
:1078900080BDC0468C24002030240020F0B5A1B06B
:1078A000044600F09BF8012814D107A84549142587
:1078B0002A460FF026FE02A843492A460FF021FE71
:1078C00044200F9001210DAA0CAB20460AF087FA44
:1078D000002801D021B0F0BD0CA801780DA80FAA96
:1078E00010AB09F01AFB0028F4D10F984428F1D806
:1078F0000120364D02AA294600F00CFE002810D0C7
:1079000006462046FEF754FE10A90A7C3049C97A83
:1079100073681B6A9B68009349084B1C042100F0A4
:1079200008FD2C480168833110A81022FAF794FB57
:1079300000281FD0012007AA294600F0EBFD0028EF
:10794000C8D000F03FFE0028C4D0054604212046E0
:10795000FEF784FD818840220A43828010A8427C81
:107960002046294600F026FD0B200AF0EBFBF9F734
:107970006CFDAFE701200CF09DFC064610AD123502
:107980000027002EA6D0B8B26328A3D831780429E6
:1079900012D171680A7D102A0ED1098A0E4A9142CD
:1079A0000AD1022132222B4600F0B0FC02462046CA
:1079B000314600F0FFFC7F1C30460CF0DDFC064633
:1079C000DFE7C046A8910610BC910610FFFF00003B
:1079D0008C240020302400200229000080B50AF009
:1079E00034FA4142484180BDF0B5A1B0042900D02D
:1079F000DEE00746FFF7F2FF6E4C6F4E012800D025
:107A0000A0E00BAD6D49142228460FF07AFD10A8B6
:107A10003446002644223146FAF70EFB0120214667
:107A20002A4600F077FD00280FD004463846FEF7BE
:107A3000BFFD6168096A8B686149C97A49084A1CB7
:107A4000042100F063FC10A908740421049738464F
:107A5000FEF704FD10A9097C012903D180880006E6
:107A6000800F06D157480168833110A81022FAF719
:107A7000D3FA012003900CF01DFC054610A812302B
:107A8000029005964B4C002D34D0B7B2632F31D8FD
:107A9000287804280BD0022827D16868017D102996
:107AA00021D1008A494988421DD103981CE06868A9
:107AB000017D102919D1008AA04216D104982946C7
:107AC00000F0B0FD044602980090E2B20221322399
:107AD000384600F02EFC0598012801D110A8447406
:107AE000761C344C01E00020059028460CF044FC44
:107AF0000546C8E7012109AA08AB049F38460AF0E9
:107B00006EF900281CD1B0B240002F4940188008FF
:107B1000133082B208A8017809A810AB09F0CBF99C
:107B200000280DD0044606AD09A906222846FAF71A
:107B300073FAAC714220042107222B460BF0F8FEA9
:107B40001D4E1C4C01200CF0B5FB0546002812D040
:107B5000287804280BD16868017D102907D1008A94
:107B6000A04204D100223846294600F023FC2846D2
:107B70000CF002FCE9E710AC1049142220460FF08B
:107B8000C0FC01203146224600F0C4FC00280FD082
:107B900004463846FEF70CFD0949C97A6268126A44
:107BA0009268009249084B1C0421002200F0C1FB9E
:107BB00021B0F0BD02290000FFFF0000BC910610BB
:107BC0008C24002030240020FEFF0300052A000042
:107BD000F0B5D3B000250C950B950A950995412079
:107BE00082000DAC20462946FAF726FA25711020AE
:107BF0004490169009A80F902046FAF76AFADC34F0
:107C0000019401200CF056FB06464EA80C30029061
:107C1000484D002E41D03078032839D04EAF304641
:107C2000394600F007F9387C102831D1708804A952
:107C300008804EA880893D49411805291CD33C493C
:107C40004118042903D329210902884220D10DAF0C
:107C5000022404AA38462146A84738462146029AFB
:107C6000A847002005AA314600F0A6F90598426809
:107C700001883846A8470BE00DAC022704AA20462D
:107C8000394600F0DBFC20463946029A00F0D6FC6B
:107C900030460CF071FB0646BBE70198828C002A47
:107CA00006D00DA8202101710146E031FAF71EFA35
:107CB0000DA84EAC04AA2146FAF729FA05AD102604
:107CC00001232846214632460AF0A2FB1A4F3968A2
:107CD000833128463246FAF7BFF9002819D03868B0
:107CE000833005A91022FAF797F903AD8220288086
:107CF00000950024114B204621462246FEF7F0FA5B
:107D00004020288000950E4B204621462246FEF753
:107D1000E7FA38685C21425CFD23134043540B2092
:107D20000AF010FAF9F791FB53B0F0BDFFD6FFFF50
:107D300000D8FFFF3D86051030240020A565051002
:107D400099650510E0B50021009102200422074B3F
:107D5000FEF7C6FA002801D0812800D18CBD0B2087
:107D60000AF0F0F9F9F771FB8CBDC046717D051082
:107D7000B0B58AB004468088400601D400254BE0A7
:107D800009A8802101802189009001200025244B31
:107D90002A46FEF7A5FAA18889073DD400283BD1E1
:107DA00004AD2049142228460FF0ABFB01201E49E8
:107DB0002A4600F0AFFB002812D0054600F002FC76
:107DC00000280DD00146208900F02CFC800712D439
:107DD00020890021012200F0BDFB054681281BD12E
:107DE00009A8402101802189009001200022104B28
:107DF000FEF776FA0FE00D48039001AA04205080A8
:107E00006888108003A8029061892089009202226C
:107E10000123FEF717FE054628460AB0B0BDC0464E
:107E20008D650510A8910610FFFF00000100FFFFFF
:107E3000A565051080B510220A740278042A0DD8B1
:107E40007A441279520097440A16120202004068DE
:107E5000031D142208461946FAF7DEF880BD0522F4
:107E6000D2024068007D012809D18A8180BD0520A9
:107E7000C002C01C04E00520C002801C00E0501CB1
:107E8000888180BD80B5017802220A43022A02D18E
:107E90000CF086FA80BD408880BDF8B51C46009283
:107EA0000E46074601220846394600F00FF82070BA
:107EB0008625002808D138463146009A00F07CF823
:107EC000862802D10E2020702846F8BDF0B585B076
:107ED0001546019101460478002702230E20032C49
:107EE0001A463E4612D30BD0042C58D1486801786C
:107EF0008C07C9078A0F002C00D54C32411C02E0C8
:107F00004868411C0278801C0E780778012D03D147
:107F100010461840184642D00320032D02D10821F4
:107F200011403CD0042D02D10421114037D0052D41
:107F300002D140210A4032D004A903AA02AB019C1D
:107F4000204609F026FF022802D1002F0FD125E09C
:107F5000012D00D0FF08052D0BD104A800780228C0
:107F600005D102A80078022814D1002013E00E20C9
:107F700015E00020002F12D003A90978FA0703D0DA
:107F8000032901D205200AE07A0708D5022908D280
:107F90000F2004E0052001210F4000D1384605B034
:107FA000F0BD2046314609F06AFFB62801D0002016
:107FB000F5E70C20F3E70000F0B585B00D46097831
:107FC000042911D81446C0467944097949008F44E0
:107FD000020D4A697E00734E306801467031C166F9
:107FE00068680AF087FA57E08626D3E06D4F386854
:107FF00001467031C1666B6801206E490026324629
:1080000000F0D6FA01A90880002800D1ADE00CF0FC
:1080100029F9FFF737FF02A9009108803868C06E80
:1080200001A902273A46F9F7F7FF5E480068C06EDB
:10803000801C00993A46F9F7EFFF5A480068682714
:108040000421C15369680A7C102A00D091E0C06EF7
:108050000C31001D0222F9F7DFFF52480068C15BB6
:10806000891CC15385E04F4E306801467031C166AE
:10807000696809787022815469884A1C03A90A80BA
:1080800071300222F9F7C8FF3068C16E6868001DC0
:10809000C91C0AF02FFAC01C316868228852683166
:1080A000216076E069680A7D102A32D13F4A521C6D
:1080B0000B8A93422DD13B480168683121600068EA
:1080C00068211022425201468331C16661E069682D
:1080D0008969002945D0334E31686831216069686B
:1080E0000A7D102A3FD10A8A2F4B9A423BD1316830
:1080F000682202248C520A467032CA66294600F071
:1081000091FA04A908803068C06E2246F9F784FF0E
:108110003FE0096A002924D0224E3168683121608D
:1081200069680A7D102A27D10A8A204B9A4223D1F6
:108130003168682201238B520A467032CA66FEF704
:1081400037FAFF2829D06968096A8B681849C97A03
:1081500049084A1C042100F0D9F83168702288547B
:1081600017E0842616E0886907E038686821002255
:108170004252683020600DE0086A0178890701D515
:10818000022100E00421415A806832686823D152FC
:10819000D0660026304605B0F0BD3068702100265C
:1081A0004654F7E73024002002290000292B000064
:1081B0008C240020FFFF0000F0B589B017460D4663
:1081C000064600787488042845D0032877D1716862
:1081D000086A00287DD00A7D102A74D1098A494A8C
:1081E000914270D10097012107AA08AB2846FEF7FB
:1081F00004FD00286ED12888FEF7DAF907AA117865
:1082000007230B40059313707168096A8B683E4918
:10821000C97A49084A1C042104900392029300F091
:1082200075F8059A01461140814257D10298009095
:1082300004210498039B00F07CF87068006A0078C1
:10824000C0073AD02E88284600F095FF024608A8BD
:10825000008807A94CE071688869002839D00A7D38
:10826000102A30D1098A264A91422CD10097022146
:1082700006AA08AB2846FEF7C0FC00282AD106A8AB
:10828000008805907088801E81B202200CF020F9D1
:10829000002821D005998907890E40680078084098
:1082A000884219D106A802882888314600F082F851
:1082B000706880690078C00712D100200AE00320AE
:1082C0003870862006E021462A463B4600F047F8F3
:1082D00000E0842009B0F0BDFD20F1E71320EFE7B6
:1082E0002E88284600F047FF024608A8008806A905
:1082F000009001910220314623460AF059FDE9E73A
:1083000002290000292B00008C24002010B54843CE
:10831000C408A4B2944201D9002010BD0722104025
:108320001A5DC2402020411A0020C043C8401040BE
:1083300010BDB0B54843C408A4B29C420ED8049BFB
:10834000072528402025691A0025ED43CD402A4005
:1083500082408540185DA84310431855B0BDFEB556
:1083600016460C46054682688188009302AB30466B
:10837000FEF743FC002800D0FEBD2878810703D417
:10838000A98802AA118001E002996980C00701D181
:108390000020FEBD3788304600F0EDFE024602A800
:1083A0000088A968009001910220394623460AF00E
:1083B000FFFCFEBDBCB514460D46FEF7F9F8696832
:1083C00089698B888968009103210C40022122462B
:1083D000FFF7AFFFBCBD000070B58AB0044605AD25
:1083E0000DA11426284632460FF08BF868460FA1DF
:1083F00032460FF086F8204629460AF04BF800284E
:1084000007D0694620460AF045F8014640424841F7
:1084100000E001200AB070BDFB349B5F800000804B
:10842000001000000028000010000000FB349B5FDB
:1084300080000080001000000128000010000000F3
:10844000E0B501AAC2211180018900920120002219
:10845000014BFDF745FF8CBDA5650510F0B587B054
:10846000054602AC2749142220460FF04AF80120A5
:10847000254E3146224600F04DF8002700283CD01A
:10848000014628688288520637D52A79FE23134090
:108490008624042B32D00089012200F05BF8812869
:1084A0002BD0286881880A0625D48027394381800B
:1084B0002879022822D1288901281FD16889B04251
:1084C0001CD1EA68107C102818D190890F49884285
:1084D00014D10120314600F01DF800280ED001A86B
:1084E000078029680989009001200024084B224652
:1084F000FDF7F6FE02E0FFF7A3FF3C46204607B07B
:10850000F0BDC046BC910610FFFF00002A2B000002
:1085100099650510F0B585B014460D460BF0CAFEFE
:1085200006460020002E12D07188A9420FD86F464F
:1085300030463946FFF77EFC2046394609F093FF66
:10854000002803D030460BF017FFE9E7304605B0AE
:10855000F0BD000070B586B014460E46054601A871
:10856000104914220EF0CDFF002E07D101200E4934
:1085700001AAFFF7CFFF0646002810D02846FEF7D5
:1085800017F87168096A8B680849C97A49084A1C52
:108590000421FFF7BBFE204201D0002000E0812033
:1085A00006B070BDBC910610FFFF00008C240020B7
:1085B00080B50BF0A9FE002801D0408880BD0020C6
:1085C00080BD000070B58AB0054605A810A1142230
:1085D0000EF097FF2878FE2101400024022914D1D3
:1085E00028460BF0C9FE054600280ED02878022840
:1085F0000BD06E4628463146FFF71CFC05A83146D5
:1086000009F031FF0028EBD12C4620460AB070BD9E
:10861000FB349B5F800000800010000002290000F6
:108620001000000010B50C46FDF7C2FF61688969B3
:108630008B688A880221FFF769FE10BDF0B585B00E
:1086400003920C4601210902411804910290E03086
:108650000190200423D004980088102807D110220C
:1086600002980199F9F742FD002004990880102131
:108670000D1AA9B2A2B2914200D32546AFB2029917
:108680000818E030039E31463A46F9F7C5FC0499D4
:10869000088828180880641BF6190396D9E705B0E6
:1086A000F0BD0000FEB5044600F09CF80C25002843
:1086B00025D01226002C23D0207D401E01281FD853
:1086C000207C80281ED010281AD1A089012188433F
:1086D0000321C902884215D101200BF0EBFD0028CF
:1086E00010D00178002907D141680A7C102A03D1F3
:1086F0008989A2898A4202D00BF03EFEEFE72E461E
:108700003046FEBD00200BF0CDFE002806D04168AB
:10871000C98A002904D04088401804E0012002E002
:108720000BF06EFE401C82B20026304631462346D6
:108730000BF044FD002820D0F743E18A491E029146
:10874000009001947F1C217E8F4218D2E18A00297B
:1087500004D0029A11043AD0521E0292351D401CD8
:10876000019CE1698B5982B2012000210BF026FDAA
:1087700000282E46E6D187262EE08726C0E7184837
:1087800000685C21425C0223134343540A2009F031
:10879000D9FCF8F75AFE606A00260028B0D02020E5
:1087A000205C0028ACD021462031029100252F46C4
:1087B0000195854200990CD2606AC01900F022F838
:1087C000002808D12437029800786D1CF1E71226A2
:1087D00002E0019E94E70646009800F0A3F88FE7B8
:1087E0003024002010B5FEF7C3FA0024002806D17B
:1087F000FEF7ACFA002802D1FEF7D2FA0124204697
:1088000010BD0000FEB50E460446FFF7EBFF002842
:1088100066D01225002C64D0207D802813D010282B
:108820005FD1208A3C4988420DD1206A002858D067
:1088300082883A49C97A4908491C8A4251D38068DA
:108840000021F9F7F9FBA0782421084203D06078D1
:10885000C01F092845D830460BF004FD002840D041
:108860000646007800283CD1207E811C304600F06E
:1088700083F80546002834D13046FFF703FB054650
:108880000BF0F0FC0146681C86B2022738463246DF
:1088900023460BF093FCB04225D130460BF0E2FCAE
:1088A0000146A81C82B2032023460BF087FC002857
:1088B00029D001970296E069002816D0207E002872
:1088C00013D00026374687420FD2E06980190299FB
:1088D00000F06CF8002818D11C36207E7F1CF2E7CF
:1088E0000C252846FEBD8725FBE70D4800685C2166
:1088F000425C019B1A4342540A2009F023FCF8F71A
:10890000A4FD0025EDE7872501E00546029E3046DF
:1089100000F0D4F8E5E7C046292B00008C240020A5
:108920003024002010B50446FFF75CFF00280AD071
:1089300020460BF097FC01461220002902D00A784D
:10894000002A02D010BD0C2010BD08460BF028FDF7
:10895000014620460BF064FD064800685C21425C3D
:108960000223134343540A2009F0ECFBF8F76DFD92
:10897000002010BD30240020B0B50D460446FFF79E
:1089800081FA6168C98A002908D0C0430818618843
:10899000401880B2A84206D30020B0BD00200BF0E2
:1089A00081FDA042F8D00C20B0BD0000F8B50E4605
:1089B0000446FFF717FF002875D01225002C73D04E
:1089C000207D802801D010286ED1102808D1218A5E
:1089D00029221202921C914202D1A169002963D07E
:1089E000A1782422114203D06278D21F092A5BD8D1
:1089F000102815D1208A2F4A8218052A10D8012361
:108A00009340312213420BD02278012A4CD1002905
:108A10004AD129210902884202D1A069002843D005
:108A200030460BF01FFC00283ED007460078022895
:108A30003AD10025284631460BF04AFD002835D0B2
:108A40002E460121FFF798FF054600282CD1384615
:108A5000FFF718FA05460BF005FC01466D1CAAB29B
:108A6000042023460BF0AAFB854221D1207D10284B
:108A70000BD1208A29210902891C884205D1A069CD
:108A8000828880680021F9F7D7FA0B4800685C21DA
:108A9000425C0223134343540A2009F053FBF8F7C6
:108AA000D4FC354600E00C252846F8BD8625FBE7BA
:108AB0008725F9E700D7FFFF3024002010B50446D2
:108AC000FFF790FE00281ED020460BF0CBFB01469E
:108AD0001220002916D00A78022A13D108460BF07A
:108AE0005FFC014620460BF09BFC084800685C21B7
:108AF000425C0223134343540A2009F023FBF8F796
:108B0000A4FC002010BD0C2010BDC0463024002065
:108B10001CB5059C0194049C0094FEF793F81CBDC1
:108B200080B50346012002490022FFF741FD80BDC8
:108B3000FFFF000080B50346012002490222FFF733
:108B400037FD80BDFFFF0000F0B585B00446877893
:108B5000781E0321049108430930800883B2207AEB
:108B600003902088029011480068806902253E2207
:108B70002946FBF79DFF002814D006460097019474
:108B80000498039A0240301D002702993B46FCF7E7
:108B9000F6FC357128463146FCF727F82046FBF7EE
:108BA000D3FD00E00727384605B0F0BD282400209B
:108BB000B0B50446018802200AF038FE05460028B8
:108BC00002D12046FBF7C0FD2846B0BDF0B589B004
:108BD0001D4616460F46049002200124214600F04F
:108BE000D9F8002850D103971220042E4CD80290B7
:108BF000F5F7B0FC012E03D8002801D1112043E085
:108C000011980090109801900F990E9805AF387246
:108C1000FD713E7103987880049838803846093099
:108C20000622F9F7F9F90099B97101987871387944
:108C3000042801D0012804D105A9097A022902D308
:108C400021E003291FD801280ED100F066F905A9FB
:108C5000C979814217D805A840794007029813D0F6
:108C600005A805F0E1FD0FE005A8008820280AD33B
:108C7000A103884207D805AA5288202A03D38A4232
:108C800001D89042E1D9029809B0F0BD10B5044670
:108C90000220012100F07EF8002800D010BD012C38
:108CA00003D8204605F044FE10BD122010BD002060
:108CB00070470000F8B5174908680D4624210024C4
:108CC000445425301122144F2146B84728683630C5
:108CD000FF2605223146B84729683B201F230B5445
:108CE0000122550308463B308552C37247310722A3
:108CF00008462146B847074D28684E3008223146BD
:108D0000B847064800683521445428680449016280
:108D1000C465F8BD782400203920051024240020E3
:108D2000BEFDFFFF70B50025074EF07A85420AD2DE
:108D3000ECB2204602F0C6FC002802D0204602F029
:108D4000C1FC6D1CF1E770BD8C24002080B505F0DE
:108D5000FFFF80BD10B53621054A3E2906D04318D5
:108D6000363B1B7814686354491CF6E7002010BD9D
:108D70007824002010B54621054A4E2906D0431814
:108D8000463B1B7814686354491CF6E7002010BD6D
:108D900078240020054A12683523D35C034201D0B1
:108DA0000C207047353211700020704724240020B9
:108DB000034909683522895C0840411E8841704793
:108DC00024240020F8B50024204600F097FD054635
:108DD0000122304B2746009218683421405C8442BF
:108DE00050D22C20285CFE21014002293ED18C204B
:108DF0002E58F0070DD0698F002004F093FB3A281D
:108E0000009A104630D028468C30016801229143E8
:108E10000160284602F07EFB0028009A104623D10C
:108E20002846314606F004FD009A002810461BD162
:108E3000E6B2304603F00EFC009A0028104613D12B
:108E4000304603F00BFC009A002810460CD128464F
:108E500003F045FE009A0028104605D1304604F084
:108E600068FD009A411E88410A4B00E00020411E27
:108E700088413906174600D107464D2080002D183D
:108E8000641CA9E7380603D01120012109F06CF910
:108E9000F8BDC0462424002000207047F0B58FB0F4
:108EA0000292074607A8019010250C4E2A46B047AB
:108EB0000BAC204639462A46B04703AF002601983E
:108EC00021463A46334609F053FC029839462A4671
:108ED000024B984730460FB0F0BDC0461920051030
:108EE000B0B50C46054600F083FFFF2805D00020F2
:108EF0002946224604F0C3F9B0BD0220B0BD10B52A
:108F0000044600F075FFFF2805D08120002221468D
:108F100004F0B5F910BD022010BD0120704780B5E6
:108F200002F002FA80BDE0B5022801D3FF280DD17E
:108F3000002200926B4618700192581C0622F9F725
:108F40006BF80199009802F009FA8CBD12208CBDD3
:108F500000207047002070470120704700207047B4
:108F60000120704700207047F0B587B00189049157
:108F7000C18805918488468807880020069006A944
:108F8000384600F09FF8054600285AD1039602940F
:108F900006988078C00751D1002410222046394617
:108FA000FBF7B0FB00284BD007462A48039A911FD5
:108FB00089B2122581423DD2029E062E3AD3801DEF
:108FC000864237D2B24235D8059A91087C2931D8E9
:108FD000511C7143049B9A0091422BD80A2B29D330
:108FE000834227D201947868122101727868069929
:108FF0000979417206210825174C38462A46A047B0
:1090000038462946039AA0470A2138463246254663
:10901000A0470C2438462146059AA8470E21384619
:10902000049AA8477C800520394600F0CFF9002833
:109030000AD081253846FBF787FB02E00C2500E0CB
:109040008825284607B0F0BD0699122000F04FF899
:10905000019DF6E77B0C0000B347051070B50B4986
:10906000C97A14224A43143209490B6800210D467B
:109070000C461434A24206D0DE6A755B8542254652
:10908000F7D131191439084670BDC0468C24002030
:1090900070240020B0B50949CA7A09490B68002438
:1090A00021468A4206D0DD6A2D5B854203D0143406
:1090B000491CF6E71146C8B2B0BDC0468C2400205A
:1090C00070240020B0B50C460546FFF7C7FF0146E7
:1090D00020600220002D09D0002907D0087900283F
:1090E00003D089780620084000D00C20B0BD8871DC
:1090F0000879C8718878062202438A707047907197
:10910000517190780421014391707047F8B504467D
:1091100014206043144B1B68DD6A2D18A87846079D
:109120008120002E1FD5AE79761C8E4201D00129F8
:1091300019D1E979914216D1AE1CAF1DE81D0090FE
:109140001846214609F071F800203870009908701F
:109150003178FB220A40327029794A1CD1B29142FF
:1091600000D001212971F8BD7024002080B5084687
:10917000FBF7EAFA80BD80B50221FBF70AFB80BD50
:10918000F0B585B01E4604920D460746FFF766FF10
:1091900000280FD00446039640791226A8420AD12F
:1091A0000499022907D8A078800707D4012907D09D
:1091B000042006E00226304605B0F0BD0C26FAE792
:1091C0000220002900D108460290821D0026304668
:1091D00039460192FBF796FA002827D007464068E7
:1091E00001210172786845720298801C82B20621C2
:1091F0003846FBF7DEFA08213846049D2A46FBF77D
:10920000D8FA002D05D00A213846029A039BFBF7B5
:10921000D9FA019878800520394600F0D7F800285F
:1092200006D03846FBF790FA8126C4E78826C2E7C5
:10923000A671A078FB210140A170BCE770B504467F
:1092400022201049085CA0421BD90F4D296830200C
:109250000A5C521C0A5434225443303148680019C5
:1092600083781B0705D5C378112B02D34B785B1E7F
:109270004B7046890021F8F7DFFE2868406B001923
:10928000468170BD8C24002070240020FEB50C4661
:109290000546222012490290085C00270326114B44
:1092A0000195C1B28F4219D21968496B8A19D21E31
:1092B0001288AA420FD1FF2C02D0895DA1420AD1A7
:1092C000F8B225461C46FFF7B9FF23462C46019D00
:1092D00002980349085C34367F1CE2E7FEBDC046B5
:1092E0008C2400207024002000207047002070474C
:1092F00070477047002070477047704780B54069DD
:10930000014909F056F880BD0D93051080B5034959
:10931000C97A814201D300F077FA80BD8C24002005
:10932000F8B505460120682107F036F9234F38606B
:10933000234EF07A1424214607F02EF901463868AE
:10934000C162012D10D15C3009F0EEF82225705D6C
:10935000342107F021F939684863705D400010211D
:1093600007F01AF939688864F07A411C154D01221A
:10937000284607F0FFF839680862F17A0222284689
:1093800007F0F8F83D686862F17A0F4A072328462B
:1093900008F036FF386817210185318C172901D272
:1093A0008620F8BD4185F17A4C43C06A00212246EF
:1093B000F8F742FEFFF79AFFF8BDC0467024002080
:1093C0008C24002088240020FD920510FEB50C4658
:1093D000011F0646022921D8628800252046294619
:1093E000FBF7E7F90227204639463246FBF7E1F959
:1093F0002582E581257360686061A0616088001D39
:109400006080207A384320722046FBF709F9002853
:1094100014D06088001F608081250FE0A0253F28C0
:109420000CD020385F2809D801A886802221044A60
:10943000515C81710194FFF75DFF05462846FEBD32
:109440008C240020F0B5C3B004460088FFF706FE68
:1094500000287CD00546207A0327074028692A4641
:109460000C32022F039208D100282FD011888426B5
:10947000042954D30121029131E000284AD06688A2
:10948000002E26D00021019104A8029020463246E9
:10949000029BFBF775F92869406800902046FBF7AE
:1094A0009AF90146009807F00AFAA9892869324614
:1094B000029BFBF787F9A8898019A88181B22869E6
:1094C000FBF74BF9039A0198608002E02C616088F9
:1094D000A881108804281BD3286900260296002141
:1094E0000191FBF756F9001D81B2AA898A4216D86C
:1094F00012D129694880012000F032F800282DD0CF
:1095000028698426A04226D10198A881286122E0FA
:10951000002618E0002602E00298002813D0A87860
:1095200010210143A9704220012102222B460AF09A
:10953000FFF92869002806D0FBF706F9002028610A
:10954000039900200880002E05D1012F03D1204669
:10955000FBF7FAF80026304643B0F0BD0198EEE77D
:10956000BCB50C4605464888001F48800846FFF7F2
:1095700002FE011F02290CD806281AD005281DD08A
:10958000042811D10420A08128462146FCF72CFF95
:1095900018E03F2808D020385F2805D868460570B5
:1095A00001940BF08BFB0DE028462146FFF7DEFD12
:1095B0000EE02846214608F08DFB03E028462146B0
:1095C00000F008F8002803D06188091D6180BCBD47
:1095D0000020BCBDF0B585B00C4606460F88384665
:1095E000FFF758FD05468048C17A8D4206D2142007
:1095F00068437E4A1268D26A101802906268107A34
:109600000023012E1CD0002E3CD11E468D4212D2CA
:1096100019280BD8012181407948014206D07348AE
:1096200000680122774B294608F035FE029A9078AF
:10963000FD21014091702046FBF786F83046D0E0CE
:109640008D4200D3C8E0567A13281DD8012100911D
:109650008140674A114217D0012821D01421634A62
:109660001268D26A13283ED0122800D0B4E00193C9
:109670000846684310188378DF0766D14671208852
:1096800000229DE01846ACE001930BF015FB00288A
:1096900000D191E003A8057103940BF00BFB93E05C
:1096A00001272846394632460193FFF72FFD019BDB
:1096B000002800D090E026884E480068806942214A
:1096C00052220323FBF7F4F9019B002800D183E029
:1096D00005463146061D30462246FBF779FDF80265
:1096E0000A30082158E0694350188078C00773D1C8
:1096F0001321284632460193FFF708FD019B0028FD
:109700006AD108212046FBF744F8019B06463A48F7
:1097100000684F21405C80075ED527883548006887
:10972000806942214C220323FBF7C2F9019B0028E8
:1097300052D0054606738772300A6873380AE87299
:109740002E1D0098C002062126E05807019B43D435
:109750006943521812203146FFF7D1FC019B26487D
:1097600000684F21405CC00736D027882148006838
:10977000806942214D220523FBF79AF9019B0028BD
:109780002AD00546061D304639462246FBF7D8FC4E
:109790000098C002801C0F21FF227270822232705A
:1097A000020A6A7228720020E871A97142202946D3
:1097B000FBF71BFA019B0FE0029846710022384626
:1097C00031461346FFF7DCFC019B122809D8012122
:1097D00081400A4A114204D020461C46FAF7B4FFE1
:1097E000204605B0F0BDC0468C2400207024002027
:1097F00002000C002824002078240020050004002A
:10980000400094023075000070B514244443144D98
:10981000144800684F21405C000713D52868C06ACF
:10982000065B114800688069062202210B46FBF79F
:109830003FF9002806D001460C4848600E810220FE
:10984000FBF7D3F92868C06A011900228A718A7867
:10985000F92313408B70005BFF21FFF717FD70BDEC
:10986000702400207824002028240020F9380610D5
:10987000B0B50C4605460020FFF7F0FB002805D0E8
:10988000012181800580614261418170B0BD00008D
:10989000F8B50446FFF7FEFB05461048C07A85423E
:1098A0001BD20F4E3068294608F0BFFC14276F43C7
:1098B0003068C06A0025C553C0190069002809D066
:1098C000FAF742FF3068C06AC01905613068C06AA3
:1098D000C01985812046FFF70CFDF8BD8C240020BF
:1098E0007024002070477047034800689C2140584E
:1098F000C06B00687047C046782400204D21890065
:109900004143044800689C228058C06B406840185E
:109910007047C0467824002010B5014600200D4A4B
:10992000914215D00C4A12683423D25C521C0B4B66
:109930001B689C241B59DB6B5B68521E08D04D24AE
:10994000A4001C195B8F8B422346F6D104482018D3
:1099500010BDC046FFFF0000242400207824002012
:10996000CCFEFFFF10B50446F4F7ECFD012809D149
:109970000E206043044909689C228958C96B4969D3
:10998000081810BD002010BD78240020FEB53E4C04
:1099900020689C254059C06B0368362100265E5420
:1099A0003A4949690A0C192A01D319210904596055
:1099B000196000690293986000F0D0FA206840595D
:1099C000C06B0768FFF7C4FA012801D01B2000E034
:1099D000FB20B882FFF7BCFA04462920C0000090A3
:1099E000A9200501F4F7AEFD012C019507D101284E
:1099F000274D009C0CD0274DFFF74EFA05E00128BB
:109A0000009C05D0FFF748FA2546012800D108350B
:109A1000FD82FFF79DFA012801D01B2000E0FB200A
:109A20003883FFF795FA0546F4F78CFD012D07D131
:109A30000128019D16490DD0FFF72EFA154906E0C1
:109A40000128019D294605D0FFF726FA2146012865
:109A500000D10831FC831B20B8837D823C82FC81CD
:109A6000B8817983F4F7ADFE029801F033FD0A4C1A
:109A700020683421415CF0B2884203D200F00EF835
:109A8000761CF5E7FEBDC046782400208C2400201B
:109A9000904200004808000024240020F8B5054644
:109AA0004D20800068432D4909689C27C959C96B1E
:109AB00049680C1801F09AFC064601F08DFC304311
:109AC000C0B206F0A3F80022E2512E211F236354F6
:109AD000A285800868438000204909680B469433BA
:109AE0005B681B189026A3518C23E2508823E25018
:109AF0003023E5549A23E252FF231D460835625570
:109B00004122A3542F220723A3547D225204E2664C
:109B1000226701222285124A628719221204A26555
:109B2000E26522662246B4329423C9581B2353802F
:109B30000818214690314860B420235209480A4948
:109B4000506091602920C0009081204601F0D7FC30
:109B50008034204608F0E8FCF8BDC0467824002098
:109B6000FFFF00001B00480148011B00F0B585B055
:109B7000012B00D082E002AB07C34148C17F0191B5
:109B8000C47A0094012624213E4A304690473E493B
:109B900009689C27C959C863382530462946394A7F
:109BA000904739490968C959C96B08604D2081003F
:109BB0002046344CA04734490968C959C96B4860EC
:109BC00001988640F0B20821A0472F490968C95979
:109BD000C96B0968282200238B54486228314E70D3
:109BE000009C13200421274EB04727490968C95912
:109BF000C96B086120462946B0473346224A11689E
:109C0000C959C96B8860264620462946154698479B
:109C10002968C959C96BC8600298012807D10E216B
:109C2000304606F0B9FC2968C959C96B48610398E8
:109C3000012807D10821304606F0AEFC2968C95931
:109C4000C96B88610A9C049801280DD120213046F7
:109C500006F0A2FC2968C959C96BC861012011210D
:109C600006F09AFC29684866012C07D11C21304671
:109C700006F092FC2968C959C96B086205B0F0BDAD
:109C80008C24002099050610782400209A21425A3D
:109C900004239A434252425A02239A434252704743
:109CA000942140580188024A0A4002807047C04609
:109CB000FFFE00009021405801880122914301805D
:109CC0007047942140580188802291430180704759
:109CD000FEB50C468821415C49060CD48830218AA7
:109CE0006288521A93B2C58DAB4209D9207AF72205
:109CF0000240227201E0218A257B1020019005E0BC
:109D0000E069431E9841000101901546002902D1E7
:109D1000207A800701D4012000E0022002900E4842
:109D200000688C27C059001DE28951181F260E407B
:109D3000A9198AB2A16906F090FD60612573064BEE
:109D40001868C05930180199029A11438170186837
:109D5000C0593018C570FEBD7824002070B5054686
:109D60002C20285C012403283FD1288F00283CD0D8
:109D70002846F9F7B6FA29462831884235D12E46C9
:109D80002C365C20305C0006800F2ED1FF2008307E
:109D900028180078800728D48F20400028180088D1
:109DA000002822D130790124214601F0FCFB002853
:109DB00005D13079002101F0F6FB002813D02846A8
:109DC00098304188C90710D0F18A0088401A81B2C2
:109DD00002290AD3441EA1B2288F401C82B29142AC
:109DE00003D3044601E0288F441CA0B270BD0000DC
:109DF000F8B50446FF250A4884420FD00026094FD3
:109E000038683421415CF0B2884207D2FFF776FD12
:109E1000408FA04201D0761CF2E73546E8B2F8BD8B
:109E2000FFFF0000242400208900401890214058A2
:109E3000801C7047002901D0022100E00321882204
:109E40008258CA400120104070479A21405A40076A
:109E5000C00F70479A21405A8007C00F7047902169
:109E600040580188012008407047942140580088DC
:109E7000C005C00F7047942140580088C0B2C00987
:109E80007047942140580188032008407047000023
:109E9000FEB507464124005DF9F7B0FC0546385D84
:109EA000F9F79BFCB6236C1EE1B20297B63770251A
:109EB0000326052932460195294605D861B28A0054
:109EC00019498958194CA258029CE35A7C88401EB3
:109ED000C5B2052D06D840B28000134D2D5801950E
:109EE000124D2E589340581800024721CD004019BA
:109EF0000F49E6F7A5F90090B44001982018000238
:109F000040190B49E6F79CF90646FC8805F0C2FEAD
:109F100000990818B1B28C4200D821464018CD30C3
:109F200002994867FEBDC046E8910610D091061020
:109F300071020000F8B50A460146074800689C23F4
:109F4000C058C06B006802AB019303AB0093243090
:109F5000012308F08BFB8FBD7824002080B50548D5
:109F600000689C214058C06B0068243008F0FDFB5D
:109F700080BDC04678240020F8B50A46014607484F
:109F800000689C23C058C06B006802AB019303AB10
:109F900000932430012308F0ACFB8FBD782400200F
:109FA000BFB50C460546FFF79FFC3621405C0028F4
:109FB00001D0002011E00A4800689C214058C06B85
:109FC0000168486A896A03AA012300930192FE226C
:109FD00095432A46234608F0E5FA04B0B0BDC046D2
:109FE0007824002070B50D4604461A4800682C21DC
:109FF000405CC007C10E01D111220AE0164800687A
:10A000003D22825C920624D53D30C07A800720D55F
:10A010001F224E20C0434140104800684069CEB224
:10A0200003233146FAF744FD002812D0014684721A
:10A03000002008734D7208721220C87106208871C2
:10A040003E20487104200871200AC8723046FAF791
:10A05000CCFD70BD2424002078240020282400207A
:10A06000F0B58DB00446954800682C21405CC007CF
:10A07000C50E6F20C6436E4001F0BAF990490968D9
:10A080003D228B5C202213403D31002866D0002BFE
:10A0900000D110E1887BC00763D0002D00D11222CF
:10A0A000A08A0C90A77DE07D0890608A0B90208AA2
:10A0B0000990A0890A902068059060680790A068C0
:10A0C0000690207E0390607E0490E589A07E029039
:10A0D0007C4800680069F1B20A23FAF7E9FC00281D
:10A0E00000D1E8E00446019707461F374572039800
:10A0F00020730498E07202982072280AA072204609
:10A100000D30062505992A466F4B98472046133097
:10A1100006992A466C4B98476B4B20461930079995
:10A120002A4698472120099921542520089A22542B
:10A1300020462130090A41700A99080A787039705E
:10A140000B99080A787139710C99080A787239727A
:10A150000198F871201D29212222A2E0002B00D1B4
:10A16000A9E0887A800745D4487AC00700D1A2E0E8
:10A1700008200543E07D0C90608A0B90208A0990AE
:10A18000A0890A9020680890207E0690607E079043
:10A19000E789A07E05904B4800680069F1B206236C
:10A1A0002A46FAF785FC002800D184E004460546DB
:10A1B00013354772069820730798E072059820724D
:10A1C000380AA07220460D3006220899F7F724FFBE
:10A1D0000999080AA07561750A99080A68702970BA
:10A1E0000B99080A687129710C986076201D01216D
:10A1F000132256E0002D01D01C2200E00D22E07D4C
:10A200000A90678A208A0B90A0890C90206807909A
:10A2100060680990A0680890207E0590607E069096
:10A22000E589A07E0490274800680069F1B20923FF
:10A23000FAF73EFC00283ED00446039707461F3736
:10A240004572059820730698E07204982072280AD7
:10A25000A07220460D30062507992A461A4B9847CA
:10A260002046133008992A46174B9847164B20462C
:10A27000193009992A46984721200B9A2254252003
:10A280000A992154201D21462131120A4A700C9A44
:10A29000110A79703A70039A110A79713A710A2198
:10A2A0001F22042323713E234370E171A271F0B297
:10A2B0002146FAF79AFC0DB0F0BDC04624240020D8
:10A2C000782400202824002019200510B0B50D4660
:10A2D0000446124800683D21415C89061CD53D308A
:10A2E000C07A000718D50E4800684069A1212C22C9
:10A2F0000223FAF7DDFB00280ED0014604728572B6
:10A300001420C871042088713E224A710871200A05
:10A310004872A120FAF769FCB0BDC046782400203D
:10A32000282400209823C25298304163418820227B
:10A330000A43428070479823C25298300163418893
:10A3400008220A4342807047942140580188012224
:10A3500012020A430280704794228058002907D0D5
:10A36000012903D0018810220A430280082100E05D
:10A37000102102880A4302807047942280580029E5
:10A3800007D0012903D0018840220A4302802021FE
:10A3900000E0402102880A4302807047942140581F
:10A3A000018880220A430280704794214058018826
:10A3B00004220A430280704780B5942280580288A4
:10A3C00003239A430280194002880A430280152021
:10A3D00007F0B8FEF7F739F880BD10467047B0B502
:10A3E00004463625FFF780FA44550020B0BD000032
:10A3F000F0B587B00446007E617E09020E18721E19
:10A40000082A00D30822A07E0490E07E0390607D9D
:10A410000121274F0191B8470546A07DE17D090242
:10A420000818002106913246B84733460296064680
:10A430002E431920C201062118460592B8473B4613
:10A44000054635430398000204994718FF22F43269
:10A4500038460699984706462E43781C0299484389
:10A46000800881B20A2900D80A21207F627F120267
:10A470001018059A0E4DA84706432320215C1F2083
:10A48000084005211022A847304301D006980CE06F
:10A49000204622300078C00606D11E202228F5D0A2
:10A4A000215C401C0029F9D0019807B0F0BDC046DE
:10A4B00021F80510F8B50D4604463020205C012136
:10A4C00001F071F82746303701280ED13878012184
:10A4D00001F08AFE002808D1206F411E1DD47D2185
:10A4E0004904884200D8411B21673878002631464C
:10A4F00001F059F8012811D138780026314601F0D1
:10A5000073FE00280AD1E06E411E06D47D21490465
:10A51000884200D8411BE16600E022263046F8BDA3
:10A52000FEB504469A20205AC20725462C35002A3B
:10A5300000D181E0264698363288511A0B0404D0A7
:10A5400008B2002878D52820FEBD41050FD40107A8
:10A5500016D4800638D42879F4F723F9002860D07F
:10A56000287901210022134603F0E2F959E0287905
:10A570001146FFF7B7F9708832490140718050E009
:10A58000606C376B796840186064B9683A682878FD
:10A5900002280291019229D1687DF9F72FF9042848
:10A5A00001D0062800D10220029B796999420A460F
:10A5B00000D31A4622658000201881650198400862
:10A5C000616C081860641BE0832040002718716BE1
:10A5D000687DF9F769F93878012804D1716BE034A6
:10A5E000204600F0CFFD7088202118E0FFF77CF9AD
:10A5F000029B019961634068984200D31846206528
:10A60000F86820873869E16C0A186266A06699428A
:10A6100003D0E364204600F072FF7088082188436D
:10A6200070807088022101430120814371801520D0
:10A6300007F088FDF6F709FF2879F4F7DAF800202B
:10A64000FEBDC046FFFB0000426E511A4166491E26
:10A6500001D4002070478821405C800601D5082085
:10A6600070473E20704780B5FFF748F92C21002243
:10A67000425480BDB0B50C460146020A12200E2A93
:10A680001CD81A2C1AD80122A2400D4B1A4215D000
:10A690000846FFF741F9002808D005463020285C1D
:10A6A00001F09BFD012803D13A20B0BD0220B0BDCE
:10A6B00030352878214601F083FD0020B0BDC0462A
:10A6C0002000080410B504462D2021542D34207D8F
:10A6D00005F072FD207D05F0C1FD10BDF0B5ADB0F7
:10A6E0000546C07AFFF70AF90646FFF7FDF81F9006
:10A6F0002C682220215C1F22179211402154607D7A
:10A700001090A07B2090E07B0C90207C1890607CC7
:10A710001A90A07C1C90E07C1390207D1690A07D68
:10A720000890E07D0E90207E1590607E0990A07EBE
:10A730001190E07E0A90207F1490607F0F90207827
:10A740001D902046223040781990A87BF9F756F8E2
:10A75000229004F077FF0B90942030580023036080
:10A76000902030580360A8203352422033522D20CD
:10A7700033544520800033501121090173542121A5
:10A78000C9007F2272542F210722725488217350EE
:10A790008C2173503146A8310B8121918B72301876
:10A7A0001E930D904360012737852395A87B412197
:10A7B0007054199A17980240E87A31211B9272540A
:10A7C0003021129170540998000215994018159083
:10A7D00080B24102F1640F990902149A8918149108
:10A7E00089B2090303220F92920242437266B16654
:10A7F000139800021C9940181699090440181690E5
:10A8000070650A9800021199401811903087FF2551
:10A810000A95123505F008FA1C977755239F708723
:10A820007D204004F06630678320400033180C9888
:10A830000002209940181899090440181A9909062D
:10A8400040181A9032462C321E3418940B98012866
:10A850002092139306D1387C012803D120201D9922
:10A86000084004D1387BFE21014002291BD1012080
:10A870001870B87B189C2146F9F716F83546E03574
:10A880002846214600F07EFC2098407D0022009260
:10A890001A990191029229461B92134600F08DFCF1
:10A8A000209A1E9001E01E9818709F200D998877BD
:10A8B000F8488883F8484883106E1C9988431066CE
:10A8C000F87AF3F786FF2920C500A9200701FEF7D3
:10A8D0003FFB012818D11F9880891B280FD122988F
:10A8E000042808D11F98408AB84208D11B2021991A
:10A8F0000882888110E01F98008AA84204D0209A1C
:10A90000106E0421014311661B2021990882888161
:10A910002298042800D02F460E9800020E9021990C
:10A920008F824F820F831B20C882C881CF838F8381
:10A930001F9D688B4883239FF87A02F0CFF8F87A3E
:10A9400002F0E4FFF87A01F087FE2846314600F075
:10A95000CBFDF87A02F0DEFFF87A00F04BFD3046CE
:10A9600002F044FEF87A01F05BFC2298F9F737F91F
:10A97000397BCA4A12681768032904D002290BD10F
:10A98000381A3E3812E00E21229D284604F026FF98
:10A99000381A3E38239F0BE02399497B381A002947
:10A9A00001D0903002E0812149004018239F229D70
:10A9B0001D9B08995A060E9C6118042D0F9C07D008
:10A9C0003D7BFE232B40022B00D11C931C9C1D9B26
:10A9D000DB090E93D20F0F9261184D0229183C68C3
:10A9E000787B00282AD01D911998470904F012FF9E
:10A9F00019901C97384600F08FFD0321209A1170A2
:10AA0000109949027163199940187085F16C1F9A69
:10AA10005268914200D31146316580B2294604F054
:10AA2000D3FE0D304100726B8A18A41C1F940221C2
:10AA300010910F9C239F994B1D9D1BE00D460221F9
:10AA40002098017000207085229A042A00D01146B7
:10AA500089007118896DF26C8A42904B00D30A46C6
:10AA60003265109909026D1808341F9485211091E0
:10AA70000E9C1C907564B06424A8002181801D91F7
:10AA8000249118683D21415C8906199206D53D3014
:10AA9000817BC90705D1807A800702D427461F9C95
:10AAA00036E078680168FE230B4024AA022B00D010
:10AAB0001F92CDB2797B00290CD024A90E9A002ACE
:10AAC00016D039684A7BC023134024AA402B0ED0ED
:10AAD00011460DE024A90F9A002A09D03A68D179CD
:10AAE000C0230B4024A9402B02D1911C00E0083167
:10AAF000BA7A26AB9A753A899A821F9A2792289138
:10AB0000FE2D03D003210D402F4600E00127441CF9
:10AB100021991D9D0D6301203840129A88544D6380
:10AB200008463030401C06222146F7F775FA26A861
:10AB3000857607761C99C175149941821199018215
:10AB400015998181718FC181239F797B41762694EC
:10AB5000FFF786FAF87B002803D0B97A708FFFF7E9
:10AB600041FA13980178708FFFF7B0FB2199086BB9
:10AB7000496BFFF7DFF97C7BBF7B3846F8F74FFE68
:10AB800021903846F8F760FE3846229D2946F8F7AE
:10AB9000D8FF38462946F8F768FF38461899F8F77D
:10ABA00083FE38461A99F8F76DFE38461E99F8F775
:10ABB000F2FF38461B99F8F7CFFE38461699F8F79A
:10ABC000A4FE38463146F8F7AAFF35461435384614
:10ABD0002946F8F738FF38462199F8F7C7FFFEF7FE
:10ABE0005BF9002802D13846F8F7D2FC3846002C31
:10ABF00002D0F8F719FF01E0F8F782FF3446283455
:10AC0000FEF7A6F9012801D10A980CE000F0EEFB4E
:10AC100001280A9807D000F0DFFB012801D017981F
:10AC200001E01D98C043C1B23846F8F780FE3046B7
:10AC300021463A4600F03CFA002128463A4600F008
:10AC400037FA3046F8F783FC2846F8F73EFC23989D
:10AC5000817B2291407C344644341CCC20998D78F1
:10AC6000CF780F4907910F4906910F4905910F4978
:10AC7000049103970295D11A01910094002801D004
:10AC80000C4C00E00A4C199B109A22983146A047C0
:10AC90002DB0F0BDFF040000FBF700007824002079
:10ACA000D34C0610614E06100B4D0610954D061044
:10ACB000810106101DFD0510F0B589B004469120F4
:10ACC0004000255AE76CFF260836F7F770FAA15DB9
:10ACD000FE220A40A2553521090146187D4368002D
:10ACE0003018EFF3108172B6616CC943401800D47C
:10ACF00089E08320400020180890304605F04AF88B
:10AD0000002804D041490968C97B032971D10697FD
:10AD10000490204631300790204642300590606C08
:10AD2000801B002708214AB2002A0CD4CBB22A4645
:10AD30009A40904202D301269E40BF19821A00D346
:10AD40001046491EEFE70899888B4743059A1088FB
:10AD5000C01B1080BEB2079D287C097801290FD145
:10AD60001746F8F766FC3F882A7C00230093019081
:10AD700002932146E03110463A4600F01EFA10E0F8
:10AD8000F8F7CEFC2521081A089047432878381890
:10AD900080B200F0E7F928700899081880B200F036
:10ADA000E1F901462F46287CF8F7F5FE0698464360
:10ADB000606C801B6064608D314604F005FDA26C00
:10ADC000824204D9121A0D2A00D80D22A264049DD1
:10ADD000606E80196066606F51000918606C821A9D
:10ADE000387C04F07FFF002D0DD1387C04F0F4FF97
:10ADF00009E0089A5078012101435170132007F0AF
:10AE0000A1F9F6F722FB62B609B0F0BD7C24002060
:10AE100010B500242046FEF771FD0A490968342266
:10AE2000895C2C30A14207D00278002A06D04D223E
:10AE300092008018641CF5E7FF2401E001210170F5
:10AE4000E0B210BD24240020F8B506460088FEF7C5
:10AE500063FD002812D0044607462C37EFF310801C
:10AE600072B63D4654352846314607F061FB3878C6
:10AE7000032805D12046FFF71FFF1AE00220F8BD86
:10AE8000787D284E3168497B884212D1F7F78FF9D7
:10AE900031680968C943401801218902401808D562
:10AEA0005C20385C400604D42046FEF7E4FF00280E
:10AEB00002D062B68420F8BD2046F8F712FA0646A2
:10AEC0002046283086420AD001212046FEF7ACFFFA
:10AED0008642EED03078102101433170E9E7124804
:10AEE00000688C2140582E68318AF28951181F223F
:10AEF0000A401718BD1C20462946F8F734FA2046A8
:10AF00003146FEF7E5FEE667F8780028D1D001214A
:10AF10002046FEF78FFF0128CBD16878001D6870AE
:10AF2000C7E7C0467C24002078240020F0B585B017
:10AF30000F4604464120205C83214900615C254680
:10AF40002C3501290DD1F8F774FBEA8A6E7D0023B8
:10AF50000093019002932146E031304600F02DF934
:10AF600010E01646F8F7DCFB04970746464368797D
:10AF70003618B0B200F0F6F86871F01B049F80B28A
:10AF800000F0F0F80146687DF8F705FE2878022801
:10AF90000CD12046F8F78CFA2046F8F7F3F9687DD3
:10AFA000F8F7AEFD626C216D687D2DE0A66C608DBA
:10AFB000394604F009FC8019A16C002900D10D303C
:10AFC000E16C49083E39884201D9082022E0A0649A
:10AFD000616B4000002901D00F1805E0616F08186F
:10AFE000276DB84200D80746264614363046F8F793
:10AFF0005FFA3046F8F7C6F9687DF8F715FD606C22
:10B00000A16C421A687D394604F06CFE608E401CCB
:10B010006086002005B0F0BD70B5044606462C36AB
:10B020000546D035F3F78EFA01280BD130790E2181
:10B0300041430E4800689C228058C06B406940180C
:10B04000C07900E00120F8F7CAFD09494843000A29
:10B05000103028603278032A07D1626BA36C5B0042
:10B060009A185143090A0818286070BD78240020F6
:10B070007102000070B500242046FEF73FFC054633
:10B080000A4E30683421415C8C420DD2FF210831D8
:10B09000695CC90703D02846FFF70EFE30684D21D2
:10B0A00089006D18641CEDE770BDC04624240020A3
:10B0B00070B516460D460446F8F720F92046F8F715
:10B0C00038F92046F8F776F920462146F8F7B0F926
:10B0D0002046F8F7E1F920463146F8F7C5F9204651
:10B0E000F8F70FFA2046F8F7E3F92046F8F74AF99F
:10B0F0002046F8F790F9002D0DD0942000210A4643
:10B10000F7F78AFF01462046F8F7ECF92046294672
:10B11000F8F729F970BD124800689021455896202B
:10B1200001210022F7F778FF01462046F8F7DAF907
:10B130002046F8F74BF92046F8F760F92046F8F773
:10B1400051F92046F8F72AF9A91C2046F8F70BF91F
:10B150002046F8F794F92046F8F7ECF970BDC046A0
:10B160007824002006494143090C2422D2434A4353
:10B17000101881B2242900D92538C0B27047C046C2
:10B18000EB06000070B50D460446401C0026252243
:10B190003146F6F751FF3046252E0CD207213140BB
:10B1A000F208AA5CCA40D10703D0C1B261184E7040
:10B1B000401C761CF0E7207070BDF0B58BB0059395
:10B1C00017460D4609A9F8F744FA119C1098069005
:10B1D000002818D00495129E00250698A84210D089
:10B1E0000498039009A8029008A8019007A800906D
:10B1F000EBB220463946059A00F012F870556D1CE6
:10B20000EBE730780AE0039509A80290002201924A
:10B21000009220463946134600F002F80BB0F0BD0C
:10B22000F0B589B0154608AA00261670002D0693C1
:10B230001A4600D12A46070C474011980790002D66
:10B2400004D10023069801281C4638D81098059090
:10B25000794051400C46022E07D8A0B200F042F8C7
:10B2600011214143CC19761CF5E72046784086B27F
:10B270003046FFF777FF242815D8C108059A525C9D
:10B28000C900411AC9B2CA40D1070CD008A9087038
:10B29000079A511C127800239A420DD0CE5C864248
:10B2A0000BD05B1CF8E7079908784643330CC818A5
:10B2B000407808A9087000E02523002D0ED10F99D1
:10B2C0000E9808ADBAB200900192079802900395CB
:10B2D000A2B2DBB2069800F003F8287809B0F0BDFE
:10B2E0007047000041000A4A0A40400809490140ED
:10B2F00088188100084A0A408008084901408818D7
:10B300000101074A0A4000090649014088187047B0
:10B31000AAAA010055550000CCCC07003333000029
:10B32000F0F000000F0F0000B0B50124204603F03C
:10B33000F7F90546204600F0B4F828430AD106483C
:10B3400000689C2140580C3007F00FFA00F05AF8C2
:10B350000020B0BD0C20B0BD78240020F0B587B02F
:10B360000C460546069105900126304603F0D8F9B3
:10B370000746304600F095F838431DD1E8B2FF2863
:10B3800005D10590FF2109060C400694054610489A
:10B3900000689C21405803A9019104A900910C3038
:10B3A00001232946224607F061F9002806D005A8A6
:10B3B000012100F026F805E00C2006E003A8007843
:10B3C000002801D0002000E0072007B0F0BDC046F3
:10B3D000782400200020704700207047704700202C
:10B3E000704700207047002070477047002070476A
:10B3F00000207047704770477047704770470020C3
:10B40000704770477047704770477047704700003B
:10B410008C214143044800689C2280584068806B1E
:10B420000068006840187047782400207047704713
:10B430007047000010B5012810D101290ED1012A52
:10B440000CD100242046FFF7E3FF14300449897F24
:10B45000002903D004608C30491EF9E710BDC046B6
:10B460008C24002000207047024800689C2140582E
:10B4700040687047782400207047704710B5044634
:10B48000FDF76CFD012808D1601E062807D8FFF7DC
:10B49000EBFFEF214454002010BD112010BD1220FD
:10B4A00010BDB0B505460024FDF758FD01280DD1AB
:10B4B000FFF7DAFFEB21415CC90707D0002D04D06C
:10B4C000EA3000780124044000E001242046B0BDA9
:10B4D000002070470021034AC16202631921C9019B
:10B4E000818670470100010080B503464920800035
:10B4F00008182C330A221946F6F78EFD80BD472125
:10B50000890000224250401801210904416070471F
:10B5100070477047002070474007000F0149085AE4
:10B520007047C04600920610801EC0B2032801D3A7
:10B53000002002E0C1000248C840C0B27047C046C7
:10B54000010406002A2804D8032141430248405C34
:10B55000704716207047C04610920610B0B50446DA
:10B56000FEF7CCF90021FEF75FFC0546204600F00F
:10B570000DF80188044A0A4069880906C90C89182F
:10B5800010310180B0BDC0460FE0000080B5FEF76D
:10B59000B5F9B03080BDB0B50C468500FEF7A4F912
:10B5A00080684451B0BD80B500F004F801780120F6
:10B5B000084080BD10B50C46FEF7A0F90019A83070
:10B5C00010BDF8B51C4615460E460746FEF796F91F
:10B5D0008019AC21455438463146FFF7EBFF01781E
:10B5E000DE220A40E107890E8918491C0170F8BD66
:10B5F00070B516460D46044600F014F8B04210D15E
:10B6000020462946FFF7D6FF00210170012D01D009
:10B610006C2500E070252046FEF770F97D21490475
:10B62000415170BD10B50C46FEF768F90019AC2108
:10B63000405C10BD10B51446FFF7BCFF022C05D8C6
:10B64000E100034ACA4001781143017010BDC046B1
:10B650000204080080B5FFF7ADFF017810220A430D
:10B660000270152006F06EFDF5F7EFFE80BD10B5F7
:10B670000C46FEF743F9A1004018A021405810BD28
:10B68000B0B50446FFF796FF05462046FEF736F9AB
:10B69000297840220A432A70FEF787FEB0BDB0B574
:10B6A0000446FFF787FF05462046FEF727F929786D
:10B6B00040220A432A709A21425A012313434352DB
:10B6C000B0BD0000F0B58DB004460CA8002707807F
:10B6D0002046FEF713F9FF2112310B90405C002841
:10B6E000069400D183E0204600F0C2FB2046FFF71D
:10B6F0004DFF06462046FEF701F904463588FEF761
:10B70000C0FB290709D5032807D100212046FEF7F1
:10B7100053FE3088082188433080069800F0B0FB43
:10B72000002800D12EE10B9806462C363946FEF74C
:10B730007BFB85780590407808900121069C204687
:10B7400004913A4600F0ADFB0990204639463A464E
:10B7500000F0A7FB034607963078841E611E204642
:10B7600088410A952A2D00D968E003210A9A51439D
:10B77000A14A51184978089A914200D05EE00A998E
:10B780002A2900D95AE00A994900C0467944898893
:10B7900049008F44540054002A0054000E030E0345
:10B7A0002A002A0054002A0054002A002A002A00F5
:10B7B0000E03530053002A002A002A001503150324
:10B7C00021036003250353001903190329032A00E9
:10B7D0002A001D032D031D0333031103110311035D
:10B7E00037033D0341034C035203049827E02046EE
:10B7F000FEF784F805462D20285C002800D19BE048
:10B800000A902F462C372E46D836786D3C46543455
:10B81000797D0B91002801D0F8F7E2FE204606F072
:10B8200083FE03CEFEF7A8FB744800682C21405C21
:10B83000C007C10E6C8F48D105224DE038460999EA
:10B84000194300D09EE000287DD00598C6780124D9
:10B85000069F3846214600F03DFB059038462146BC
:10B8600000F040FB0A9D04902846039631463A4674
:10B870000994234600F03EFB411E88410599491B6F
:10B880004A424A4102430498001F4542454115403F
:10B8900000243846214600F01DFB06460798007834
:10B8A00007903846214600F01DFB074601284ED17F
:10B8B0000798811E481E81410A980446089A00F0A4
:10B8C00041FB002844D0012542E04D480068362263
:10B8D000805CC0061DD515226F20C04341404948F9
:10B8E00000680069CEB202233146F9F7E1F800287A
:10B8F0000FD0014604720A9888720020C871042093
:10B90000887105224A710871200A48723046F9F799
:10B910006CF9284601F0A4FF069C204600F018FCB4
:10B920002046FEF7BBF82046FFF79CFD002803D019
:10B93000012038700B9878750CA84178022900D046
:10B9400032E2012033E20698FFF708FE17E00A9C76
:10B95000039904227A40204666401643744274419B
:10B96000042F099E00D026460023069A00F0C2FA52
:10B97000002800D12646012E04D0002D02D10B98BC
:10B98000FEF798F900200590C043069F012800D1DA
:10B99000FFE10A90401C0B90384600F05AFC00284A
:10B9A00017D03846FFF7F2FD05460088800700D51E
:10B9B000EDE13846FDF7A2FFB224065D002E08D067
:10B9C0003846FDF79BFF0990FEF75BFA002800D18F
:10B9D000E1E00B98C6B23846314600F083FA0546DE
:10B9E00005280896099016D87D442D796D00AF443E
:10B9F0000B14446599B7C046109206102424002009
:10BA00007824002028240020384600F022FC044638
:10BA1000401E844180E12C467EE10A98002800D136
:10BA2000DFE0384600F02CFA002800D1D7E00125ED
:10BA30003846294600F056FA0446384600F010FC15
:10BA4000042C03D12C46002800D165E100210124FB
:10BA50003846224600F00CFC002800D153E10021BA
:10BA60003846FFF7A0FD002800D152E100213846FA
:10BA700000F0F4FC002871D143E13846FDF73EFFA9
:10BA8000044638463146FFF795FD0078C70607940F
:10BA90002046FEF7F6F90224002F00D49DE000288E
:10BAA00000D09AE00127069D284631463A4600F02C
:10BAB000F8F9002800D1B6E02F462DE13846FDF711
:10BAC0001DFF0546FEF7DDF9032800D0EDE03846FE
:10BAD0003146FFF7A7FD00F0FFFC0446002638467C
:10BAE000089932463346A04702463846089900F086
:10BAF00000FD28463146089CFEF75EFC384621468C
:10BB0000FFF751FD00286AD03846214600F0A6FC18
:10BB1000002860D13846214600F0DCF9FF2868D0C3
:10BB20000424F9E0384600F0ABF90424002800D1E1
:10BB3000F2E003223846314600F09AFB00285AD042
:10BB400038463146FFF72FFD002800D1BBE03846CC
:10BB5000314600F083FC002800D1B6E00524D8E08F
:10BB60003846FDF7CBFE0446FEF774F9012832D1C2
:10BB700038463146FFF756FD00F0AEFC002807942A
:10BB800000D194E005462046FEF75FF9012800D178
:10BB90008FE007228EE001210A910998FEF744F90F
:10BBA000B24901807106490C891C41802888022114
:10BBB000014329803846FDF7A1FE059D05550998EA
:10BBC0000A9C2146FEF7F8FB0422384621462B4604
:10BBD000FFF7F7FCDBE005249EE0069F9CE00124D4
:10BBE0009AE0012438462146FFF7DDFC002800D109
:10BBF00092E0022490E02646384600F031FB0446ED
:10BC00000B9841424141384600F06CF9002C64D059
:10BC10003846FDF773FE0021FEF706F9384600F0BE
:10BC200024FC344678E00497FF222846314600F091
:10BC300024FC00282F466FD138463146FFF7F2FC2E
:10BC400000F04AFC04460798049D2946FEF7ECF8EC
:10BC500003460622384631460393A047384631460C
:10BC6000FFF7A1FC00282C4656D038463146FFF796
:10BC7000A1FC0178EF220A400270FF2238463146CB
:10BC800000F037FC012407982146FEF795FB039A44
:10BC900050780821801CC0B20091019002920020CF
:10BCA000214622462346F8F7FEFE032434E005240D
:10BCB00005E00822002338463146A84701240798AA
:10BCC000FDF7E4FF28E0012423E03846314600F088
:10BCD00001F9FF2815D004241BE0042804D00B9997
:10BCE000002995D0012893D13846FFF74FFC0188F1
:10BCF000042421430180152006F024FAF5F7A5FB62
:10BD00000AE0022405E03846FDF7F8FD0021FEF7C1
:10BD10008BF8384600F0A9FB3846FFF737FC06469B
:10BD20000088C00627D53846FDF7E8FD0546FEF732
:10BD3000A8F80794044600210122384600F0B1F823
:10BD40002043079C17D13788012428462146FEF757
:10BD50006BF8464901807909069F0902C91D418097
:10BD60003088082101431020814331802846214634
:10BD7000079CFEF721FB0998A04204D03846089999
:10BD8000224600F05DFA0CA80A99401844700B98FE
:10BD9000FCE50CA802780120022A08D00CA94978F9
:10BDA000022904D0032A02D0C91E484248410DB0DE
:10BDB000F0BD6042604142E51C46FDF7CBF846E02D
:10BDC0001C46FDF7C5F842E01C46FDF765F83EE06D
:10BDD0001D46FFF701FB22E01C46F2F7B3FB36E0FD
:10BDE0001D46F2F7AFFB1AE01C46FFF7FFFA27E00B
:10BDF000654265411C46FFF7EFFA31E01C46FFF74C
:10BE0000EBFA24E0654265411C46FDF7ABF827E0FC
:10BE10001D46FDF7A7F802E01D46FCF748FF2B463C
:10BE2000411E8841611E8C410440204607E5654261
:10BE300065411C46FCF73BFF12E01C46FFF7D8FAB1
:10BE400023460028384600D1F9E4FDF787F8234659
:10BE5000411E8841F3E4654265411C46F2F772FBDE
:10BE60002346411E88412840E9E4C0460302000001
:10BE700080B5FFF78BFB018801220A43028080BD59
:10BE800010B5FDF73BFD0446FDF7E9FF002806D09D
:10BE90002046FDF7F6FFC01E411E884110BD002060
:10BEA00010BDF8B5144607464E424E413146FFF7E5
:10BEB0007AFB002500280BD038463146FFF77AFB85
:10BEC000022C05D80078611CC9B2C8400125054084
:10BED0002846F8BD10B50C46FDF710FD0019AE213F
:10BEE000405C10BD10B50C46FDF708FD0019AA21F5
:10BEF000405C10BDB0B50C46054610461946FFF72C
:10BF000091FB014601200D2D02D1012900D1B0BDC8
:10BF10000022112D01D0072D10D12A2C04D8032383
:10BF20006343074DEB5C00E01623994206D10321E1
:10BF30006143034B591889780029E8D11046B0BDF8
:10BF400010920610B0B500232A2863D80324444376
:10BF5000344D2C19647894425CD12A285AD8800038
:10BF600001A210588746C04617C0051017C005101B
:10BF700015C0051017C0051015C0051015C0051017
:10BF800015C0051015C0051017C0051015C0051007
:10BF900017C0051015C005101BC0051015C00510F1
:10BFA0001FC0051015C0051015C0051015C00510DF
:10BFB0001BC0051015C005101BC0051015C00510CD
:10BFC0001BC0051015C0051015C0051015C00510C3
:10BFD0001BC0051015C005101BC005101BC00510A7
:10BFE00015C0051017C0051015C0051015C00510A7
:10BFF0001BC005101BC0051015C005101BC0051087
:10C000001BC005101BC005101BC005101BC0051070
:10C010001BC0051019460846B0BD0121FBE7484288
:10C020004141F8E71092061080B507200149FFF75B
:10C03000B2FA80BD41DA051080B500200149FFF752
:10C04000AAFA80BD65C6051080B502200149FFF738
:10C05000A2FA80BD55C5051080B506200021FFF766
:10C060009AFA80BD80B50A200021FFF794FA80BDBE
:10C0700080B509200021FFF78EFA80BD80B50B2026
:10C080000021FFF788FA80BD80B50C200021FFF762
:10C0900082FA80BD80B50D200021FFF77CFA80BDBB
:10C0A00080B511200021FFF776FA80BD80B51220FF
:10C0B0000021FFF770FA80BD10B50E200024214644
:10C0C000FFF769FA10202146FFF765FA10BD00005E
:10C0D000B0B501201849194CA04703201849A047C2
:10C0E00005201849A04708201749A047F2F71DFB73
:10C0F000F2F722FBFFF7B0FFF2F710FBFFF7B8FFF4
:10C10000FFF7B0FFFFF7BAFFFFF7BEFFFFF7C2FF71
:10C11000FFF7D2FFFFF7C4FFFFF7C8FF00240B4D66
:10C1200028683421415CE0B2884203D200F010F864
:10C13000641CF5E7B0BDC046E9CA051097B5051007
:10C14000D5D2051009E3051095D805102424002048
:10C15000F8B5382646430090FDF7D0FB0546164853
:10C1600000689C214258D26B92689219A023EA5031
:10C170004058C06BC06880192E46A0367060AE274C
:10C18000B02F0FD03846AE38E919091F00240C70C3
:10C19000C1B20098FFF70EFA0470FF20E855F4745E
:10C1A0007F1CEDE70024B4740098FFF7EFF90480DA
:10C1B00002486887F8BDC04678240020FFFF0000D1
:10C1C00010B580240C43FDF799FBB221445415208F
:10C1D00005F0B8FFF5F739F910BD80B5FFF7D6F9CE
:10C1E00000788007C00F80BD80B5FFF71BFAFD21E6
:10C1F00008404142484180BD80B5FFF713FA80BD39
:10C2000080B5FDF77BFB4221415A91225200825AB0
:10C21000008F401C504306224243501880B280BD1C
:10C22000B0B50446FFF724FE2046FDF767FBAA21C0
:10C23000012545542046FDF761FBAB214554B0BDB7
:10C24000B0B514460D46FDF759FB4019AA214454D8
:10C25000B0BD80B5FFF79AF901880120084080BD84
:10C2600080B5FFF793F900784007C00F80BD00004C
:10C27000F0B58FB006920D460646FDF73FFB2C2128
:10C28000415CC91E4A424A41059200240A90214657
:10C29000FDF7CAFD41780491099047883046294648
:10C2A000FFF718FE03903046294607942246FFF711
:10C2B000F8FD0B90FAB2304629460E9200F0DDF8F8
:10C2C0000C906C4208956C4130462146FFF70AFEFF
:10C2D00005460D9630462146FFF7FCFD3A46F91F0C
:10C2E000CBB20B2B02D30E99079F01E001270E99C9
:10C2F0000C9E012E03D1042D47D1884245D15549CA
:10C30000D9400F40160A0B9901291DD10C900E98A7
:10C3100031460D9E32462346FFF7ECFD042D0CD12D
:10C3200001214F4001D1002807D00C980E99401AE6
:10C33000411E88410740012F6ED130462146FFF74C
:10C3400071F90546052626E000240698032849D001
:10C35000012844D10E9E30460599049AFFF7F2FD5C
:10C3600001283CD101240D9D28462146FFF71BF9E9
:10C3700007462846214600F097F80546304600F06B
:10C380009BF801284AD0224649E00D982146FFF744
:10C3900049F905460426099F78781021801CC0B20F
:10C3A0000091019002970124002021462246034675
:10C3B000F8F779FB284600F08FF800280CD00546E6
:10C3C00032460D9E30463B46089F3946A8470246F6
:10C3D0003046394600F08DF80A98FDF76BFC204690
:10C3E0000FB0F0BD0D98089D2946FFF71BF90C9082
:10C3F000002F09D00E9831460D9A2B46FFF77AFD93
:10C400000446012804D0EAE703980E99884213D124
:10C410000326099F0C9DBFE70024E0E70222674046
:10C4200065403D43099F00D022462A2E0ED80320A6
:10C43000704309490D5C0AE00A98FDF716FD0128D2
:10C44000CDD10C980128CAD101257BE716251646C7
:10C45000A2E7C046410400001092061080B5FFF725
:10C46000A9F800784006C00F80BD80B5FFF78EF8B0
:10C47000018804229143018080BDB0B50C46054679
:10C48000FF2A03D0104600F017F803E028462146A3
:10C4900000F00AF8002805D0022228462146FFF7BE
:10C4A00000FDB0BD0020B0BD80B5FFF783F8007877
:10C4B0008006C00F80BD000010B50146002005A217
:10C4C0000346042B04D0D45C5B1C8C42F9D10120C0
:10C4D00010BDC0460100161F10B5014614390329CE
:10C4E00001D2002010BD8400FDF7FEF980680059DC
:10C4F00010BDB0B514460D46FDF700FA4019AE2147
:10C500004454B0BDB0B5014600791F2811D80020B1
:10C5100002460346252A0FD007241440D5084D5D56
:10C52000E540EC0703D05B1CDCB2022C03D0521CAC
:10C53000F0E70020B0BD0120B0BD000080B5044987
:10C5400009689C22895848310522F5F765FD80BDB0
:10C5500078240020F0B585B01E46174605460391A5
:10C56000FFF785F804462846FDF7C8F90246781E0D
:10C5700006286CD87844007940008744030368306B
:10C5800068355A002C20105C032860D10292F01C00
:10C590000746FFF7B7FF012851D1307A0190767A2C
:10C5A00005223846214605F055FF30020199401812
:10C5B00082B202982146FDF7B5FE002602272846E2
:10C5C00031463A46FFF736F80123284631463A46C7
:10C5D000FEF7F7FF28460399FFF761F837E0B078D8
:10C5E000012830D02A212FE028460292FFF708FECA
:10C5F00004AF388020462946FFF7A0FF0120B07025
:10C600000820707003203070F11C0522204605F0D0
:10C6100021FF083602223846314605F01BFF3A88D2
:10C6200002982146FDF77EFE28460399FFF728F879
:10C630000DE0022228460399FEF7DAFF07E02846BC
:10C64000FEF78CFF03E023211046FEF73BF8FF20A6
:10C6500005B0F0BD0020704770477047002070475C
:10C6600070470000F0B591B01E46144605460C9187
:10C67000FEF7FDFF07462846FDF740F90346601E1A
:10C68000072800D9CEE0C0467844007940008744AE
:10C690000303C922C92F7CC418462C300078032814
:10C6A00000D0BFE0912040000B93191873893289A4
:10C6B000F0880C8800210091019102940A900146B3
:10C6C00009921C4600F006F9002800D1ADE028468A
:10C6D000FEF744FFA6E0B07823210F280A4600D0D9
:10C6E0002A22002800D011461846FDF7EBFF99E0FA
:10C6F0000B93B01C0890FDF7F7F809902846FFF758
:10C700007FFD04462820012107913954388B798B0D
:10C71000081840081090B88B0690F88B05900DA86B
:10C72000057110A90F910D97F2F714F8109838833E
:10C730000A942104059A89180491069C2304034352
:10C74000089862490AC0049901606148308003205A
:10C7500040021103FC6039610799490203C7099837
:10C760000068798B0902083F884200D30846786147
:10C7700010984002B8600B9839460A9AFDF7DBFD25
:10C7800028460C99FEF77CFF4CE02820385C0128F5
:10C7900043D11C460DA805710D97F1F7E7FF4948F5
:10C7A00000683D21415C890632D53D30407A400722
:10C7B0002ED5F88B0A90B88B09903F8B648F424836
:10C7C000006800698021242204263346F8F770F9B6
:10C7D00000281DD001460B304C7207700B97099F43
:10C7E0004F730A9B037100220A720322CA710A2244
:10C7F0008A713E224A710E71220A8A720B9A120ABB
:10C8000042703A0A8A731A0A42718020F8F7EDF9E9
:10C81000002128460A4600F0C0FE002228460C9956
:10C82000FEF7E6FEFF2011B0F0BDF078002800D141
:10C830004DE70A99491E082900D30821814200D2F8
:10C8400045E7B2880A998A4200D940E7FC830999F2
:10C85000B9830A9B3B837B8324035B025202400221
:10C860000DC739607C600B99CA6C01200C3F9A425D
:10C8700007D18A6E944204D1088F0999081A411E83
:10C880008841282178540A9810900DA8057110A9A4
:10C890000F910D97F1F75EFF022228460C9C21466E
:10C8A000FEF7C8FE0022012328462146FEF789FE36
:10C8B000B2890B983946FDF73EFD28462146FEF722
:10C8C000EEFEAFE7782400202824002000030100BA
:10C8D000030C000070B504461220062C1CD3192549
:10C8E000ED01AC4218D8062916D3A94214D8A142AA
:10C8F00012D394087C2C0FD8059C049EB4420BD311
:10C900000A2B09D3AB4207D80698521C4A4342432C
:10C910009008834201D8122070BD002070BD000035
:10C92000FEB50646876804792046FCF7E7FF054612
:10C930002046FDF717F8002844D08079042841D11B
:10C940007802E96C81423DD028462C300295B635FC
:10C9500039683D2212016B889B019A18EB889A4234
:10C9600000D81346184A4A43114636680078022810
:10C970000BD116481818814207D201911249009331
:10C98000E3F75EFC009B019938602888F0844B2017
:10C9900080001818091A00D2002168892A8A90425A
:10C9A00000D310468142029B00D8084682B2A921DA
:10C9B00009018A4200D80846B08401212046324647
:10C9C00000F006F8FEBDC046E2040000BC0B00000B
:10C9D000F8B51C4615460E461F46B437FCF7C2FF95
:10C9E000002802D00088022801D0012000E00320A6
:10C9F000A98C0B4A8918C1400A480818C00881B29E
:10CA00003888884200D30846002E02D0E98C814243
:10CA100000D3014679802046FDF73AFAF8BDC046BA
:10CA200088FEFFFFB5FF0700FEB5056806793046B2
:10CA3000FCF764FF07463046FCF794FF002847D018
:10CA40008079042844D13C46B434A88CE1888142E2
:10CA50003ED0E080002130462A463B46FFF7B8FF33
:10CA60001C4800683D21415C890631D53D30407A43
:10CA700040062DD52689A588E0880190208802905F
:10CA80007F8F1548006800698021262204242346F0
:10CA9000F8F70EF800281BD0014606748573019B39
:10CAA0000373029A827207720720C8710B20887183
:10CAB0003E2048710C71300A4874280AC873180A5D
:10CAC0004873100AC872380A48728020F8F78DF847
:10CAD000FEBDC04678240020282400207047002096
:10CAE0007047704770477047F0B58DB0099317468F
:10CAF0000D460646FEF7BBFD044608963046FCF799
:10CB0000FDFE0346052F07D13D211846FDF7DAFD4E
:10CB1000FF2738460DB0F0BD0794224628321E4646
:10CB20002C363078022829D11078401EFF270B2898
:10CB3000EFD8400078448088400087440B00A40070
:10CB4000A700C200CC00D000330137015F016F01A4
:10CB50007E0181010A2009998870FF273846043038
:10CB600008800121089815460A461C46FEF762FD1A
:10CB70002046FDF713FC02202870CAE7012F2ED1B2
:10CB800000205070069200251E4618462946FDF7E3
:10CB900051F909998978032957D100283346079F0D
:10CBA000B2D1099CE01C3946303108220592194B5C
:10CBB000984720460B3039462E310222154B9847B4
:10CBC00020460D303946059A124B984715342037C8
:10CBD0000422204639460F4B984705203BE0507809
:10CBE000FF270D2895D80597112109015F184000EE
:10CBF00078448088400087440F00100065016D0173
:10CC000076019B01D6012002E9014002ED01FE01FF
:10CC10001402340255240610B4E70B2009998870D9
:10CC200002205070FF27384604300880002401227B
:10CC3000089821461D46FEF7FDFC2846FDF7AEFB91
:10CC400028462146FDF799FB63E70128334600D0CB
:10CC50005AE701252846069F78703D710024089DFB
:10CC6000284621462246FEF7E5FC3046FDF76CFBE0
:10CC700028462146FEF7EEFC01222846214623469F
:10CC8000FEF79FFC44E70320107021E109988078AB
:10CC90000B2800D038E704201070022118461D46EA
:10CCA000FDF76BFB0124089E30462146FEF7D2FCBF
:10CCB000002230462146FEF7BDFC2846FDF744FB26
:10CCC00027E70B200999887005201070FF27384648
:10CCD000043008801DE7062010700121D6E1099C70
:10CCE000A01C019005970027FD4D38460493164679
:10CCF000A84702900B903846A8470C903846059FED
:10CD0000A8470390FC4921800A903546307A0002FA
:10CD1000717A09044018B17A069609064018C01CB9
:10CD2000019C2060079E3046333000F025FA606099
:10CD300002980006F18D09020818E97B4018A060EE
:10CD400025460BAC601C00F017FAE860039800065B
:10CD500061794018A17909024018E1790904401865
:10CD600028612A460AAD6878A97809020818E97886
:10CD700009044018506108222046314605F06AFB3C
:10CD8000203604222846314605F064FB0720069928
:10CD90000870012108980A46FEF74CFC0498FDF73C
:10CDA000FDFAB6E6082010700427B2E609988078EC
:10CDB000112861D007285FD00D285DD00428079C7A
:10CDC00000D0A1E609201070099FF81C2146083107
:10CDD00008221D4605F03EFB0B3721462431042274
:10CDE000384605F037FB3467012100220898FEF72A
:10CDF00021FC2846FDF7A8FA05278AE609988078DD
:10CE0000112846D00D2844D0052800D07CE61446D1
:10CE100001210898FEF71EFC0A200CE00620099963
:10CE20008870FF27384604300880022118461446CF
:10CE3000FDF792FA0B2020706BE60C201070C7E013
:10CE400009988078062800D05EE60020154610700C
:10CE5000C44800682C21405CC007C10E6F20C0434D
:10CE600048401C465A8F2979C0B2012900D011E1EF
:10CE7000114600F0BFF911E1BA4800682C21405C6E
:10CE80000001C04380210143902008405A8F1A219D
:10CE90000BE0B44800682C21405C0001C0438021B5
:10CEA0000143902008405A8F06211C46002300F0C1
:10CEB0006FF92046FCF705FF2046FCF7F1FE012143
:10CEC0000898F4E00320507001211846FDF755FA48
:10CED0000B271EE6099880780B2800D014E6042062
:10CEE0005070032715E6099880780328059F079E50
:10CEF00000D009E605205070099CE01C3146303115
:10CF000008252A469B4B984720460B3031462E3148
:10CF10000222984B984720460D3031462A46954DBF
:10CF2000A84715342036042220463146A847ACE0F5
:10CF3000002403948E4D204604930692A8470B903C
:10CF40002046A8470C902046A8470426099CA670B6
:10CF50000D216170032121700A90E11C0BAD0822A4
:10CF60000292844B284698470B340AAF3846214634
:10CF70003246804B9847079C214608312846029A42
:10CF80007C4DA8472434384621463246A84706201F
:10CF900006994870012208980399FEF74BFB049804
:10CFA000FDF7FCF9DBE0704800683D21415C890633
:10CFB00004D53D30407AC00600D593E000210898A2
:10CFC0001446FEF747FB20460D27C7E009205070A6
:10CFD00006279EE50620099988700B205070FF25D2
:10CFE000284604300880012418462146FDF7B4F98C
:10CFF0003C702F468DE5002454705A4800682C215F
:10D00000405CC007C10E6F20C043484011465A8F94
:10D010000979C0B201294ED111461E4600F0EAF846
:10D020004EE018461546FCF74CFE002401220898F5
:10D030002146FEF7DDFA6C7091E0D078012810D11E
:10D0400005200999887007983067FF273846043013
:10D050000880002118461446FDF77EF9082060700C
:10D0600057E5099819461C46154600F0F5F80C20BE
:10D0700068702046FCF714FE71E009988078062855
:10D08000059F00D040E50A20507000210898FEF767
:10D09000E1FA3EE50021012300F07AF8089D2046E0
:10D0A000FCF70FFE2046FCF7FBFD012128460A464F
:10D0B000FEF79EFA2DE500211E46012300F068F8D8
:10D0C0003046089E3C700446FCF7FBFD2046FCF70A
:10D0D000E7FD012230462946FEF78AFA3FE0C046C6
:10D0E000872706101F4800682C21405CC007C00E2F
:10D0F000069203D0192202E0031700000A22079DBE
:10D100006F21C9434840C1B2E88D07905C8F174832
:10D1100000680069042309910893F7F7C9FC072701
:10D1200000281AD006460472200A707230460A306F
:10D13000303508222946F4F76FFF0799080AF07482
:10D14000B1740520F0710D20B0713E207071089807
:10D15000307109983146F7F748FD06984770059FEA
:10D16000D7E4C0462424002078240020282400206E
:10D1700087270610552406100178427812025118AC
:10D18000827812048918C0780006081870470000D9
:10D19000F8B51E4615460F460446C00606D4134889
:10D1A000006836214056002804D4F8BDBF20044052
:10D1B000062200E016220E4800686107C90E4018DA
:10D1C000006902232146F7F773FC0028EDD00146E1
:10D1D00005728672C7710420887108224A7108712D
:10D1E000280A48722046F7F700FDF8BD7824002091
:10D1F00028240020B0B50D460446C00606D41448C5
:10D2000000683B214056002804D4B0BDBF20044034
:10D21000072200E017220F4800686107C90E401876
:10D22000006902232146F7F743FC0028EDD00146B0
:10D2300005720020C87103208871302048710420D5
:10D240000871280A48722046F7F7CFFCB0BDC046E7
:10D2500078240020282400200322027097235B00FA
:10D26000C95C490703D406230D21022203E00621ED
:10D27000017111211346C370817042707047F8B577
:10D28000144606460846FCF747FB30214156002964
:10D2900005D42C300078022803D1122518E002258D
:10D2A00016E0CFB2002538462946FEF7D3F93846B6
:10D2B0002946FEF7DCF901462B30002E01D005701F
:10D2C00006E00122027010311022204605F0C2F85B
:10D2D0002846F8BDF0B585B01C4615460E460746F3
:10D2E000FEF7C5F9039002973846FCF707FB07469F
:10D2F000FF20062D00D999E00496972149007B185C
:10D300003E462C367D442D796D00AF4403088F29AD
:10D310008F8F4A000499012960D1092086E0A17805
:10D320000E2902D0082900D080E0E41C03990831BE
:10D330000546082220461E4605F08CF80522304698
:10D340002146F4F769FE029E3046049C2146FEF712
:10D3500081F90322002330462146FEF732F91EE010
:10D36000A178072946D0092960D10546E41C052289
:10D3700018462146F4F750FE0398407C002805D05B
:10D380007A8F80200021234606F074FA306E102137
:10D3900001433166032202980499FEF729F92846D1
:10D3A00044E0029009200190607003202070E71C87
:10D3B000384600F03DF8A079F7210140A171082519
:10D3C0003846039F39462A4605F044F80498012858
:10D3D00008D13078022826D1A57026E00446032221
:10D3E00002981CE00198A070E078397A0140E17061
:10D3F00039741AE03178032918D104461878F721D6
:10D4000001401970039B587C002805D07A8F08339F
:10D4100080201A2106F02EFA032202980499FEF7C2
:10D42000E7F8204602E00E20A070029805B0F0BD9B
:10D43000FEB50090FBF78CFD0546FDF7E0FFC0B29E
:10D44000C02141432806C50C0D4309200602F1F70F
:10D4500079F8C7B277432F4302F006F905033D433D
:10D460002C4EB047C0B22C4F47432F430D208506AA
:10D47000FDF7B2FFC4B26C433C4373204504FBF795
:10D480000BFDC7B26F432743FBF706FD0546B047C8
:10D490002840C0B20325EC0444433C43FDF79AFF07
:10D4A00080074742274302F0CDF8800338431B49E9
:10D4B00001430191FBF74EFDC0B20E244443FBF73C
:10D4C000F6FB0006470C2743B047F9210901040188
:10D4D0000C403C432E0202F0C7F805467543254335
:10D4E0000120C402FBF73AFD0006000B0419FDF70A
:10D4F0007FFFC0B2604328436121014308480068B0
:10D50000006A0840029001A908220098F4F784FDFF
:10D51000FEBDC046EDB30510002000031D0000084D
:10D520007824002070B504460846FCF7F5F9002879
:10D530001CD006462C363178032907D197214900A3
:10D5400040180078000701D41A2424E03079012122
:10D55000FEF729F800280DD0002C09D130790121DF
:10D56000FEF74AFE032803D1002414E0022412E04F
:10D570003A2410E0307901252946FEF778F8447402
:10D5800030792946FEF766F83079032200242946CF
:10D590002346FEF716F8204670BDB0B515460C467A
:10D5A000FCF7ACF985214900435A002D1A4600D0FA
:10D5B000224641180C8BC56C6543008F0A306843C6
:10D5C000000B84B2641D944200D3224694B2A3425D
:10D5D0000BD048800A800879012806D00220087103
:10D5E000122004F0AFFDF3F730FFB0BDB0B58521D8
:10D5F0004A0081180B8BC46C5C43038F0A3363436E
:10D600001B0B9CB2074DAC4200D82C46641D8452C3
:10D61000012008714B80122004F094FDF3F715FFF0
:10D62000B0BDC046B30B0000F0B589B00024204661
:10D63000FCF764F900900120089043480068342109
:10D64000405C844200D37DE04D208000059460431F
:10D6500000990C182C20205CFE21014002296ED17B
:10D660000121009E30460791FCF7E4FB05460021AE
:10D6700030460191FCF7DEFB411E8841002D0899E0
:10D68000049100D10490432080002018039085204D
:10D69000400020180290872040002318089F06931E
:10D6A0001C78F02626400F252540032D1FD0022D83
:10D6B0000BD0012D2BD1049800282CD01220012151
:10D6C00004F052FD069B022525E00398008802998C
:10D6D0000988081A0A2343431C4800680599C9B2FF
:10D6E000B030012204F0D7FD069B032513E0A0060D
:10D6F00011D5049800280CD00598C0B200F028F885
:10D70000002801D0D02626400898069B04E0019806
:10D7100002E0D02626400898EFF3108172B61978FF
:10D720008C4203D12E431E70002102E007990F4066
:10D7300039464A1E914162B600270842B0D1059C85
:10D74000641C7AE709B0F0BD24240020782400206E
:10D7500070B505460121FDF726FF0446012804D1D6
:10D760001220012104F000FD0AE00126284631467E
:10D77000FDF770FF0822002328463146FDF721FF00
:10D780006042604170BD0000FEB50446FCF7B6F88B
:10D7900005462C20285CFE21014002295BD1029421
:10D7A000852040002F183A79D00619D4F024019230
:10D7B000144001212846FCF73DFB0646002128467F
:10D7C000FCF738FB304306D00298FFF7C1FF012871
:10D7D00001D020200443019A10262643788827E0B0
:10D7E000C0261D4800684021405600281CD5688F7F
:10D7F00001901A48006880694221144623220225BC
:10D800002B46F7F755F9224600280DD00146019A1C
:10D81000C27185715720487104200871100A08727E
:10D820004220F7F7E2F92246164078883988081A2C
:10D830000A234343EFF3108072B63879824202998B
:10D8400002D1032006433E7162B603480068B0303F
:10D85000012204F020FDFEBD7824002028240020B1
:10D8600010B5044687204000205C01280ED02046D9
:10D870003030017806480068B03004F0D6FC8520CE
:10D8800040000021215220184180017110BDC04686
:10D890007824002070B5FF24062A35D8054690006C
:10D8A00001A210588746C046C5D80510CDD805102E
:10D8B00009D90510E5D8051009D9051009D90510B1
:10D8C000E9D80510012917D113241DE000262846A8
:10D8D0003146FDF7BFFE0822284631463346FDF7A4
:10D8E00070FE11E0012108E001205870032018703B
:10D8F000012907D0132006E0002108222846FDF761
:10D9000077FE01E012209870204670BD7047704786
:10D910007047704780B5FBF7F1FF4121405C034938
:10D920000968497AF6F722F980BDC04678240020BC
:10D93000704700207047000080B5FBF7D5FF024913
:10D940000162002080BDC04602000707F8B5054609
:10D95000FCF708F8002827D00446FBF7C5FF064669
:10D960002846FBF7CBFF054600210E222046F4F7A0
:10D9700063FB708C6080308C208041270095E85DCF
:10D98000F5F73CFF0125042801D1064601E02E46AB
:10D9900086400098C05DF5F720FFA671042801D1EC
:10D9A000054600E08540E5710020F8BD0068A9212A
:10D9B000090181812922D200C280418101818280B6
:10D9C0007047F8B50546FBF799FF04462846FBF774
:10D9D000C9FF9A21665A71B200292ED527462C37E5
:10D9E0003978022906D1017A002900D18179817123
:10D9F000457A05E0417A002900D181798171057A63
:10DA0000002D00D1C579C571042904D100880128F1
:10DA100003D0042102E0490800E006219A34787D11
:10DA2000F6F78FF8042D00D06D08787D2946F6F7BB
:10DA30001CF82088802188432080F0B2C009F8BDFE
:10DA4000F0B587B01E4617460D460446FDF70FFE9B
:10DA5000039004942046FBF751FFFF23072F00D9C2
:10DA60008DE1029505462C35044698347F00C0466A
:10DA70007F44BF887F00BF4407001C0041004D0069
:10DA80006700820126006E0028780299012900D0E3
:10DA9000B5E0022800D003E1039E307C032800D1CA
:10DAA00058E1012800D06AE1022003990874172385
:10DAB00065E1F07805A988703079C87004981C4633
:10DAC00000F0C8FA5AE128780299012971D1022898
:10DAD000039900D0CEE0087C022800D152E1002852
:10DAE00000D04CE11620B070032070703070C87CFC
:10DAF000F070087D30710120087440E1F17805A8CC
:10DB000081703179C170657D1E46072D00D190E08E
:10DB100002218FE0B078072800D1D2E01128049FBD
:10DB200000D1E7E0182800D1FAE0172800D026E15C
:10DB300005A900200871F07888703079C8703846DF
:10DB40001C4600F0CFF919E1B1781C46162900D126
:10DB500085E02A2184E00193049F3846039E3146E4
:10DB600000F0A3F9697D3846FEF7BCFF7188308864
:10DB7000628C904202D1A28C91420AD0A18460842E
:10DB8000EFF3108072B6012040026188014361808A
:10DB900062B6EFF3108072B6012000026188014383
:10DBA000618062B6072238460299FDF721FD019B8C
:10DBB000E5E00228039966D1087C052800D100E140
:10DBC000002800D0DBE00193049F3846FBF7CAFE33
:10DBD0001821B1700521717003253570017AF1703B
:10DBE000407A3071711D0222204604F033FC039804
:10DBF000057420880028DAD038460299DEE0022831
:10DC00004AD1039E307C032800D09FE01C46707CE4
:10DC100005A90871049D2846324600F0F0F8002856
:10DC200000D1ABE02846314600F03FF907222846F4
:10DC300074E00121049F817100213846FDF717FD32
:10DC400004463846FBF75AFE2C21405C02280AD1D4
:10DC5000FF2006302082072D24D02A2023E0232114
:10DC6000FCF730FD8AE0072D29D105A9384600F0E0
:10DC7000F1F924E01620B070032070703070C87C79
:10DC8000F070087DA5E01720B07003207070307030
:10DC9000487DF070887D9CE002220498FDF7CAFC64
:10DCA00018236CE02320A074002438462146FDF799
:10DCB000D1FC0722012338462146FDF782FC33467A
:10DCC0005DE01C4605A90720887000204870F078A8
:10DCD0000870039F787CC870049E304600F092F96B
:10DCE0002878032803D13046394600F0DEF80722B1
:10DCF000304613E005A911208870F078087030795B
:10DD00004870039D687CC87038461C4600F07AF95C
:10DD10003846294600F0C9F80722384602992BE018
:10DD20000193F01C05AE0522314604F093FB039DE0
:10DD3000687C3071384631462A4600F060F8002889
:10DD400049D03846294600F0B0F82BE7072204985E
:10DD50001C4611E01C46707C05A90871049D2846EC
:10DD6000324600F04CF8002846D02846314600F0F4
:10DD70009CF8012107222846FDF73AFC2346184665
:10DD800007B0F0BD0193049F3846FBF7EBFD182167
:10DD9000B1700521717003253570017AF170407AF8
:10DDA0003071711D0222204604F054FB0398057463
:10DDB0002088002800D1FAE601213846FDF760FCF2
:10DDC00015E01620F0701120B070032070703070D4
:10DDD000887C3071D3E7029D012D04D101210222FC
:10DDE0003846FDF727FC38462946FDF758FC608881
:10DDF000802101436180DAE604203074BEE7FEB57D
:10DE000001920C460646FBF779FD07463046FBF7C4
:10DE1000A9FD05462C200297395C032911D12778EA
:10DE20000120042F2ED8032F2CD06278042A29D861
:10DE3000032A27D0029B98336A722F7262881A8055
:10DE400000E02F7A002F02D16A7A002A16D0002033
:10DE5000032917D1697A002914D0EA79019B00932C
:10DE60003A405207D20F04460123304600F004FA2C
:10DE7000697A3046FEF735FE204603E0217901201D
:10DE8000002900D0FEBD0446E97903204A0700D5E9
:10DE90000146029A528FAB790091590700D503468B
:10DEA0008020002100F0B2F9E6E7BCB50D4604463B
:10DEB000FBF758FD002807D08179C079042807D1E5
:10DEC00028460C30012205E0A81D0022012101E0B6
:10DED000A81D00220088688000950023204600F0DD
:10DEE000CBF9BCBDFEB50D460446FBF73BFD06462F
:10DEF00028790128029014D1002520462946FDF7F3
:10DF0000B6FB0746027DC37C9342019505D1032BE6
:10DF100002D3042B019D00D10125F0781840B3787D
:10DF200014E0012120460191FDF7A1FB0746AB78E3
:10DF30004375EA7882750025934204D1032B01D3FF
:10DF4000042B00D10125387D1840FB7C1340002DA7
:10DF500002D08342034607D10021002B0A460AD093
:10DF6000DA0704D0012203E0002211460DE004226A
:10DF70009B0700D50222002807D0C10701D001214C
:10DF800000E00421800700D50221B37900209A42E5
:10DF9000034600D013463372F279914200D008460E
:10DFA00070722046FBF7AAFC0546707A002802D161
:10DFB000307A002815D02046FEF722F998216852C1
:10DFC000317A002910D0F079009708404007C20F3D
:10DFD0000123204600F050F9317A2046FEF781FDFA
:10DFE00002E09820002129520298012809D02046F9
:10DFF000019D2946FDF72EFB022220462946FDF70A
:10E0000019FBFEBD7CB50D460646FBF7ABFC04468E
:10E010003046FBF773FCA978072907D1FF2130317F
:10E02000425CF623134043541A2100E06978EA78F1
:10E03000002A00D07CBDE6790325720700D52E4664
:10E04000428FA3790096580700D52B46802000F018
:10E05000DDF87CBDF0B585B00F460446FBF74EFCFD
:10E060000546002120460291FDF701FB06460120EE
:10E0700001907074B878F074F8783075B620285A2A
:10E08000F08103A804710396FFF790FC2C20285C14
:10E090002C35022808D1707C387120463946FFF7AC
:10E0A00021FF0298307425E02046FBF75BFC817865
:10E0B0007175C778B775337D0B40DBB2002B19D073
:10E0C00081798B4216D0D90702D0019A114601E01E
:10E0D0000221019A5B0700D50421F37C1F407B07D6
:10E0E00003D4C079001F42424241009601232046DA
:10E0F00000F0C2F8002620463146FDF7ABFA0722B1
:10E10000012320463146FDF75CFA2878022804D125
:10E11000002102222046FDF78DFA05B0F0BD000077
:10E12000F0B587B00546FBF7E9FB04462846FBF748
:10E1300019FC05469A20265AB00527469A3700282A
:10E1400045D52E4800683D21415C89063BD53D30D0
:10E15000407A400637D5788C0290F88B0390388C43
:10E160000490788B0590608F0690254800680069C0
:10E170008021262204230193F6F79AFC002822D05E
:10E180000146029A0274039B8373049808730598EE
:10E190008872069808720720C8710B2088713E208B
:10E1A000487101980871100A4874180AC8730498D5
:10E1B000000A48730598000AC8720698000A487257
:10E1C0008020F6F712FD38880E4901403980F005AD
:10E1D00012D5E97903204A0700D50146628FAB7951
:10E1E0000091590700D503468020002100F00EF869
:10E1F000388805490140398007B0F0BD78240020F7
:10E2000028240020FFFD0000FFFE0000F8B50446B2
:10E21000C0062CD40F46164800683D21415C890693
:10E2200025D53D30807A000721D51E461546114878
:10E2300000686107C90E40180069272203232146A0
:10E24000F6F736FC002812D0014606984D72087386
:10E25000CE720F720C20C871062088713E20487162
:10E2600004200871280A88722046F6F7BEFCF8BD23
:10E270007824002028240020FEB5029301920E4647
:10E280000546FBF73BFB04460746B4342846FBF73C
:10E2900069FB0899042E06D1002804D0019A002AAF
:10E2A0000CD00A220BE088880880012E02D1C00819
:10E2B0000E3801E080080F38029E0FE00822029E0F
:10E2C0008A5A0A800088022801D0012000E0032039
:10E2D0000B4BD218C2400B481018C00883B22288DA
:10E2E0009A4200D30246002E03D093B2C8899842C6
:10E2F00000D3104660803846FBF7CAFDFEBDC0461D
:10E3000088FEFFFFB5FF0700F0B587B01F46164631
:10E310000C460546FDF7ABF904902846FBF7EEFAEC
:10E32000FF22062E00D9B2E00346C0467E4436796D
:10E330007600B744030EAC3AACAC5300012C5CD170
:10E340008C20185801068C330029049960D40C22C3
:10E350006CE002930392284600F0D4F8002800D025
:10E3600094E0F81C05220192049E314604F072F8F4
:10E37000029F39463C313046019A04F06BF88C20FC
:10E380003858420639468C31002A6ED401221202D6
:10E390001043086028462146FDF75CF9052200235A
:10E3A00028462146FDF70DF970E0B8780C286ED1AB
:10E3B000F81C0526049F394603923246029304F066
:10E3C00049F8284621463246FDF712F90298408F57
:10E3D000394600F06FF82846394655E0164606A83B
:10E3E00030210180012C2AD18C201858C10521D45C
:10E3F0008C3340210843186021E016460522284648
:10E400002146FDF7F5F82846049900F043F82AE084
:10E4100028461C4600F03EF8012105222846FDF75B
:10E42000E7F82346206880218843FF224021884363
:10E4300018602CE0012105222846FDF7D9F80D20AF
:10E44000F8700C20B8700620787003253D70391DD7
:10E4500006A80224224603F0FDFF05A80580B91D89
:10E46000224603F0F7FF324611E080221043086095
:10E470000522284621463C46FDF7BAF8788F3146FA
:10E4800000F018F82846314600F004F8039A1046C8
:10E4900007B0F0BD10B50C46FBF730FA01468C20F2
:10E4A0000A58082313430B503C310522204603F041
:10E4B000D1FF10BD70B50C460546104800683721E5
:10E4C000405C000719D50E480068806902212122AE
:10E4D0000323F6F7EDFA00280FD00646001D294663
:10E4E0002246F6F707FE0820B0710C207071042058
:10E4F000307102203146F6F778FB70BD7824002099
:10E500002824002080B5FBF7F9F98C21405800073A
:10E51000C00F80BD024800689C214058006D7047C4
:10E520007824002070477047704700207047000033
:10E53000B0B50E480068AC214458FF20A0770025F4
:10E54000E577FAF7A9FC01280FD1FFF7E3FF2422B2
:10E5500007498A5C002A2A4600D00268A262232268
:10E56000895C002900D04568E562B0BD78240020B0
:10E570008C24002010B5017C022909D101240474E7
:10E5800001688268C3680CC0A12005F00BFA00E0A6
:10E590000024204610BDF8B51E4617460D46044619
:10E5A000F4F7ACFE2046F4F7B7FE2046F4F733FF4D
:10E5B00020462146F4F73CFF20463946F4F7D3FEC7
:10E5C00020463146F4F78EFF069F002E02D02046EB
:10E5D000F4F797FF2046F4F76BFE2046F4F7EAFEC7
:10E5E0002046F4F7B4FF2046812F09D12946F4F7DD
:10E5F0003BFF2046F4F75CFF2046F4F78EFFF8BDA2
:10E60000F4F798FF2046F4F722FFF8BDF8B51E4650
:10E6100017460D460446F4F771FE2046F4F77CFEDB
:10E620002046F4F7F8FE20462146F4F701FF204685
:10E630003946F4F798FE20463146F4F753FF079F1A
:10E64000002E02D02046F4F75CFF2046F4F717FFB7
:10E650002046F4F72DFE2046F4F7ACFE2046F4F7F2
:10E6600069FF2046F4F7B2FE2046F4F72EFF812F13
:10E6700007D120462946F4F7F7FE2046F4F724FE9A
:10E68000F8BD2046F4F714FFF8BD0000F8B51D46AC
:10E6900016460F460446F5F7D7F811492046F5F718
:10E6A000F1F810492046F5F730F920463946F5F7DC
:10E6B0005DFA20463146F5F732FA20462946F5F74D
:10E6C000C2F90698812803D12046F5F719FAF8BD5A
:10E6D0002046F5F7A9F901212046F5F73DF9F8BDE7
:10E6E000D6BE898E5555550070B5044601F094FA92
:10E6F0004D21415C094D0022BE2391420BD006689A
:10E70000F65AA642164600D02E4601252D025B1968
:10E71000521C3546F1E7A8B270BDC046FFFF0000AD
:10E72000F8B5044601F078FA01464D20085C020273
:10E7300000200D4B0546AA4213D00E687619BE275D
:10E74000F75B9F4203D0CE27F75D012F03D0012650
:10E750003602AD19EFE7002C04D0C320305C411E17
:10E760008841F8BD0120F8BDFFFF0000B0B50446A8
:10E77000D620205C800701D40020B0BD254684351A
:10E780002846FCF742FEA16F2846FCF736FEA06F34
:10E7900008300021FCF72FFE606FA16F6167A06752
:10E7A0000120B0BDF0B585B004920E4605464D245B
:10E7B00001F032FA0555066003904D3001210290B8
:10E7C00041700191CB0400267C27049AE8B286426E
:10E7D00026D203980068C351C51954201149295203
:10E7E000522400202853422429535E2428555C24B7
:10E7F000FF2129555A216854462107246C5228616B
:10E8000068616B600499002902D050652C3D2A6034
:10E81000019800023F185C3202980578761CD5E713
:10E8200005B0F0BDFFFF000070B5044601F0F4F93B
:10E830000546304E3046FFF757FF2F49884212D128
:10E8400000F060F8FF2834D0000229680818BE21C3
:10E8500046524C210022425438214254C263026481
:10E860008262C26208E0000229680818CE21415C79
:10E87000012901D10C253AE06179C2228154064672
:10E88000C2360025F5720121F170A17971702188DD
:10E890000902C167014684312279042A15D8C0468D
:10E8A0007A4412795200974402060A0C0E00F320B3
:10E8B0000AE007251BE0114AC267FD2004E0F220B0
:10E8C00002E0F02000E0F5208886207AE2790D60F1
:10E8D0004D6032757075207A0870481C0934062224
:10E8E0002146F3F799FB06480068407AB070284645
:10E8F00070BDC046FCFF0000FFFF0000DC0500000B
:10E900007824002010B501F087F94D21425C0021E8
:10E91000BE238A4208D00468E45A240B05D101249E
:10E9200024021B19491CF4E7FF21C8B210BD0000E6
:10E93000BCB5044600F016F8002300930121074DF2
:10E9400020462A4600F02CF8044605480168563156
:10E95000284600F08FF92046BCBDC046FCFF0000F1
:10E96000782400201FB50C48FFF7BEFE0B498842F3
:10E9700010D16C46002121720120C00220800720A6
:10E9800000020190204609300622F3F755FB20468D
:10E99000FFF74AFF1FBDC046FCFF0000FFFF00005D
:10E9A000F0B58FB00E9317460D460646054301F0AD
:10E9B00033F90446002D07D03846FFF795FEA749E6
:10E9C000884218D142204AE025464D350026374678
:10E9D0000E96287886420CD22068C019CE21415C60
:10E9E000012901D100F092F9012000023F18761CA4
:10E9F000EFE70E9833E0010222685418CE21615CE3
:10EA0000012E24D100021518D620285C0127384099
:10EA1000002926D000280AD08C202858A96F2A4621
:10EA20008C32526805C1686FA96F6967A867942026
:10EA300028580026002808D094357D2044010E98DF
:10EA40004443F3F7B4FB20182860304607E0002069
:10EA5000012904D10546204600F058F928460FB098
:10EA6000F0BD002807D08C202858002803D1902022
:10EA70002858002806D0B820285AC10704D0E98DAC
:10EA8000F52901D91220EAE7122301461A46194056
:10EA9000022903D14221695A002940D000070FD52D
:10EAA0006D48BE21695A814201D00E9800E0802055
:10EAB000802801D91046D2E70E9000281046CED00B
:10EAC0001498BA2168527D2671010E9A51439422FE
:10EAD000A950002801D0CF216F54BC216852204694
:10EAE000EFF7A6FE0028BAD12946D6312846643071
:10EAF0002A4654326A67A8672B4678330978C907D3
:10EB00000D930ED100210160A96655480168204689
:10EB100065300622F3F780FA0D98006808E00C20B3
:10EB20009DE78C2169582A468C32526806C0083805
:10EB3000294694310E91842169582A4684325268BC
:10EB40008160C2602046FFF711FE00280C9602D0BB
:10EB5000FCF759FC06E02846743001680D9B1A68E2
:10EB6000026019600E992646CE362846B8300D90C0
:10EB70000868002805D0F3F71AFB0E9A11680818E8
:10EB800010603770C420295CD027E85D81220E9286
:10EB900000922E46143622463346FFF777FDE85D95
:10EBA0002521F4F7C4FE2F46D0370D980088C00603
:10EBB00003D4204600F057FD42E0F3F7F8FA9C2119
:10EBC0000B91685001F012F8099001F017F80A90C3
:10EBD00038780890942000210D910A46F4F71CFA29
:10EBE00003460E98009020460899099AFFF7D3FC37
:10EBF00038780990962001210D9AF4F70DFA034612
:10EC00000D9800900E980190304609990A9AFFF7E6
:10EC1000FDFCE96F0B982A583878124B0793124B7A
:10EC20000693124B0593124B0493142303931F2353
:10EC300000AE0EC60C99CB0021460E9A01F06EF87C
:10EC40009C242959387801F045F82859397801F081
:10EC5000F5FA002003E7C046FCFF0000FFFF0000BC
:10EC600024240020A9EE051031F30510A1F10510B0
:10EC7000B1EE0510F8B50C460646FFF735FD054622
:10EC8000184885422BD000942C0200F0C5FF07687D
:10EC90003819BE214652B821405CC00707D028026F
:10ECA0003818CE21405C012801D10C2518E00E480F
:10ECB000006856300626009C21463246F3F7ACF930
:10ECC000280238188C210122425001468C3100253F
:10ECD0004D608D3021463246F3F79EF900E0122553
:10ECE0002846F8BDFFFF00007824002010B5044638
:10ECF000002003F041FD044901402088401A4242AF
:10ED000042414A40228010BDFF0F0000B0B50446CA
:10ED1000EFF3108072B62546CE35A87800F0ECFFF0
:10ED2000D120205C00F0E8FF62B6A87801F096FAE6
:10ED3000CE2000212152A87AFF2801D0FBF793FCB6
:10ED4000FF20A872287A800701D5FCF75DFBB0BDD3
:10ED500010B50446FAF702F9012805D1FCF784FB47
:10ED6000EB21405CC00706D1FFF7FCFD03482146BC
:10ED7000FFF780FF10BD0C2010BDC046FCFF000057
:10ED8000FEB5029314460F46054600F045FF0646C1
:10ED90003048854201D11F2007E001200221F9F708
:10EDA000F9FF002800D0FEBD2B481221A04201D25D
:10EDB0000846FEBD01912846FFF796FC0002316827
:10EDC0000E182046314600F04CFC0028EBD1CE2036
:10EDD000315C3820305C042F12D1002938D0002853
:10EDE000019A1BD01B48854218D1F08D002815D000
:10EDF000B820305A1021014021431046D3D10FE0F2
:10EE000035463835002911D0032F09D1022028704A
:10EE1000F4860020B08602993163FEBD1046FEBD27
:10EE2000B6363046FFF762FF0020FEBD3746283772
:10EE30000028029A05D03968A120029A04F0B2FD98
:10EE4000029A3A6001202870F4850020B085FEBD4A
:10EE50000198FEBDFCFF000072060000F8B50C46EC
:10EE6000054600F0D9FE0746FFF77CFD0C4E304604
:10EE7000FFF73AFC0B49884208D1FFF743FDFF2812
:10EE80000BD0000239680818BE21465203213046D3
:10EE90002A462346FFF774FFF8BD0120F8BDC0469F
:10EEA000FCFF0000FFFF0000D021FF22425470470A
:10EEB000F0B58FB00746D020385C2C235843684A01
:10EEC00012681018807D3C4694343A46B43205925C
:10EED0003E46D6361428049602930AD1F3F767F912
:10EEE000054600F0D7FE059B28183230A0600125AA
:10EEF0001BE0A268561800253046114600F0C6FEF9
:10EF0000002805D0F86FA1680A18A2606D1CF3E70D
:10EF1000059B9888000708D4012003F034FC059B6A
:10EF200050490140A0684018A06098880321014022
:10EF3000481E814148001880987B012201460192B9
:10EF400011408207D20F89184007C00F0818401ED1
:10EF5000987738461E4600F08BF80146307FF4F76C
:10EF600010FD307FF4F7CCFD002003900499487128
:10EF700038462830FFF7FEFA064638463C30FFF7A1
:10EF8000F9FA002E049E02D03179C90704D1002875
:10EF900005D03079800702D53846FFF7E7FBA16836
:10EFA0002068059BDA88002A02D1DA7E012A03D084
:10EFB00088424CDA00284AD0987E002847D09888AA
:10EFC000000720D50DA80090039981800D9106A817
:10EFD000019A42763C228276FF228275C181224AC2
:10EFE00082827A6F137A03768181C175009B0793C1
:10EFF000093206920A910893FBF732F830788007BD
:10F0000001D5FCF701FA0220F9F7D2FE012819D147
:10F01000059BDA88002A01D03C2000E043200190C3
:10F02000124800680299405C0001C0431946A123C0
:10F030000343B12018400B7A9A1AD3B28A7A019905
:10F0400000F05EF8384600F095F8A168059B187F3F
:10F0500000F040FE0398707128460FB0F0BDC04626
:10F0600080240020FF0F0000FFFF00002424002068
:10F07000FEB50446C220275C01253D40BA07D00FEB
:10F0800028187907C90F4018401EC0B2C234267C28
:10F09000B0420FD101920120029003F06DFB012ECE
:10F0A0000AD0022E0ED1C0B20621E1F74FF912A00C
:10F0B000405C12E0607C11E002990840002D04D110
:10F0C0000CA108E0B808381A07E00199002901D41A
:10F0D00007A100E005A10818007860747100C2B2B1
:10F0E000CA40032010402430FEBDC046060900007F
:10F0F000070D00000B0E00001B1E272D36390000E7
:10F10000F8B51F4616460D460446C0060BD41748F0
:10F1100000683D21415C890627D53D30C07A8007D3
:10F1200023D51F2202E0BF200440112210480068AE
:10F130006107C90E4018006903232146F5F7B8FCA2
:10F14000002812D001460F20C872FF2088720F736A
:10F150004E720D721220C871062088713E204871CF
:10F16000042008712046F5F740FDF8BD7824002002
:10F1700028240020B0B50446D120205C00F0BCFD5E
:10F180002546CE35A87800F0B7FDCE2000212152CB
:10F19000A87AFF2801D0FBF766FAFF20A872B0BD5D
:10F1A00070B50446C520205CFCF7BEF9054626462E
:10F1B000C536F07A2946F4F7C4FCF07A2946F4F70C
:10F1C00054FCF3F7A0FF00F011FD0246B07D21468C
:10F1D00000F001F870BDF8B514460D4606460F461E
:10F1E000B8370420002E01460DD139884A0707D4CC
:10F1F000032211404A424A41022903D0510002E051
:10F20000012100E006212170002E07D1398801403C
:10F2100004D12E20285C801D60700FE0002E04D0E9
:10F22000284642300078801D00E00C2060702046A7
:10F230000830696F09310622F2F7EEFE696FA01CF3
:10F24000491C0622F2F7E8FE20782F2101402170A8
:10F25000686F0078C007400E40182070696F097A07
:10F26000C9010818207000F0EDF921784001084329
:10F270002070714271413888042202409008084091
:10F2800001D1082700E00E27002801D00C2011E052
:10F29000002E01D03C2000E028202958002E01D06B
:10F2A000422000E02E202D5AE0192A46F2F7B4FE43
:10F2B0007819801E60700020F8BD0000F0B585B0A0
:10F2C00016460D460446F3F7FFFFF2F7B1FF0320A1
:10F2D000C043C11C68460181012101824173BE21E6
:10F2E000615A81722746BE37BA7EC272BA7C827377
:10F2F0000E4A891A4A1E9141C17301730196009505
:10F30000FBF7ECF920462830FFF734F93C3420466F
:10F31000FFF730F900203874B87C00F05DFD387ECE
:10F32000800701D5FCF770F805B0F0BDFCFF0000C8
:10F33000F0B58DB0054600F061FC0690874C206862
:10F34000F3F77BFF06462068F3F78EFF0746D020D1
:10F35000285C2C214143824A12685118897D142966
:10F3600003D10A21032200F0FDFE2C46B4342846C6
:10F37000DB300490002E38D0059500270C970B97B2
:10F38000069D2878C0090BA9087076480068D82225
:10F39000805C0390481C2946083106263246F2F765
:10F3A0003BFE0A97099728784006C00F09A9087004
:10F3B000481CA91C3246F2F72FFE28780F2606407B
:10F3C000052E01D1F2F734FFE37B2279029707ADD6
:10F3D000019505988430009009A8314606F0EEFAB0
:10F3E00041087E2907D8014606E00126002F54D1A6
:10F3F0000027278056E001212970059D696F0A6862
:10F400000B9B9A422DD149680C9A914229D107460B
:10F41000FF3F791E8F41032E23D1FF2821D0A088E2
:10F42000012780071DD5039801281AD12846F3F734
:10F430004BFF607E012809D160894B49884205D085
:10F4400007AA1178C0B2521C00F092F8207FF4F79E
:10F4500057FB0120049908702846FFF7A1FE0026FB
:10F4600020E0A088C0071AD0052E18D10698FAF718
:10F47000BFFF012813D108990798FAF791FD41427F
:10F480004141394001290AD10398012807D107AA2F
:10F4900028460699EFF7BCF90126002702E000276D
:10F4A000278001262188A07F002822D0002922D190
:10F4B000401EA077A08803210140481E81414800DA
:10F4C00020802846FFF7D4FD0146207FF4F759FA43
:10F4D000207FF4F715FB2846F3F7EAFFF2F7A8FEC2
:10F4E0000020049908702846FFF75AFEF2F7B8FE8C
:10F4F0002AE0002919D019480068F3F7B5FE002862
:10F5000022D02846F3F7D4FF607C012801D01749A8
:10F5100000E0462114352846F4F72BF82088401ED9
:10F520002080F3F7F0FD00260EE0F2F781FE28467A
:10F53000F3F7BEFFE088401EE08000212846FFF779
:10F54000B7FC207F00F048FC002F02D02088401E2E
:10F550002080F5F7A9FA30460DB0F0BD74240020E4
:10F560008024002078240020FCFF0000EE02000030
:10F57000F8B50E460546154800683D21415C8906F0
:10F5800022D53D30C07A40071ED514461048006889
:10F590004069A1212B220323F5F78AFA002813D012
:10F5A0000746467205720A3006222146F2F734FDFC
:10F5B0001320F8710920B8713E2078710420387149
:10F5C000A1203946F5F711FBF8BDC046782400208C
:10F5D00028240020F8B50446D820FF212154B82063
:10F5E000255A01272F402646D836002F04D0FBF796
:10F5F0000FFC3070FF2822D0B83400F0F1FD2076E7
:10F60000FF2813D00021E8061AD40D4600F0E8FDCB
:10F6100029466076FF2813D1002F02D03078FBF7FF
:10F6200022F8207E00F0FEFD072109E00721002FCF
:10F6300006D030780C46FBF716F8214600E00C2186
:10F640000846F8BD80B500F0E7FA4E21405C80BD69
:10F6500010B54442444100F0DFFA4E2144540020EA
:10F6600010BD0020704770470020704770470000B1
:10F67000F0B583B004464C4804602046F3F7B9FD6A
:10F6800005462046F3F785FD06466846F2F7D9FDA4
:10F690000099091A4B0B45490A681146D831002BCD
:10F6A00002D11060012000E000200870404800688E
:10F6B000447B0021FF2C0AD02C2060433D4A126875
:10F6C0001018827C002A02D0416AC068FFE7012737
:10F6D000002E03D0002D01D1002911E0002D15D0FE
:10F6E000354A8B1A5A425A41344BCD1A6B426B4100
:10F6F000334D4E1B75427541002907D013431D43FE
:10F700002A4E294D04D08847002701E0274E264D78
:10F710002868F3F762FD002801D0042520E028685E
:10F72000F3F716FD002801D0012519E02868F3F74A
:10F730001BFD002801D0022512E02868F3F765FDC3
:10F740002946052500280BD10868F3F76AFD002833
:10F7500006D115480068F3F7EDFC002820D00025FD
:10F760000120A840174909680A6802430A6000207E
:10F7700002F0E8FCF1F769FEF2F75AFD204600F0CE
:10F780002BFB3468607D012808D1217C0F200840C4
:10F79000E2680909FFF76AFF0020607503B0F0BD59
:10F7A000002FE9D1EDE7C046742400207824002022
:10F7B0007C24002080240020D95A0610D55A061037
:10F7C000DD5A061028240020FF220E324243100A80
:10F7D00089084143880C401C70470000042805D06C
:10F7E000012806D1FF20A430074A04E0044A054856
:10F7F00001E0064A064841438818000A7047C0469F
:10F80000E9260100381A000006120000C620000098
:10F810004703000001480068008B704778240020EF
:10F82000904201D8884201D21220704700207047D0
:10F83000002070471220704780B54069014902F0EE
:10F84000B8FD80BD49F8051080B50349C97A8142E9
:10F8500001D9FDF799FF80BD8C240020F0B591B04F
:10F86000069314460D910B90B848C17A0C91017F14
:10F870000991C17E0A91817E0891C77F0125E82107
:10F88000284600F089FEB24E30605821284600F02C
:10F8900083FE31689C2207928850384606F0B6F8FD
:10F8A00007213940069806F0C5F81C98009019AB5E
:10F8B0000ECB0D9806910D93FAF758F9012C00D054
:10F8C00008950020012C00D00A90012CA04F00D0F8
:10F8D0000990179A0D980128059218D129209B4963
:10F8E000085C411E8841104301D0302500E02025EE
:10F8F0000C9E3046294600F04FFE3968942288500D
:10F900003046294600F048FE3968982288502C2657
:10F910000C98314600F040FE3968A42288504120FE
:10F920008200012C02940AD1114620310120144694
:10F9300000F032FE39688C228850214638E02521BB
:10F9400082480C91415C104620300029019201D080
:10F95000014600E0442126277C4AD25D002A00D0DF
:10F9600001462925794A525D002A00D001460B9AAA
:10F97000012A00D10146012000F00EFE74490968F9
:10F980008C2288500B980128019C214610D06F488A
:10F99000405D002821460BD16C48C05D00282146FF
:10F9A00006D16A480C99405C002800D026463146B2
:10F9B00018980B90169803900126664D3046A8477C
:10F9C000634F39689022885010213046A847396823
:10F9D000A0220492885004213046A8473968A82202
:10F9E000885034210C963046A8473968AC2288509C
:10F9F0000898C7B2211F3846A8470546029C012C2B
:10FA000005D15C21384600F0C7FD024600E0002227
:10FA100038462946FEF7C6FE10AB0998D8700A98FA
:10FA200098700D9E5E700B9818702046059D2946B3
:10FA30003A4605F0FBFF039F38462146FBF71DFDC4
:10FA4000384621462A46FBF7F2FC384621462A462C
:10FA5000334605F0EDFF00963E46384621462A46DD
:10FA60000B9BFBF7E7FCFBF7C0FC012C07D1012D3A
:10FA700005D105F02BF9012E01D105F028F90D98DB
:10FA80000128334F01D105F023F9FBF7A7FC0698B5
:10FA9000314622462B46FEF746FD2C4EF07A411C9D
:10FAA0002D4D28460C9A00F065FD3968D02288500B
:10FAB000F17A0222284600F05DFD39680A46A0323C
:10FAC00050630498085878605068B8602046FBF787
:10FAD000D3FCFBF7ABFC00F0E3F8FEF729FD05F0E3
:10FAE000A6FFFEF71FFDF9F7E5F8F2F741FB3968CD
:10FAF00000248C7248722046F2F742FBF4F7BEFCF9
:10FB00003868406EFDF703FF3868079D40590C3098
:10FB100002F02BFE3E460C9F3846FBF76DFC30682A
:10FB2000415940228C54094A128B02831F200F90A6
:10FB3000E0430E9048310EA8052202F08BFC30689D
:10FB40004059F9025422815211B0F0BD8C2400209A
:10FB5000782400209905061088240020B0B588B0CC
:10FB6000129C0694119C0594109D04950F9D03957D
:10FB70000E9D02950D9D01950C9D0095FFF76EFE63
:10FB8000012C12D1FBF754FCF9F700FFEEF7DBFD77
:10FB90000748C17A07480068B030074A052302F0D9
:10FBA0002FFBF4F7D9FCFCF758FD08B0B0BDC046F8
:10FBB0008C2400207824002039F8051000210A4602
:10FBC000062905D0435C002B00D00122491CF7E731
:10FBD000D0B27047044800685E21405E0D21414369
:10FBE0004031C8117047C0467824002002480068A0
:10FBF0008C2140587047C046782400200248006895
:10FC0000902140587047C04678240020002801D039
:10FC10003020704720207047024800689C214058DF
:10FC20007047C04678240020FEB5154800689C2126
:10FC30000291415854200190085ACF6B124C451C38
:10FC4000A9B2090A0E2901D90E494518002F0FD073
:10FC5000002620683421415CF0B2884208D2F9F7CE
:10FC60004DFE761CA9B2408F8142F2D12846E6E7CC
:10FC7000034800680299405801994552A8B2FEBD58
:10FC80007824002002F1FFFF24240020C043401804
:10FC9000C00F704701480068806870477C240020CE
:10FCA0000948C07A094909681231002804D00022A5
:10FCB0000A802C31401EF8E7054800680021C17316
:10FCC000FF210902818170478C24002080240020BC
:10FCD0007C2400202C224243014800688150704758
:10FCE000802400202C23434302480068C250C018DF
:10FCF0004160704780240020FF280BD02C21414315
:10FD0000054800684018817C082901D0102100E0D6
:10FD1000202181747047C04680240020F0B588B04F
:10FD200007932C2747431A480668F019847C012C56
:10FD30002BD103461233149D0695139D0595129DF4
:10FD40000395119D0295049110990F9D0E9C0094AE
:10FD500001920D9A079C44608260009AF2511F2222
:10FD6000154045751140817501210175019AC274D4
:10FD700001820299C1610399016205994162069964
:10FD800081620499C1600220187008B0F0BDC046BD
:10FD90008024002080B50A4909680A7B012A06D11F
:10FDA000CA7B032A05D10020FBF792FB80BD00200F
:10FDB00080BD0968081A03494018C00F80BDC046BD
:10FDC0007C2400200BFEFFFF024909684A6802609C
:10FDD000887B70477C240020F0B5B3B00746DC4830
:10FDE00000680B9001200190099000210B9881730D
:10FDF000D84803680A911972FF200890023098824F
:10FE0000187CF02101400A0988181874598AD140D9
:10FE1000C907D14909680791059306D0002002F06F
:10FE200091F9F1F712FB059B187C0F210291084014
:10FE300018749621099841430B9812918160012012
:10FE40000490C04379B2814210DC7F2007402C250A
:10FE50007D43079C60190A906659F2F7A8F9301A99
:10FE6000BE49401800D5EFE0384604E0F8B2FF285C
:10FE70000ED000210A912C214143079840180121FE
:10FE80000175817C082902D1123004210170089784
:10FE9000F2F78DF912990C18AF480768283700253A
:10FEA0002846AF49CA7A95423AD23E46163E317844
:10FEB0000A07520F1ED004213170394628390968CB
:10FEC000CA43A21829D4611A38461C3800683A4639
:10FED0000C3A12689047394618390A8812180A8075
:10FEE000394614390A7880187F2800D37F2008709B
:10FEF000317801208906890F0FD03968002906D092
:10FF000038461C38006888473078012804D0002023
:10FF1000307039461539087001202C376D1CC0E748
:10FF20000028B5D18C4800680346123300242146CE
:10FF3000A24209D01D78042D03D1CDB213AE745561
:10FF4000491C2C33641CF3E70A0674D0CAB20E9223
:10FF5000002206920C46039216460D910E9A964286
:10FF60006ED012961094E3B200272C463E46BB4258
:10FF70000DD013AAD25D2C2555434559002F02D030
:10FF8000F243AA1801D53C462E467F1CEFE7129D8E
:10FF90004A1BD2B2511E13AA535CE4B2175D5754E8
:10FFA00013550F91CBB2D35C002D2ED01D46119965
:10FFB000CAB213ACA45C2C277C430259911B0419D0
:10FFC0006368C91895314AD4D1430C9A511849D461
:10FFD0006F43C1198A7D0B7D9340497D01263246CE
:10FFE0008A409A4200D81346A17D277D8F40617DCB
:10FFF0008E40BE420F9D00D837469F422B460D993A
:020000041006E4
:10000000109C00D3119B129E11E00D990E9A012AAB
:1000100001D102220692109C129E0F9D2C225A435F
:100020008358821852689A1896320C922B46641E96
:10003000761C119392E700200B99486088732DE09D
:10004000039A1646069B13E06019807C102800D1A5
:100050000AE7202800D107E700243D4621E0963E2C
:10006000049B04E00D98401E119000263346039A2D
:100070001198C0B213A90D5C0B9842608373FF2DD9
:100080000CD02C20684307990918D8B201280A918E
:1000900005D10868301A0B99486000E0FF25019CE3
:1000A000089FF3F721F82A480068FF2D2FD01197F9
:1000B0001294044608200A9FB874FEF736FA657356
:1000C0003A6AF868796890473E680B94266028463B
:1000D000F3F720F8F3F717F81298002823D0F87CEC
:1000E000C10901223046F2F789F800281DD009988D
:1000F000400009901028119F00D276E6FEF714FA0E
:10010000A12006210022134603F012FC09E0044658
:10011000F2F78EF8F2F7F0FF0020E073FF20000204
:10012000A08104990FE0F2F79BF8049B0B990B73E5
:10013000F87CC873059AD660117C029C21400001AE
:1001400008181946107403480068017233B0F0BDF6
:100150007C2400207824002080240020D4FEFFFF8F
:100160008C24002010B51F231A402C24444303483C
:100170000068001982751940417510BD8024002067
:10018000B0B52C2444430B480068059D0551001967
:10019000049C8460C1600B9981620A99416209994B
:1001A00001620899C1610799817506994175C27408
:1001B0004360B0BD802400202C21414302480068E8
:1001C0004018102141827047802400202C22424395
:1001D00002480068801881747047C046802400205F
:1001E00010B50E480168283100200D4AD37A984294
:1001F0000BD2EFF3108372B60B46163B1C78002C23
:1002000005D062B62C31401CF0E7FF2004E000224C
:100210000A600121197062B6C0B210BD80240020AE
:100220008C240020FF2806D02C214143024800687E
:1002300040180021418270478024002010B50C46F0
:10024000EFF3108172B6FFF7A5FD62B6002800D06B
:1002500010BD2046FFF7C0FD10BD0000B0B504463C
:100260001348C07AA04222D9EFF3108072B6FF255E
:10027000EC35F1F79CFF4019FFF78CFD0D4A136830
:100280000021197262B601280CD1106841600A4A37
:10029000436893420BD8037A002B07D143685B1C59
:1002A0004360F5E72046FFF797FDB0BD0172B0BD92
:1002B0008C24002078240020FFE10400F8B5184CBD
:1002C00001250422174E20462946B047164F3860B4
:1002D000102220462946B047396808600C22204683
:1002E0002946B04739680968C860104DE989242259
:1002F0002046B047014638680268D0688160002116
:10030000082903D000235352891CF9E7E989D180D9
:1003100000211181E989418000F048F9F8BDC0460B
:100320008824002075050610842400208C240020D9
:10033000FEB51A4A12681368EFF3108272B60622ED
:100340009C5EE2172746974340000090185E144ACF
:100350000291891849094D1C0128019505DB421BB2
:10036000564212B2D51335403F18D8680022865E37
:1003700009B28E420EDD3EB28E420BDD0099591855
:10038000621BDA800A88019BD21A0A80029900F067
:1003900043F9024662B61046FEBDC04684240020E2
:1003A000FFFF1F00B0B50D46044600F05BF90146A3
:1003B000284600F00BF8044800680068C068214631
:1003C00000F00FF9B0BDC0468424002010B50B4AE0
:1003D00012681268EFF3108372B64300D05E4418BF
:1003E000D4520BB2C318012B02DB4342C10B19409C
:1003F000D0880818D08062B610BDC0468424002082
:10040000084909680A68EFF3108172B60621515E47
:10041000CB1799434000105E002800DD091888B210
:1004200062B6704784240020FEB58124002832D0B3
:100430000646029101941948006800680090501E19
:100440001F2101434C1CA7B2304600F013F90546AA
:1004500087420CD9601B81B20298FFF769FF002820
:10046000019C18D00146304600F029FA12E0AF4254
:1004700010D20098C06831463A4600F007F90446A9
:10048000781E4009691E4909081A81B20298FFF7CF
:100490009DFF00E000242046FEBDC04684240020CD
:1004A000BCB50C4601461C48006805682889EA6806
:1004B0005288131AA34226DAA11A081801A9088043
:1004C000164800688069422140220323F4F7F0FABD
:1004D000002817D004460222C2720920A0722046CA
:1004E0000C3001A9F1F798FD0020607206212172FD
:1004F000E071A171FF2060718220207142202146AD
:10050000F4F773FBBCBD0320224600F009F82889EC
:1005100000192881BCBDC046842400202824002066
:1005200010B5084B1B681B68EFF3108472B64000CF
:100530001C5AA41A1C524800195A8918195262B63A
:1005400010BDC04684240020B0B50C46054909689A
:100550000D6803212246FFF7E3FF2889001B28814D
:10056000B0BDC04684240020014841680160704746
:100570008824002070B5144605464C430068401E90
:10058000032101434E1C002130462246F1F754FD61
:1005900030192860304670BD80B50A4601460248D1
:1005A000FFF7E8FF80BDC04688240020F0B581B089
:1005B000054640888624002810D0AE68002E0DD055
:1005C00000246C602C80274634602846314600F0B9
:1005D00008F824367F1C68888742F5D3204601B08E
:1005E000F0BD10B5002915D000220C462346521C40
:1005F0002468002CFAD1EFF3108472B6446841608D
:100600001C6001888918018062B6002001F0C2FDDB
:10061000F0F71BFF10BD0000F0B5114A8918490919
:100620004A1C94B2EFF3108172B60021002C13D053
:1006300003889C4210D8641E41680D4606D00026EF
:100640000D462D68761CB7B2BC42FAD82C684460BF
:1006500000242C609A1A028062B60846F0BDC0469B
:10066000FFFF1F000021002802D00068491CFAE7A4
:1006700088B27047002806D000210068491C002875
:10068000FBD1480100E0002080B2704770B5002423
:1006900000290AD000260D460968334620339EB251
:1006A00096420ED20029F6D101E023462546D11A02
:1006B00089B2FFF7B1FF286000280AD17920C4432E
:1006C00007E0002904D0FFF78CFF00242C6000E035
:1006D0000024E0B270BD002908D0002809D08BB2F8
:1006E000202B04D3006820390B04F6D1002111809F
:1006F000704700207047F0B581B0064650090406E7
:1007000004D0002E2DD03668401EF8E71C465B1E34
:1007100020469841002C1FD0002E1DD01F200240E3
:100720002020851AA8B2A3B2984200D3254600958E
:10073000AFB2B018001D3A460D46F1F76DFC0098B7
:10074000241AA1B24A1E08469041002904D0E91992
:1007500036680022002EE3D1002803D07E20C0435B
:1007600000E08120C0B201B0F0BDF0B581B00D460F
:100770000646002A08D0002E2AD090B2202806D3A0
:100780003668203A1004F6D1002E21D00022002B2A
:1007900020D02020841AA0B299B2884200D31C46EF
:1007A000A7B290B23018011D28463A460093F1F7DF
:1007B00033FC009B1B1B180404D0ED193668002283
:1007C000002EE6D198B2002805D07E20C04302E07A
:1007D000812000E00020C0B201B0F0BDF0B583B0D0
:1007E00002910646002A08D0002E33D090B220286D
:1007F00006D33668203A1004F6D1002E2AD0002203
:10080000002B019320D000271D4690B21F2814D83A
:1008100020218C1AA1B2AAB2914200D32C46A2B2D6
:10082000B9B2029B59183018001DF1F715FC0028C9
:100830000FD12D1BE719002200E0203A280404D034
:100840003668002EE1D100E00027B8B2019B1B1AE8
:1008500000E00346184603B0F0BD10B5521E1F233A
:1008600013439AB2531C9AB29A4201D000220DE06F
:1008700053090A460021541864684450091D202970
:10088000F9D1116820305B1E1C04F2D1104610BD56
:10089000B0B5521E1F2313439AB2531C9AB29A4208
:1008A0000CD15209031D00240D591D51241D202C6B
:1008B000FAD100682031521E1304F3D1B0BD0246B4
:1008C00000680028FBD1116070470000F0B597B0B8
:1008D000E54C6720C543EDF73DFEE44E012802D00C
:1008E000F07A002810D027462C463834EDF732FE37
:1008F000F17A6143784338184418EDF72BFEF17A0A
:100900004143DB48484324182E34EDF723FE0128E9
:100910000ED1284660303189414328464430B27AAE
:100920004243501829464831327B4A43801800E040
:1009300000200390F0890A90F8F70AFB012801D003
:10094000FEF792FEEDF7FEFD0128119409D12C4629
:100950003834EDF7FFFD6043F17A414308390991DE
:1009600001E000200990F2484C301390FEF77CFE25
:10097000012815D0F8F7ECFA012811D02920305CB5
:1009800000280DD12520305C002809D12620305CBC
:10099000002802D0E6484C3001E02846243013906D
:1009A000E3486C301290FEF75FFE012815D0F8F78F
:1009B000CFFA012811D02920305C00280DD1252044
:1009C000305C002809D12620305C002802D0D848AD
:1009D0006C3001E028463C301290FEF745FE109046
:1009E000B07E0090F07F0F90EDF7B4FD0790F07FA0
:1009F0000190FAF704FD0890F07F029001F065F98C
:100A00000027F8F7ABFA01283846159516974FD10D
:100A1000707F0A2800D30A202C4638344443C03C57
:100A20000025FAF7E3FC01282F4620D1EDF792FDCF
:100A300001280E9503D0159B1846543002E0159BF3
:100A400018464830BA49E431B27F4A431018354657
:100A50001E466036E97F32468A408718EDF77AFDF8
:100A6000012802D1E87A4643BF192E460E9DE019AF
:100A70001490FAF7BDFC0746FAF7B8FC04463C4070
:100A8000EDF768FD2040012808D1F07E401E0321CB
:100A90000143B07FB0224243D043451A1498441911
:100AA000FEF7E2FD6043A24908182C30159D169F01
:100AB0000690EDF74FFD0128394609D1F8F714FCEF
:100AC0000128394604D12220305C294614314143A3
:100AD0000591FAF78BFC0128384621D19448D4308F
:100AE000B17E414328464830F27A424354180027E9
:100AF000FAF77EFC012810D1EDF72CFD01280CD16E
:100B0000159A10465830317F414310466030F27ECE
:100B1000424350188438B77E4743E019159D169F0D
:100B20000E90F8F7B9F90128384633D1EDF712FDE8
:100B3000012802D02F465C3704E028466030F77A5F
:100B400047430C3F2325705D00240028204605D034
:100B5000EDF700FD705D404203218843C019242752
:100B6000F15D159A64324A438518F8F7F7F90128C0
:100B70000DD1FEF779FD012809D1FAF737FC0128DC
:100B800005D1F45D002C159801D004465034281985
:100B9000159D169F0D90EDF7DDFC0128394609D112
:100BA000F8F7D8F90128394604D128464830F17AB7
:100BB000414314390C91EDF7CDFC01283A4608D198
:100BC000F8F775F801283A4603D128464C30F27AF6
:100BD00042432620315C2520345C63182920305C98
:100BE0000493002B149010D02820335C28466030EA
:100BF0005843F83848432723F35C54355D434C4B46
:100C00005B19483363431F181498002816970B92FA
:100C10000DD002462A20305C454D2B46B03343436D
:100C200037462E46C8365643F318483B03E02A2081
:100C3000305C002337462826BE5D714309182726FD
:100C40003D46BE5D74432418601813D0159F3E4680
:100C50004C3666433C4634344C43A1193C465C3424
:100C600044430C19143C07E000FCFFFF8C240020D7
:100C700070FDFFFF0024159F03990A9E1198081824
:100C80003946443171434018099940181399401866
:100C9000129941183846603006460F9A96408919D5
:100CA000109A012A06D1224E009A56437118452601
:100CB000B60089192E46079D059A012D02D1019D86
:100CC000A84009180898012805D138461830029D17
:100CD000A840411870390698049D081880180E998C
:100CE00040180D9940180C9940180B994018149908
:100CF000CD4201D03818583016994018C018041940
:100D0000F3F7D3FE012800D1E419706820180321FD
:100D1000C943F28DD21C0A40B38DDB1C0B409A18DC
:100D2000338EDB1C0B40D118401A17B0F0BDC04603
:100D300090FEFFFF80B501F096F980BDB0B594B08C
:100D400004464178012529403E306A4600F019F8F2
:100D500000280CD1694650222046F1F77DF9002881
:100D600008D06946487828403E3100F03BF860786A
:100D7000102801D2002002E0204601F069F914B0E9
:100D8000B0BDFEB51446064601250291012905D1E4
:100D90007079C0210140402900D1002501F040F9BF
:100DA00020463E30019027461E37204601F03EF98E
:100DB000002815D1002D0BD0607801210140029848
:100DC0008142F2D1062201983146F1F745F903E05C
:100DD0003046394600F080F90028E6D10020FEBDFB
:100DE000B320FEBDF0B595B00C46054601F018F9EC
:100DF00001AE3E36B32701A801F018F9002810D142
:100E0000062230462146F1F727F901A94978012247
:100E10000A40AA42EFD10028EDD101F037F90027AE
:100E2000E9E7F8B215B0F0BDB0B50446074D287833
:100E3000002803D101F0F4F801202870204601F0C9
:100E4000F5F8002801D000212970B0BDC024002091
:100E5000BFB50D46044601AA0846214600F07FF8BA
:100E6000002801D101F012F928462146FFF7BAFF08
:100E700004B0B0BDFEB514460191064601F0D0F8AD
:100E800027464437204601F0D1F8002811D1607878
:100E9000C006F7D502AD384601992A4600F07AF827
:100EA000022228463146F1F7D7F80028EAD100207F
:100EB000FEBD8120FEBDF0B585B01E4617460D462D
:100EC000044602AA0846214600F049F800280BD142
:100ED0000498B84206D1BAB20C203146F1F74CF86A
:100EE000002816D001F0D2F8019602AE3570701CC1
:100EF00006222146F1F790F804973046019901F057
:100F000082F8002805D0064628462146FFF76AFFEA
:100F100000E00026304605B0F0BDB0B598B01C46E4
:100F2000154601AAFFF72DFF002816D101A94A781E
:100F3000012010403E3115AA00F011F8002801D020
:100F4000B3200AE029681798884201D9872004E075
:100F5000286081B2204601F04BF818B0B0BDF8B55A
:100F600014460D46064601F01DF8671C204601F0A8
:100F70001FF800280BD1062228463946F1F76CF8F5
:100F80000028F3D12078B042F0D10020F8BDB32082
:100F9000F8BD0000F0B591B001920091054608A996
:100FA0000320088007AA0024148014480068183021
:100FB00003AF3B4600F024F80DAE10223046214628
:100FC000F1F73AF8082230460099F1F725F809AC14
:100FD000384631462246F7F761FF02AE022230461C
:100FE0002146F1F719F8287802994140019A1170C9
:100FF000707869784140517011B0F0BD2424002010
:10100000BFB50D786C462570497861701178A17074
:101010005178E170002103910291019121461A4615
:10102000F7F73CFFBFBD0000E0B5034601A9012072
:1010300008806A4600201080024800681830FFF7D8
:10104000DFFF8CBD24240020F0B587B0009003AEF4
:101050003046FFF7E9FF0027384601F08DFB010A13
:1010600002AD69703F2404404034384601F084FBEF
:10107000AC70287001AF304629463A4600F00EF8B1
:101080000326009C204639463246F0F7C5FFE01C97
:1010900029463246F0F7C0FF07B0F0BDF0B589B081
:1010A00000920F46054605AE002110223046F0F7AB
:1010B000C3FF0324304639462246F0F7ADFF01AFA7
:1010C000284631463A46F7F7E9FE00983946224667
:1010D000F0F7A2FF09B0F0BDBCB50A460446C11C3A
:1010E00001AD10462A46FFF7D9FF032228462146C4
:1010F000F0F7B2FF002800D08120BCBDF0B585B06C
:1011000000931746054601AE3046083008242246B3
:10111000F0F782FF304639462246F0F77DFF284639
:101120003146009AF7F7BAFE05B0F0BDE0B50B46C0
:10113000014601AA01201080024800680830FFF72C
:101140005FFF8CBD24240020F0B595B001931746B5
:1011500003910025149513951295119511A90DACC5
:1011600004902246F7F79AFE0F200290265609A90E
:10117000204600F085F8002E67D409A8029944564D
:1011800005A900F07DF8002C6CD411A800241022D1
:101190002146F0F751FFFDB2112D21D3201D81B260
:1011A00010220DAB0398F3F7EBFA0020102807D0BC
:1011B0000DA9095C11AA135C4B401354401CF5E7C0
:1011C00011AD0DAE049829463246F7F767FE10229E
:1011D00028463146F0F720FF103F1034A4B2DAE77A
:1011E000102D08D1201D81B210220DAB0398F3F70A
:1011F000C7FA09A814E00DA800211022F0F71CFF7F
:10120000380608D00DA8431B1033201D81B2039867
:101210002A46F3F7B5FA0DA8401B8021C17305A833
:10122000019A0021102909D00DAB5C5C435C63403E
:1012300011AD6C5C5C406C54491CF3E711A9049837
:10124000F7F72CFE002015B0F0BD11A88721017022
:101250000F2D92D009A8415D11AA525D4A40425516
:101260006D1CF5E711A88721017000200F288CD094
:1012700005A90A5C11AB1B5C53400B54401CF5E7FD
:1012800010B5027852000A70491C00220F2A0BD0B8
:1012900083185B785B008B548456002C02D50124A4
:1012A00023438B54521CF1E710BD0C207047000003
:1012B000F8B500276B4B6C4A3D4618683421405CFA
:1012C000854200D3CDE01068A4214058002800D109
:1012D000B2E0C4192089002800D1ADE0A07A01460F
:1012E000D13905295DD3002800D1A5E0FE2800D121
:1012F0008AE0A22859D0AA2800D181E0B22854D08F
:10130000B42800D18AE0BA287AD0BF2800D189E079
:10131000F02800D18BE0102800D090E00121204679
:1013200004F0B8FC002800D196E00026A672F4F77D
:101330005BFC00284B4B4C4A7ED06020205CC007F1
:101340007AD004F018FC484A464B002874D0E07963
:10135000C021014040296FD1444800684F21405CC2
:10136000000769D524894248006880694822022123
:101370000B46F3F79DFB3C4A3A4B00285CD00146F4
:101380000420487208220A72CE7188718C72FF2084
:10139000487182200871200AC8720220F3F725FCE8
:1013A00048E0204605F02CFA44E0E07D01260007E5
:1013B000304613D5204605F028FD002806D0122817
:1013C00004D00E2000F0BEFEF0F73FF8E07D602173
:1013D0000140603948424841224B234AE17C0229BE
:1013E00004D1E17B10220A4016091F4A002823D0AD
:1013F000002E21D06020205CC00724D04B2023E0A9
:10140000204600F037F815E060202056002813D55C
:10141000002170222046F0F70FFE0BE0204605F079
:1014200059F807E00021204605F0A1F902E0204626
:1014300004F0B2FC0C4A0B4B70376D1C3DE72046A4
:1014400000F019F80AE05B20C043A0720E2000F003
:1014500079FEEFF7FAFF01E0F120A072014B024A9A
:10146000EAE7F8BD24240020C424002078240020CA
:101470002824002070477047FEB5604F604C3868E4
:101480000168002900D1B8E001F078F8054600882D
:1014900005F04CFC0028F2D006463868B021405CCC
:1014A00000280ED0082100220123304604F02CFD34
:1014B00000280ED0FD2800D096E02846F3F744F926
:1014C000DDE76868007A05280CD12846314604F02B
:1014D000EFFC2846F3F738F90E2000F033FEEFF763
:1014E000B4FFCCE7B17AF12901D000290AD16021FB
:1014F000725C0121114001D10B28DED1002901D0FD
:101500000128DAD1F07D000706D50296019501A8E1
:1015100000F094F8FC28CBD16020305CC00707D1E4
:101520000296019501A800F08BF8FC28C0D122E0BA
:101530006868007A042831D0032837D001281AD1EE
:10154000B07A002803D0FB2847D0F128B5D13089E4
:1015500005F0CCFB024600200146234600F08EF841
:10156000307E810702D50321084330762846314674
:1015700004F09EFED9E72846314605F00FFAFC2814
:1015800003D0862899D0842892D1F07D000794D585
:101590000296019501A800F04FF889E7B07AB628C5
:1015A0008BD12846314605F04DF8BEE7B07AB22817
:1015B00009D0B42807D0B52800D07EE728463146A8
:1015C00004F04AFFB1E7F07C022800D075E73868E4
:1015D0004021415C032908D16FE709210022012342
:1015E000304604F091FCA0E73868294600F0A7FFD8
:1015F0000F2000F0A7FDEFF728FFFEBDC424002058
:1016000030750000F8B50A4D05400A4E306807688D
:10161000002F0CD03C46FF692088A842F8D13068E2
:10162000214600F095FF2046F3F78EF8F0E7F8BD6D
:10163000FF0F0000C42400201F2070471F207047A8
:101640001F20704780B50648C17A064800680830F8
:10165000C91CC9B2044A072300F0D2FD80BDC046B0
:101660008C240020C42400206D16061080B540692B
:10167000014900F09EFE80BD1517061010B5002927
:1016800006D0862401291BD1022A19D8002100E0A6
:10169000032101280AD0002811D18818C1B20948B5
:1016A00000680830012200F0F6FD06E08818C1B29B
:1016B00004480068083000F0B8FD044600E000244B
:1016C000204610BDC4240020FEB5054670200290BF
:1016D00045430F480068A4210191405847193989B2
:1016E0000220012400262246334602F095F93846AE
:1016F000214604F0B9FB3889FFF784FF04480068ED
:101700000199405840193146029AF0F795FCFEBD08
:10171000C424002080B5022802D805F057FA80BD05
:101720000449C97AC91C814203D9C01EC0B2FFF75F
:10173000CBFF80BD8C240020F8B52920C1000124F6
:10174000204D2046A847204E3060204FF87A702167
:10175000A8473168A422885005F0C0F92821204606
:10176000A8473168AC228850F87AC01CC0B2411C2E
:10177000174D28462246FEF7FDFE31688862F87A4A
:10178000C01CC1B202222846FEF7F4FE3168C862CE
:10179000084600F0C9FEFFF755FF306842210025DA
:1017A00045524021032242540A4904634163856340
:1017B000443010212A4600F0ECFF284605F022FBB9
:1017C000F8BDC04699050610C42400208C240020D2
:1017D000882400200710070710B5044600F00CF815
:1017E000002801D00C2010BD02480068402144545C
:1017F000002010BDC424002070B5104800683421BA
:10180000405C702141430E480268A4320020034628
:10181000994212D01468E518AC7A6026AD5DED07E8
:1018200004D16034E4B2512C04D205E05034E4B267
:10183000412C01D37033EBE7012070BD242400203C
:10184000C424002010B50446FFF7D6FF61780129B3
:1018500003D1002805D1024604E000280FD00C2255
:1018600016E00C220B4909684023CB5C032B01D105
:101870006E22D243032B0BD0002802D008E005488B
:1018800001683031102208462146F0F7C5FB0022DE
:10189000D0B210BDC424002010B50C4605F046FAA5
:1018A000002810D0C17C02290FD1094909688C6336
:1018B000C17B10220A43C2730E2000F043FCEFF7F5
:1018C000C4FD002010BD022010BD0C2010BDC0467C
:1018D000C4240020F0B589B004931546059107464D
:1018E00006AE08AC30462146F4F728FA22780020EC
:1018F000009504990191029038460599334600F00D
:1019000003F809B0F0BD0000F0B587B00293009273
:1019100001913A4909683423CA5C7027574300256E
:10192000EC43374B1E68A4360C9906910E9903912F
:101930000D9905910494AF425ED033685919098915
:101940007035641C0029F6D1944255D25F1939468E
:1019500068390880384670380521017038460F38DC
:10196000009901703846103800900199017038468E
:101970000E380622234B029916469847FE20069AF7
:10198000104001210A40022800D0114606923C4630
:101990006F3C217002280598039900D001463D460E
:1019A0006E3D28463246174B9847384617380699F9
:1019B00001703846163805993246124B984738461A
:1019C000583800210422F0F737FB381F663F1021FA
:1019D0003970049901602078294605F067F90028DC
:1019E00005D000980078C00701D0FB2038700E2089
:1019F00000F0A8FBEFF729FD07B0F0BD242400207C
:101A0000C424002019200510F0B589B004931746AE
:101A1000059106460E9C2046FEF7D0F80F9D002843
:101A200008D007A806222146F0F7F6FA06A80122F8
:101A3000027005E007A806AC2146F4F77FF922788A
:101A4000009704980190029507AB30460599FFF77F
:101A50005BFF09B0F0BD0000F0B589B015460E4639
:101A600005F064F9002870D00446807ABC2806D1BD
:101A7000278908A8002101802646283656E02746F7
:101A80003037E17D090709D4204628300822314645
:101A9000F0F7C2FA3D70280A7870A07A2189029185
:101AA00008A900220A8026462836BC283DD02546B3
:101AB0001C35F1280FD1E07D000736D407AA01922A
:101AC00028463146FFF766FA022201983946F0F7B8
:101AD000C3FA002821D038463146224604F049F99D
:101AE00000281AD0029D2846F7F709FA207E8007C1
:101AF0000CD0284605F0FAF8024601200021154BCB
:101B0000FFF7BCFD207EFC2101402176022003224C
:101B10000023294601F080FF17E00D4800680830D7
:101B200008AA29463346FFF76BFA029F03AD00214E
:101B300010222846F0F780FA227C28463146F0F73A
:101B40006BFA38462946F7F7CBF909B0F0BDC04625
:101B50002424002030750000F8B50E4605461046D6
:101B600005F0E4F8002856D004460746002E0BD0B6
:101B70000020B87208340122062D32D13989154669
:101B8000062E0ED005220DE0F97A01200843F872E6
:101B9000F97C891E022910D8F97D090708D504218E
:101BA00007E004220220002301F036FF2A4618E055
:101BB0000221F92210404018F872B87AAD2805D0F9
:101BC000AE2805D0BC2827D1BF2002E0AF2000E01E
:101BD000F020B87208340E2000F0B4FAEFF735FCAC
:101BE00000226020385CC0070BD1B87EC10605D545
:101BF000EF210140B97641B2002918D4002A19D149
:101C000009E0387EFC210140397603210140481E5D
:101C100081410A430ED1F8BD062DDBD1F128D9D17F
:101C2000398902200022134601F0F6FED2E76F2127
:101C30000840B876208805F059F8024601200021B6
:101C4000014BFFF71BFDF8BD3075000010B505F026
:101C50006DF8002825D00446008905F047F80246B3
:101C6000012000210F4BFFF709FD2089FFF7CAFC77
:101C70006020205CC007A07A04D16030C0B2512837
:101C800004D307E05030C0B2402803D802212046D8
:101C900004F0EAF8FE20A0720E2000F053FAEFF7ED
:101CA000D4FB10BD30750000B0B5054600242046B9
:101CB00005F088F8002801D00C2404E0012D02D1A1
:101CC000012005F09FF82046B0BD00207047704706
:101CD00070470000B0B50C460546088805F026F8A8
:101CE000002825D0002D0FD0012D21D1608841285A
:101CF0001ED812480068214600F01AFC0F2000F0A0
:101D000021FAEFF7A2FB16E06168097A0B2909D1E5
:101D1000017E03220A40012A0AD1FC221140891CBB
:101D2000017605E08A1FD2B2042A01D804F00CFE25
:101D30002046F2F709FD0020B0BDC046C4240020B3
:101D400010B5C37A5C07A20F09D0012213405A4292
:101D50005A41037C0320102B09D0034608E0DA0720
:101D60000AD1807A0122F12809D0134608E0042321
:101D7000002C05D4034603E00223002200E00223E6
:101D8000002A01D1184600E00120002900D01846A1
:101D900010BDF8B51C4616460D460021297011707D
:101DA000197004F0C3FF002817D0074601212970DD
:101DB000807AF12810D1009100213846FFF7C0FF4A
:101DC0003070012809D102202870F97A4907890F5B
:101DD00000D10098207000E031700020F8BDF8B507
:101DE0001C4615460F4604F0A1FF002816D00646F3
:101DF000811C06222846F0F70FF9707869460870B2
:101E0000002F1FD000281DD0012809D1F1798A099F
:101E10000120022A16D8402903D213E00220F8BD7F
:101E2000F179C0200840402808D1694630462A464A
:101E300003F088FF002803D08120F8BD8620F8BD7C
:101E40006846007820700020F8BDB0B504F06EFF41
:101E5000002811D004460025294603F01BFF002866
:101E60000BD0A17AF12905D1A17BCA0702D089073D
:101E700000D50020054600E002252846B0BD10B57B
:101E80000C4604F053FF002805D0817AF12902D1D5
:101E9000007CA04201D2B62010BD002010BD80B54C
:101EA00004F044FF002806D06021425C80231343E5
:101EB0004354002080BD812080BDF0B589B00E461E
:101EC00004F034FF002825D005461C3005A90091F8
:101ED000FFF72CF974882B466833271DB9B204220A
:101EE0003046F2F76FFCFAB201AF009831463B463C
:101EF000FFF72AF908372046083081B20822304619
:101F00003B46F2F75FFC0C347480A86E401CA86658
:101F1000002000E0022009B0F0BDF0B58DB00D4604
:101F20004F8804F003FF002805D00446407C40069B
:101F300003D4B12034E0022032E02146483105A824
:101F40001022F0F769F8083FB9B20C2202AE284619
:101F50003346F2F715FC3078717809020818B17829
:101F600009044018F17809064118E06E814201D851
:101F7000401C10D10191FAB205A809AE294633469A
:101F8000FFF7E2F802A8001D083608223146F0F7F4
:101F900063F8002801D0052002E00198E0660020E7
:101FA0000DB0F0BD0148002101707047C824002029
:101FB000BCB50346064D28780C210091012400226F
:101FC0002146EFF761FF2C7000F004F8BCBDC0465D
:101FD000C8240020C01CC0B2042802D37E20C04305
:101FE00002E0C1000148C840C0B27047B3B7B400B6
:101FF000E0B503460091022001210C22EFF744FFD7
:10200000FFF7E8FF8CBDE0B50B4601460089009064
:1020100001200C22EFF7EAFEFFF7DCFF8CBD000089
:102020000148002101707047C92400201CB50346F7
:10203000064C20785021009100210A46EFF724FF3A
:1020400001212170FFF7C6FF1CBDC046C924002036
:10205000E0B501460020009050220346EFF7C6FE8F
:10206000FFF7B8FF8CBDBCB50024214620460D46C5
:102070000094C0B2214622462346EFF705FFC21C5A
:10208000691C0120002AF2D1E8B2BCBD80B5022053
:10209000EFF79CFF80BDE0B50346262000900221AB
:1020A00000200246EFF7F0FE002800D081208CBD12
:1020B000E0B501460023009302202622EFF796FEAA
:1020C000002800D081208CBD034800680021816079
:1020D000C160016101607047CC24002070B5174DCC
:1020E0002868EFF3108172B6016800260660426826
:1020F0000A43426062B62C681034206800280FD072
:10210000204600F05BF8800029680818EFF3108281
:1021100072B68268866048681043486062B6ECE731
:102120002868041D064D2068002806D0204600F0CF
:1021300045F8810069588847F5E770BDCC24002038
:10214000949206101F21014001228A40EFF3108172
:1021500072B604490968400980000B5813430B50BC
:1021600062B67047CC2400201F2202400123934016
:10217000EFF3108272B68900054A126851184009BF
:102180008000081881681943816062B67047C046B4
:10219000CC2400201F21014001228A40EFF310814E
:1021A00072B60549096840098000081801691143A1
:1021B000016162B67047C046CC240020EFF3108165
:1021C00072B601684A420A405140016003485043D8
:1021D000C00E03A1085C62B67047C046DF3A6504D2
:1021E00000010206030B0710040E0C150817111A44
:1021F0001F050A0F0D1416191E0913181D121C1B9A
:1022000010B5122400280ED0002A0CD00B2B0AD8AF
:1022100041700370036A5954491E4B1CFAD3026182
:1022200000240475C061204610BDF8B50546122093
:10223000002D1BD00C466A788A4217D92B6A195D8B
:10224000A14201D10020F8BD17463E46DF5D97420E
:1022500001D0A742F9D10020974205D09955964266
:1022600002D1284600F003F8296A0C55F8BD10B5D4
:1022700042788A4207D1017D0024002909D0083024
:10228000EFF7B0FF05E04900426A515E00F06AF8DE
:102290000446204610BDF0B585B0122600285ED059
:1022A0001F460D46044643788B4258D920780521B5
:1022B000090381408F4252D804920293EFF777FFCF
:1022C00002462378206A405DA8420CD0049800287A
:1022D00045D020460391294604931646FFF7A5FFF3
:1022E00003993246049B332078430E46010A0818AE
:1022F000010C08187107D20851184218581DC0B2B5
:10230000C24001956800616A04920A52EFF74FFFDC
:10231000C00803906278206A17463B46C75D974223
:102320000DD07D00666A755B2678761D0399F140B5
:102330006D1A2DB2049E711A09B28D42EDDDC15C99
:10234000019A8154206AC2540298834206D10498AB
:1023500001B2204600F006F8064600E000263046AE
:1023600005B0F0BDFEB50191044607460837EFF70A
:102370001EFF02900D462678207D002804D03846A6
:10238000EFF730FF227800E03246701D029CE10832
:10239000C1400198401A00B2401EC1170832DEF752
:1023A000C5F802194D4138462B46EFF70AFFC0B277
:1023B000FEBDFEB5029105464778006AC45DEFF7A1
:1023C000F6FEC00801902046C2B2BA420DD05300BA
:1023D0006E6AF35A2E78761D0199F140591A09B2A6
:1023E000012903DC286A805CEEE73846296AC85573
:1023F000C6B228463146FFF73AFFE0B2B04206D0F7
:10240000296A0F5C0C54029988473C46F5E7FEBDEB
:10241000F0B5002A0BD00024E543002B264600D05F
:1024200056190F5D87556D1E641CA242F5D1F0BD93
:1024300070B503460120002909D000242646254610
:10244000965D9E4204D16D1CEEB28E42F8D370BDF3
:10245000204670BD002A05D003780B70521E491C1F
:10246000401CF7E7704780B5027C0B7C9A4206D18E
:10247000202A07D0102A09D18989808908E0002004
:10248000C04380BD1022EFF7E7FD80BDC968C0687A
:10249000401A80BD70B58AB00C46014605AD1426C1
:1024A00028463246EFF7B8FD684621463246EFF738
:1024B000B3FD287C802807D005AC0D490C222046AE
:1024C000EFF7AAFD0020E0816846007C802807D055
:1024D0006C4607490C222046EFF79EFD0020E08164
:1024E00005A869461022EFF7B7FD0AB070BDC046D7
:1024F000EC92061010B50A460146007C202804D054
:10250000102805D10C31022403E00C31042400E032
:10251000102410462246EFF77FFD204610BD017CB7
:10252000802900D00C307047002101604060704766
:102530000022CA61426811601C3141607047026824
:10254000CA61002A02D10A461C324260016070470B
:1025500003688B4209D01A46DB698B42FBD1CB69F9
:10256000D361002B07D11C3204E0CA690260002A43
:1025700001D1024642600020C861704701460068F0
:10258000C2690A60002A00D149600021C161704718
:1025900000210068002802D01C30491CF9E788B2ED
:1025A00070470000F0B587B0044608060D9D52D074
:1025B0000195FF2015468543012605930C9B1F4678
:1025C0000096374003977E421640F2B252190692A7
:1025D000254D059F3A462A401E469D07ED173D4072
:1025E000049003062B409B18022030400290481EA6
:1025F0000590C8B241080026C8B2C200A0184568BC
:102600000298002801D118480540A0580246049FAE
:10261000BA43039F002F01D1384600E0C0B28218B0
:102620000698904201D1AB4218D0AB4203D804D1F6
:102630000698904201D94E1C01E0481E059005986D
:10264000801BC0B2401CC2B2510889198242D3D04B
:102650000020019D04E00021084601E0019D009852
:10266000297007B0F0BDC046FFFFFF00F0B589B08C
:1026700015460F46044606790068616808AA00936B
:1026800001923A462B46FFF78DFF00210F9B0E9AD1
:102690000028079226D106976779BE4222D202937C
:1026A0000390049508A90878059686420DD0059FE9
:1026B0002268FDB2ED0056193346083B0ACB515152
:1026C00073607F1EF9B28142F2D12168C000069A80
:1026D0000A500818049941600598401C2071012196
:1026E0000398029B089A079C22701870084609B04C
:1026F000F0BDF0B587B00F460146007900260C9C6E
:1027000000282FD00390086804914968059206AD0F
:10271000009301953A46059BFFF744FF002821D01E
:10272000029005940D9A049C236806A90978CD00AF
:102730005B19DB7913700398401E0390C0B281428D
:1027400023460BD01D68CEB2F600AF19BA68FC68FC
:10275000AA517C60491CCAB28242F3D10398187115
:10276000029E059C267007B0F0BD002101717047E4
:1027700080B5EFF79EFC80BD1CB501AC2046EFF79D
:10278000D7FC20881CBDE0B501A8EFF7DDFC01985F
:102790008CBD7CB50C4605460020C6B2A6420ED2C2
:1027A0000020FFF7E9FFA85501A90870000A694653
:1027B0000870711CA14200D26854B01CEDE77CBDCA
:1027C000F0B595B03948006800900BA8FFF763FC9E
:1027D000002831D001AF06240025354B384621466C
:1027E0002A4698477879C021014379710BAE30466B
:1027F0002030304B39462246984707AC10272046F8
:1028000039462A462A4B9847304621463A46294BB4
:10281000984703AC204639462A46254B9847304610
:10282000103021463A46234B98473046FFF740FC8C
:10283000002803D1054603E0002501E00E20C54332
:102840001D4C22682E320026062730463946FFF7F7
:10285000EFFD0BA9002801D0203101E021682E31C5
:10286000009860303A46EFF7D7FB22680832102113
:102870003046FFF7DDFD002805D0206808300BA9A1
:102880001022EFF7C9FB2268183200201021FFF751
:10289000CFFD002806D00BA9103120681830102277
:1028A000EFF7BAFBE8B215B0F0BDC0462C2400200B
:1028B000932706101920051024240020B0B5FFB07E
:1028C00083B01C466D462B73AA722972A8711B0A2D
:1028D0006B73120AEA72090A6972000AE8712846E3
:1028E0000E3086992246EFF797FB20460A30A870F3
:1028F000000AE8700F202871FF206870822028707D
:102900000C2068710E34A1B22846EBF753FD7FB05E
:1029100003B0B0BDB0B5FFB083B00C4605468B68C0
:10292000CA8889886846801DF2F757FD280702D5B6
:10293000A068F1F709FF03990A460A3268468270D7
:10294000120AC2700E220271054A02800C224271E4
:102950000E3189B2EBF72EFD7FB003B0B0BDC0469B
:1029600082FF0000B0B5FFB085B00C4605468B680D
:10297000CA88898802A8801DF2F754FD280702D56D
:10298000A068F1F7E1FE02ACA38962892189E088A1
:102990000E340094FFF792FF7FB005B0B0BD000089
:1029A000F0B5FFB086B00C4605460B7ACA88898818
:1029B0006089A689276900900196029703A8801D67
:1029C000F2F779FD280702D52069F1F7BDFE03A8CB
:1029D000417B827B120251180A460B328270120A26
:1029E000C2701A220271054A02800C2242710F3114
:1029F00089B2EBF7DFFC7FB006B0F0BD82FF0000CC
:102A0000F0B5FFB08CB00C4605468B68CA88898843
:102A100007A8801DF2F787FD280702D5A068F1F707
:102A200093FE07A84189059101890391C18802910C
:102A30000C3004900025049EA8B2059988421CD24F
:102A400031188AA8069002242246EFF7E5FAA81C5E
:102A500080B2311889AF38462246EFF7DDFA281DDB
:102A600084B230193B8806990A880090029803992D
:102A7000FFF724FF38882518DEE77FB00CB0F0BDE3
:102A8000B0B5FFB083B00C4605468B68CA8889880C
:102A90006846801DF2F7C0FB280702D5A068F1F751
:102AA00053FE6846C17A039A120251180A46093247
:102AB0008270120AC27004220271054A02800C223E
:102AC00042710D3189B2EBF775FC7FB003B0B0BD38
:102AD00082FF0000B0B5FFB083B00C4605468B689E
:102AE000CA8889886846801DF2F7B4FB280702D59A
:102AF000A068F1F729FE6846817A8900CA1D8270B4
:102B0000120AC27005220271044A02800C2242712C
:102B10000B31EBF74FFC7FB003B0B0BD82FF00007C
:102B2000B0B5FFB083B00C4605468B68CA8889886B
:102B30006846801DF2F7A3FB280702D5A068F1F7CD
:102B400003FE6846C17A039A120251180A460932F6
:102B50008270120AC27006220271054A02800C229B
:102B600042710D3189B2EBF725FC7FB003B0B0BDE7
:102B700082FF0000B0B5FFB083B00C4605468B68FD
:102B8000CA8889886846801DF2F797FB280702D516
:102B9000A068F1F7D9FD684641890A46083282707B
:102BA000120AC27007220271054A02800C22427189
:102BB0000C3189B2EBF7FEFB7FB003B0B0BDC0466D
:102BC00082FF0000B0B5FFB083B00C4605468B68AD
:102BD000CA8889886846801DF2F785FB280702D5D8
:102BE000A068F1F7B1FD684641890A460832827053
:102BF000120AC27008220271054A02800C22427138
:102C00000C3189B2EBF7D6FB7FB003B0B0BDC04644
:102C100082FF0000B0B5FFB083B00C4605468B685C
:102C2000CA8889886846801DF2F773FB280702D599
:102C3000A068F1F789FD684641890A46083282702A
:102C4000120AC27009220271054A02800C224271E6
:102C50000C3189B2EBF7AEFB7FB003B0B0BDC0461C
:102C600082FF0000B0B5FFB083B00C4605468B680C
:102C7000CA8889886846801DF2F761FB280702D55B
:102C8000A068F1F761FD6846C17A039A12025118F3
:102C90000A4609328270120AC2700A220271054A7B
:102CA00002800C2242710D3189B2EBF783FB7FB0B9
:102CB00003B0B0BD82FF0000B0B5FFB083B00C46DA
:102CC00005468B68CA8889886846801DF2F755FBDF
:102CD000280702D5A068F1F737FD6846C1890A4682
:102CE0000C328270120AC2700C220271044B0380F3
:102CF0004271103189B2EBF75DFB7FB003B0B0BD1C
:102D000082FF0000F0B5FFB086B00C4605460B8987
:102D1000CA8889886089A6892769009001960297E8
:102D200003A8801DF2F7E2FB280702D52069F1F71E
:102D30000BFD03A8C1890A460C328270120AC270C8
:102D40001B220271054A02800C224271103189B2A5
:102D5000EBF730FB7FB006B0F0BDC04682FF00004D
:102D6000B0B5FFB083B00C4605468B68CA88898829
:102D70006846801DF2F7EDFB280702D5A068F1F741
:102D8000E3FC684641890A4608328270120AC27022
:102D90001E220271054A02800C2242710C3189B256
:102DA000EBF708FB7FB003B0B0BDC04682FF000068
:102DB000F0B585B00546C00645D4264800685024C5
:102DC000005D0024C0073FD00293039204910A9E45
:102DD000214800686907C90E40180069711E032266
:102DE0000A43113291088BB256222946F1F760FE50
:102DF00000282CD007460B9801903E740299B973B5
:102E0000039B3B73049ABA72300A7874080AF87309
:102E1000180A7873100AF87238461230019932464F
:102E2000EFF7FAF80C207872012038720A36300A6F
:102E3000F871BE71FF2078718220387128463946BA
:102E4000F1F7D3FE00E08624204605B0F0BD07244C
:102E5000FAE7C0467824002028240020F8B504466C
:102E6000C00608D40D46194800685021405C800710
:102E700003D4002727E0862725E01646144800687B
:102E80006107C90E40180069572203232146F1F754
:102E90000FFE002816D00146067385720C2048727A
:102EA000022008720027CF7106208871FF20487128
:102EB00082200871300A4873280AC8722046F1F748
:102EC00094FE00E007273846F8BDC046782400206D
:102ED00028240020F8B50546C00621D40E46134824
:102EE00000685121405C002480061AD517460093E3
:102EF0000F4800686907C90E401800690F220323B4
:102F00002946F1F7D5FD00280DD001460098C8608C
:102F10004F810E81074848602846F1F766FE00E0C1
:102F200086242046F8BD0724FBE7C046782400200D
:102F30002824002015290610F8B50546C00621D41E
:102F40000E46134800685121405C002440061AD503
:102F5000174600930F4800686907C90E40180069BA
:102F6000102203232946F1F7A3FD00280DD00146C6
:102F70000098C8604F810E81074848602846F1F7E5
:102F800034FE00E086242046F8BD0724FBE7C04657
:102F9000782400202824002065290610F8B504466E
:102FA000C00608D40D461E4800685121405600282E
:102FB00004D4002700E086273846F8BD1F46164691
:102FC000184800686107C90E401800695B22042395
:102FD0002146F1F76DFD002820D00146079A06989A
:102FE0000090C8730E738D720C234B7211230B72F9
:102FF00038460027CF710A238B714A748873FF22E9
:103000004A7182220A710098000A0874300A4873D3
:10301000280AC8722046F1F7E8FDCDE70727CBE77D
:103020007824002028240020F0B587B00546C0068B
:1030300043D40E46244800685221405C0024800797
:103040003CD5049205930C9A204800686907C90E84
:10305000401800691E490692511803220A43113292
:1030600091088BB25C222946F1F722FD002828D076
:1030700007460D990698009003910191381D31463D
:10308000049A059BF2F7F3F9280704D50398F1F7A2
:103090005BFBF72005400C20787212203872FF206D
:1030A0007871822038710698C01DB871000AF871D5
:1030B00028463946F1F799FD00E08624204607B0FE
:1030C000F0BD0724FAE7C046782400202824002019
:1030D000FDFF0300F8B50446C00625D416460D468C
:1030E000144800686107C90E401800695D22032377
:1030F0002146F1F7DDFC002818D0014606738572E1
:103100000C204872162008720027CF7106208871A3
:10311000FF20487182200871300A4873280AC8725B
:103120002046F1F762FD02E0862700E007273846D7
:10313000F8BDC04628240020F8B50446C00625D4B2
:1031400016460D46144800686107C90E401800690C
:103150005E2203232146F1F7ABFC002818D001467C
:10316000067385720C204872172008720027CF71F1
:1031700006208871FF20487182200871300A487348
:10318000280AC8722046F1F730FD02E0862700E0E9
:1031900007273846F8BDC04628240020F8B5044665
:1031A000C0062ED41F4616460D4618480068610713
:1031B000C90E401800695F2204232146F1F778FC0C
:1031C000002820D00146069808748F730E738D7204
:1031D0000C224A7219220A722B460025CD710A224E
:1031E0008A71FF224A7182220A71000A4874380AE1
:1031F000C873300A4873180AC8722046F1F7F5FC04
:1032000002E0862500E007252846F8BD2824002096
:10321000F8B50446C00620D41F4616460D46114890
:1032200000686107C90E4018006911220523214674
:10323000F1F73EFC002812D001460898079A069B39
:1032400048610A82CB810F734E810D810648486028
:103250002046F1F7CAFC0020F8BD8620F8BD072003
:10326000F8BDC04628240020A1290610F8B505465F
:10327000C00621D40E46134800685221405C002449
:1032800000071AD5174600930F4800686907C90E52
:1032900040180069142203232946F1F709FC00288D
:1032A0000DD001460098C8604F810E8107484860E4
:1032B0002846F1F79AFC00E086242046F8BD072452
:1032C000FBE7C0467824002028240020012A0610AD
:1032D000F8B50446C00608D40D46194800685021C8
:1032E000405C400703D4002727E0862725E01646E8
:1032F000144800686107C90E401800695822032766
:1033000021463B46F1F7D4FB002815D00146067351
:1033100085720C2048720F720027CF7106208871C9
:10332000FF20487182200871300A4873280AC87249
:103330002046F1F75AFC00E007273846F8BDC046A2
:103340007824002028240020FEB50446C00624D49A
:103350001646134800685022805C002500071DD5E2
:103360001F46019102950F4800686107C90E401879
:1033700000690725032321462A46F1F799FB002817
:103380000CD00146C7604681019808810648486014
:103390002046F1F72AFC029D00E086252846FEBD66
:1033A0007824002028240020812A0610F8B505463C
:1033B000C00621D40E46134800685021405C00240A
:1033C000C0061AD5174600930F4800686907C90E52
:1033D00040180069082203232946F1F769FB0028F9
:1033E0000DD001460098C8604F810E8107484860A3
:1033F0002846F1F7FAFB00E086242046F8BD0724B2
:10340000FBE7C0467824002028240020D52A061097
:10341000F8B50546C00621D40E4613480068502171
:10342000405C002480061AD5174600930F480068B8
:103430006907C90E40180069092203232946F1F7DC
:1034400037FB00280DD001460098C8604F810E81DF
:10345000074848602846F1F7C8FB00E0862420466C
:10346000F8BD0724FBE7C04678240020282400206C
:10347000212B0610F8B50546C00621D40E46134888
:1034800000685021405C002440061AD5174600937E
:103490000F4800686907C90E401800690A22032313
:1034A0002946F1F705FB00280DD001460098C860B9
:1034B0004F810E81074848602846F1F796FB00E0EF
:1034C00086242046F8BD0724FBE7C0467824002068
:1034D00028240020752B0610F8B50546C00621D417
:1034E0000E461348006850214056002400281AD583
:1034F000174600930F4800686907C90E4018006915
:103500000B2203232946F1F7D3FA00280DD00146F8
:103510000098C8604F810E81074848602846F1F73F
:1035200064FB00E086242046F8BD0724FBE7C04684
:103530007824002028240020C52B0610F8B5054665
:10354000C00621D40E46134800685121405C002477
:10355000C0071AD0174600930F4800686907C90EC4
:10356000401800690C2203232946F1F7A1FA00282C
:103570000DD001460098C8604F810E810748486011
:103580002846F1F732FB00E086242046F8BD0724E8
:10359000FBE7C0467824002028240020152C0610C4
:1035A000F8B50546C00621D40E46134800685121DF
:1035B000405C002480071AD5174600930F48006826
:1035C0006907C90E401800690D2203232946F1F747
:1035D0006FFA00280DD001460098C8604F810E8117
:1035E000074848602846F1F700FB00E086242046A3
:1035F000F8BD0724FBE7C0467824002028240020DB
:10360000652C0610F8B50546C00621D40E461348B1
:1036100000685121405C002400071AD5174600932A
:103620000F4800686907C90E401800690E2203237D
:103630002946F1F73DFA00280DD001460098C860F0
:103640004F810E81074848602846F1F7CEFA00E026
:1036500086242046F8BD0724FBE7C04678240020D6
:1036600028240020B92C0610F8B50446C00608D45A
:103670000D46194800685121405CC00603D400275C
:1036800027E0862725E01646144800686107C90E22
:1036900040180069592203232146F1F709FA00284E
:1036A00016D00146067385720C2048720D200872F0
:1036B0000027CF7106208871FF2048718220087191
:1036C000300A4873280AC8722046F1F78EFA00E0E3
:1036D00007273846F8BDC04678240020282400205B
:1036E000F8B50446C00620D41F4616460D461148BC
:1036F00000686107C90E401800691222052321469F
:10370000F1F7D6F9002812D001460898079A069BCF
:1037100048610A82CB818F814E810D8106484860C5
:103720002046F1F762FA0020F8BD8620F8BD072098
:10373000F8BDC04628240020052D0610F8B5044623
:10374000C00628D41F4616460D4615480068610776
:10375000C90E40180069602203232146F1F7A8F939
:1037600000281AD00146067385720C2048721C206E
:1037700008723A460027CF71072088718A73FF20AC
:10378000487182200871300A4873280AC87220469E
:10379000F1F72BFA02E0862700E007273846F8BD4C
:1037A00028240020F8B50546C00621D40E4613484B
:1037B00000685221405C002440071AD51746009348
:1037C0000F4800686907C90E4018006913220323D7
:1037D0002946F1F76DF900280DD001460098C86020
:1037E0004F810E81074848602846F1F7FEF900E056
:1037F00086242046F8BD0724FBE7C0467824002035
:1038000028240020612D06101CB589886C46E01C18
:10381000F1F780FC0520A070132060700420207058
:1038200008212046EAF7C6FD1CBD0000B0B50446DD
:10383000C00616D40D460D4800686107C90E401831
:103840000069022221461346F1F732F900280AD016
:103850000146074848600D812046F1F7C6F900206F
:10386000B0BD8620B0BD0720B0BDC04628240020D2
:1038700009380610FEB50546C00633D417461C4865
:1038800000683D22825C002492062CD53D30407AAF
:10389000000728D501910293164800686907C90EF0
:1038A000401800692522042329460093F1F700F906
:1038B00000281AD00646477201983072380AB07252
:1038C00030460B3008220299EEF7A6FB0099F17101
:1038D0000C20B0713E207071317128463146F1F7ED
:1038E00084F900E086242046FEBD0724FBE7C0469D
:1038F000782400202824002010B5FFB083B08988E8
:103900006C46A01DF1F752FE217A481DA070000AF6
:10391000E07001202071FF2060708220207008205C
:10392000607109312046EAF745FD7FB003B010BD54
:10393000F8B50446C0062DD415460F460093184826
:1039400000686107C90E40180069511E03220A432E
:10395000093291088BB240222146F1F7A9F80028DC
:103960001AD00646C57287720C3000992A46EEF7C7
:1039700053FB0027777206203072281D010AF1716F
:10398000B071FF2070718220307120463146F1F70E
:103990002CF902E0862700E007273846F8BDC0462C
:1039A00028240020F8B50446C0062DD416460D463E
:1039B000184800686107C90E4018006941220423B5
:1039C0002146F1F775F8002820D001460A3006712B
:1039D000057000274F7210220A72CF710A228A7175
:1039E000FF224A7182220A71320EC271320C827138
:1039F000320A42712A0EC2702A0C82702A0A427060
:103A00002046F1F7F2F802E0862700E00727384663
:103A1000F8BDC04628240020F8B50446C00608D4E6
:103A20000D46194800684E21405C800703D40026EB
:103A300028E0862626E01F461646144800686107DF
:103A4000C90E40180069452203232146F1F730F8DA
:103A5000002816D0014685720420487201200872A1
:103A600032460026CE71062088714F730A73FF20FC
:103A7000487182200871280AC8722046F1F7B5F80B
:103A800000E007263046F8BD7824002028240020D6
:103A900080B500F035FD80BDF8B504460588F5F722
:103AA0006AFB01462846F2F7D9FC0546204600F09D
:103AB000D7F81D2803D0232801D01B280ED16188F8
:103AC000EA88914205D8032903D3232867D1042922
:103AD00065D82046F0F738FE0020F8BD204600F0FB
:103AE000BFF8A988CA066ED5012802D0AA789042EC
:103AF00069D110208143A9806A892989032630462B
:103B0000F2F71EFD6188E8880091814200D99AE0B1
:103B1000204600F0A5F8421E0121CA410023102AC8
:103B200000D988E092001F4601A39A583B46974669
:103B3000E73B0610EB3B0610F73B0610153C061062
:103B4000753B06103D3C06103D3C06103D3C061002
:103B5000753B0610E33B0610373C0610EF3B0610A2
:103B6000E33B0610373C0610373C0610373C061086
:103B70003D3C0610092802D1009904295BD3112885
:103B800002D10098062856D3A089401C81B2204655
:103B900000F047FA3B4600284DD0014643E01D287F
:103BA0000DD1A888800612D46A8929890220F2F7EB
:103BB00011FD00284CD1A88820210143A98020466E
:103BC00000F0B7FFF8BD204600F0B7FAF8BD0835A1
:103BD0004220032102222B46FFF7AAFE002837D1FC
:103BE00077E70B4627E0052325E0334623E0009BDB
:103BF000042B1FD91FE0009806281CD3A089401C65
:103C000081B2204600F00DFA01280BD002281AD10B
:103C1000122108E0009802280DD3009B581E80074F
:103C200008D108E00421009EB01EDCF78FFB0029BC
:103C3000334600D000230098984204D10748016819
:103C40002046884702E0204600F05EFF842801D12C
:103C50008420F8BD0020A870F8BDC046B42800201C
:103C600080B5818900F0DDF980BD80B500F070FC81
:103C700080BD80B500F06EFC80BD0000F8B5054643
:103C800081884088F2F7EAFB002808D004462978AA
:103C90001E2906D1A088800639D40C2693E112266D
:103CA00091E1480606D4CA48CA4A0260A088C00604
:103CB00000D56DE1E0888A1E86261E2A00D991E093
:103CC000032752007A4492885200974422007C01D4
:103CD0001E007C019F007C01A2007C0122007C016F
:103CE0001E007C0194007C012D017C0190007C0170
:103CF0007C017C01A9007C01AC007C017C017C0181
:103D00007C017C0121007C019400052701E0E08812
:103D10000127B9B2814200D307460097BFB22046BF
:103D20003946F2F799FC00282FD006462A78818977
:103D300000F054F92878811E16292DD84900C04674
:103D40007944898849008F4416000D0170000D01E7
:103D500077000D0193000D01A1000D01AA000D01D6
:103D6000BA000D01C0000D012F000D010D010D0164
:103D7000CE000D01E6009848028AB089401C81B24D
:103D80003046F0F716FD0320EBE00820FEF7DAF9E5
:103D9000EDF75BFB882616E1202800D1CAE0522807
:103DA00002D0D22800D0DDE02A89B089401C81B23F
:103DB0003046F0F7FEFCEB686A89B089C01C81B21E
:103DC0003046F0F7FFFC2878122800D1B8E0D2285E
:103DD00000D0C7E000980C38708020893146FEF78B
:103DE0006CF8BFE0522902D0D22900D0EBE0D229F2
:103DF00008D0032107E0297A49004F1C874200D8E8
:103E000087E7E0E00F216A89571882E7E989CF1D2B
:103E10007FE7E968097C802900D089E0152778E7E9
:103E2000A9894F1D75E7022773E76A8929893046FA
:103E300000F0A2F9052094E06A892989304600F053
:103E40009BF9AA89B089401D81B23046F0F7B1FCD8
:103E5000E889C01DB84200D80746F81F82B22B6916
:103E6000B089C01D81B23046F0F7ACFC072078E085
:103E70006A892989304600F07FF9B089401DEB68D6
:103E8000197C80295ED181B210225EE02A89B08936
:103E9000401C81B23046F0F78CFC0B2061E02A898F
:103EA000B089401C81B23046F0F783FC6A89B08942
:103EB000C01C81B23046F0F77CFC0D2051E0284652
:103EC000314600F04DF90F204BE06A8929893046D0
:103ED00000F052F9B089401DEB68197C802939D176
:103EE00081B2102239E02A89B089401C81B2304663
:103EF000F0F75FFC6A89B089C01C81B23046F0F7E8
:103F000058FC2B69AA89B089401D81B23046F0F770
:103F100059FC172025E02A7AB089401C81B230462E
:103F200000F05CF819201CE0E968097C80294CD07D
:103F30000727EEE62846314600F012F9212010E06E
:103F400013200EE081B20C3302223046F0F73AFC27
:103F5000092006E081B20C3302223046F0F732FC31
:103F60001120A070009870802A78B189304600F046
:103F700035F82878410611D41E280FD0628921898E
:103F80000320F2F727FB002804D03046F0F7DCFBD3
:103F9000842618E0A08810210143A1806089314661
:103FA000F2F7DEFA002801D081260CE028780026FE
:103FB0001E2808D1628921890220F2F7C1FAA0885F
:103FC00020218843A0803046F8BD1127A1E6C046D5
:103FD000B4280020D54506108C240020BCB514461A
:103FE0004068202904D301AD2A46FCF774FB2988D8
:103FF00040180471BCBDBCB504468089401C81B228
:10400000204600F00EF86188081AA1894018801C2B
:1040100081B2022201AD20462B46F0F7B1FB288881
:10402000BCBD1CB51F2903D801AA1180406805E05A
:10403000406801AC2246FCF74EFB2188401800790D
:104040001CBD1CB5818942885118891E89B2022283
:1040500001AC2346F0F794FB20881CBDFEB50E464C
:104060004188052912D11C4615468189052201AFD8
:104070003B46F0F785FB78783070B878F97809021C
:1040800008182880029820700020FEBD8620FEBD02
:10409000BCB504468089401C81B22046FFF7C1FFB1
:1040A0006188081AA189401881B2022201AD204618
:1040B0002B46F0F765FB2888BCBD70B514460E464C
:1040C00005468089401C81B22846FFF7AAFF0246B8
:1040D0004643B01C6988884208D2A989081881B271
:1040E00028462346F0F74CFB002070BD862070BDAB
:1040F000BCB504468089401C81B22046FFF791FF81
:104100001121C943012800D10E3160884018A189CE
:10411000081881B2022201AD20462B46F0F730FB91
:104120002888BCBD80B50B4642888189491D89B26B
:10413000521F92B2F0F71BFB80BD1CB504460088ED
:1041400001AB1880422002210A46FFF7F1FB00284C
:1041500001D084201CBD2046F0F7F6FA00201CBDDB
:1041600010B50C46C3688989007A4200481C81B2A8
:104170002046F0F727FB10BDB0B514460A460546A9
:104180008089401C81B22846F0F713FBA889C01C27
:1041900081B228462246F0F70CFBB0BD10B50446AC
:1041A0000821FCF7F9F904490968602200238B52C1
:1041B000486660314C8010BD30240020F0B585B0D9
:1041C000174604901C4D28686024065B0246603246
:1041D0005288964217D202940393002917D0019770
:1041E000084600F02BF8441C2868B1B2A2B29142F4
:1041F0000BD3C900406E4018014608390822EDF77C
:104200000BFF761EF0E7002712E0019F00E0344626
:10421000406EA1B2C900049A42544018039A426009
:104220002868029BC25A521CC252406E40184780F6
:10423000384605B0F0BDC0463024002008490A6861
:10424000516E6223D25AD2005218083A824202D3E7
:10425000401AC00801E00020C04380B27047C04649
:104260003024002080B500F00FF80549884205D0C1
:10427000C00004490968496E081880BD002080BD4F
:10428000FFFF00003024002010B5044600F024F8A1
:104290000649884207D0C200054B1B685B6E9A181E
:1042A0005288A24200D0084610BDC046FFFF000061
:1042B0003024002080B500F00FF80549884205D071
:1042C000C00004490968496E081880BD002080BDFF
:1042D000FFFF00003024002070B509490A68602102
:1042E000535A00210225074C8B4206D0566E765B4E
:1042F000864203D20835491CF6E7214688B270BDD4
:1043000030240020FFFF0000FEB502931546002276
:10431000884223D80C4616490F686021795A002933
:104320001CD000920191FFF7D7FF06462046FFF709
:10433000D3FF0199491E814200D3014689B2B2B22E
:104340008A420DD8786ED300C45CAC4204D1C01848
:104350004368029CA34205D0761CF0E71046FEBDE0
:104360000098FEBD03498A4200D10020FEBDC04630
:1043700030240020FFFF000080B5FFF75FFF0749F2
:10438000096860228A5A401C80B2904203D2496E6A
:10439000C000081880BD002080BDC0463024002029
:1043A00080B500F003F8408880BD0000F8B50478BF
:1043B00002252146294302291ED1FFF73FFF0F495D
:1043C000096860228B5A401C82B29A4210D2002C9B
:1043D00008D0022CF7D1D7004E6EF75D2F43022F85
:1043E000F1D106E0D7004E6EF75D002FEBD100E073
:1043F0004E6ED00080190838F8BDC0463024002029
:10440000064800686021415A002905D0406EC90065
:104410000818801F00887047002070473024002053
:10442000FEB50D460446FFF7EBFF002834D0AC4242
:1044300032D80646A0422FD32046FFF725FF044678
:104440001648844228D0AE4200D32E463046FFF7AD
:104450001BFF13490F686026B95B4A1E824217D9B9
:104460000190054602948BB26D1CAAB29A420DD2FD
:10447000796EA0B2C0000818D20089180822EDF7A2
:10448000CBFD07480768B95B641CECE7029C019808
:10449000C243A2185118B953FEBDC046FFFF000029
:1044A0003024002010B509490A686021535A1904C4
:1044B00009D0516E9CB2E400611808390C785B1E7B
:1044C0008442F4D100E00021084610BD30240020D1
:1044D00010B504460846FFF7FFFE08490968496E13
:1044E00082B2D2008B5CA34205D0421E000410466B
:1044F000F6D1002010BD881810BDC0463024002021
:1045000070B5114CA07A2421FCF746F80F490B68CE
:1045100000221D4650351E4648369A64DE641A65F0
:104520005D65A47A002C0CD002620B685B6D18608C
:1045300001230370054620350B685D652430641E39
:10454000F0E79A6570BDC0468C240020302400201E
:1045500070470000F8B50D460446194E37684837D5
:104560003F68002F10D07888A0420BD1B888A842AD
:1045700008D138781821014339700C20FDF7E2FD8D
:10458000ECF763FF2037EBE7042D17D13068816D1E
:104590000B46002B0BD01A469D680023002DF8D047
:1045A000AB88A3422B46F4D1AB689360F1E70029B6
:1045B00004D08A88A24201D189688165F8BDC046CD
:1045C0003024002080B502480068804780BDC04686
:1045D000B8280020F0B595B005460488F4F7CBFD67
:1045E0000146204600F06EFA8626002800D108E237
:1045F00004462F882846F4F7BEFD01463846F1F7F9
:104600002DFF08902078FB21014021700C273846AF
:10461000FDF798FDECF719FF284600F065FA012830
:1046200007D16088F1F704F8002860D0204600F038
:1046300060FA20780022010757D4A379591E112966
:1046400000D9DEE1079249007944898849008F4406
:10465000C50002010F01990099001F016401750155
:104660007C01B901A600A600B8001100B00011003D
:104670001100B000C00600D5A7E0A28861880A201A
:104680002B46FEF7BFFF002800D0B4E1A079112827
:1046900000D1B2E1637A21690891102800D0D0E1FD
:1046A0000693A889401C81B22846F0F772F805905D
:1046B000A889C01C81B22846F0F76BF80026A289B1
:1046C0006988491F9142049000D0CFE1384606998D
:1046D0004843089A10188068618941182846154691
:1046E000FFF720FD069B0390C4E1164689E109A966
:1046F0000FAA0EAB2846FFF7B1FC00282BD02846A6
:10470000F0F722F80EA80078122808D1608804215A
:10471000F1F7A4FE8188012252020A438280A07927
:10472000012804D1089B99880422914399800EA9FD
:1047300009780A2908D0072902D10A2800D175E78B
:10474000217810220A4322700E2800D171E7102828
:1047500000D16EE76AE709A800780790A38862880D
:104760000FA8008821460EAC2478009001940C46D6
:10477000022011461A46079BFEF710FC0028BED007
:1047800006463EE1A28861880A202B46FEF740FEDD
:10479000002800D02FE12846FFF77AFCC8E0A28865
:1047A00061880A200B2B00D020E12B46FEF7C6FEC5
:1047B0001FE1A28861880220FEF756FF002800D082
:1047C00019E12846EFF7C0FF17E16089002800D102
:1047D00013E1002626720F20A07112E1A889401C67
:1047E00081B22846EFF7D5FF0646172800D81726CE
:1047F000B348008A8642089F00D30646B88800075F
:1048000014D5F888B04211D03B460833422003212A
:104810000222FFF78DF8002800D0ECE0207810216C
:1048200001432170B88808218843B8802078C006E9
:1048300000D5FE88618802203246FEF749FD002837
:1048400000D0D8E0FE80B8880821014304208143CD
:10485000B9802046DCE0A28861880A202B46FEF75A
:104860009FFE002800D0C6E02846FFF7C4FB0BE0FF
:10487000A28861880A202B46FEF798FD002800D008
:10488000B9E02846FFF7DDFB8C49884253D1B4E0FC
:10489000284600F008FA089060890EA90880204692
:1048A0000C30079009A80C3005900FA8401D069009
:1048B0000026F7B20FAA28463946FFF7FEFB00286C
:1048C00000D0A1E00898072805D109A8102101749B
:1048D0000222059803E009A880210174102206999C
:1048E000EDF79AFB0EA80FA90222EDF795FB09A898
:1048F0000799FDF7CFFD00280DD1A288618808989F
:10490000009001954743B81C83B20220FEF78CFB50
:10491000002800D082E0761CCBE7A28861880A20BC
:104920002B46FEF711FD002865D12846FFF7E0FB76
:104930006189884261D2401C208161E0A28861883F
:104940000A202B46FEF796FD53E0284600F0ABF90F
:10495000064606946088F0F76BFE0890022468888B
:10496000A3B2834253D2089801280ED1A889001916
:1049700081B20FAF284632463B46EFF701FF5C207D
:1049800031463A46F0F7F0FF1AE0069FBA88798878
:10499000009601950220FEF747FB00282BD1387FB7
:1049A00010280DD10698008B4249884208D10698FC
:1049B00040880421F1F752FD81883F4A11408180EF
:1049C000A419CCE7A28861880A202B46FEF784FD53
:1049D000002810D10898C088411E6888401E82B205
:1049E00091420AD861890818608109E02B46FEF7D8
:1049F000D9FE002801D0842603E0204600F079F893
:104A0000079E304615B0F0BD0EA800880AE0069853
:104A100000F06FF82846EFF797FEF1E70E98401E7A
:104A20000EA90880618982B28A4202D2401C20818C
:104A300002E0204600F05DF82846EFF785FE0026EC
:104A4000DFE76189089AA0894018608180B25F43DE
:104A5000D11989888842D3D1207A401E984224D91E
:104A600000266681607A401C6072CAE7F0430390BA
:104A7000069B089D394659436A5A2846059D95422A
:104A80000BD1024641184A8861898A18049DAA42BE
:104A900003D1024603980028D5D026720F20A071BA
:104AA0002078102101432170ABE7012020720F20F4
:104AB000A071A5E72A2B0000FFFD0000FFFF00000A
:104AC0008C240020074A126848321268002A07D056
:104AD0005388834202D193888B4201D02032F4E77D
:104AE000104670473024002080B5818900F0CBF853
:104AF00080BD80B5017808220A4302700C20FDF7C2
:104B000021FBECF7A2FC80BD10B50488F4F733FB61
:104B100001462046FFF7D6FF002808D0017818226A
:104B20000A4302700C20FDF70DFBECF78EFC002011
:104B300010BDF0B585B0044605888089461C204626
:104B4000FFF7D2FF232810D0B1B21B2822D1204674
:104B5000EFF71FFE0146284600F05CF800283DD024
:104B60002046EFF7F1FD002550E06788B1B22046FE
:104B7000B9422AD2EFF70DFE0146284600F04AF866
:104B80000028EDD1B01C81B22046EFF702FE3018AC
:104B9000061DEBE72046EFF7FCFD0146284600F036
:104BA00039F8002824D06E4675802046F4F7E3FAE1
:104BB000B0801E2030703046FFF760F805460028B0
:104BC00020D12046EFF7C0FD1CE0F4F7D4FA0246EE
:104BD0000A2029462346FEF749FB12E02046F4F757
:104BE000CAFA02460A2029462346FEF7A5F908E03C
:104BF0002046F4F7C0FA02460A2029462346FEF76B
:104C000069F90546002D01D07B20C543E8B205B007
:104C1000F0BD0000BFB5044600F022F805460028AC
:104C200006D10E48014600F01BF80546002802D0C8
:104C30002878022801D200200DE003A902AA01ABC6
:104C40002046FDF7A6F8002804D1287802A90978A3
:104C50008142F0D2C02004B0B0BDC046FFFF0000CA
:104C6000074A126858321268002A07D09388834294
:104C700002D153888B4201D00832F4E710467047C6
:104C80003024002070471CB51F2903D801AA1180C9
:104C9000406805E0406801AC2246FBF71CFD218816
:104CA000401800791CBD80B58189491C89B2FFF785
:104CB000EAFF80BD002070470020704780B5416842
:104CC0000078F4F753FA002080BD704770477047B2
:104CD000704770B504463020255C608FF4F703FE02
:104CE000FF20123026182846F6F7BCFB002804D017
:104CF0003034607C0121FBF769FA00203070152008
:104D0000FDF720FAECF7A1FB70BD7CB50446EEF789
:104D1000E8FA054601212046F5F786F826462C36A6
:104D2000214628318D4210D085420ED0E16F2046B9
:104D3000F4F7CEFF01212046F5F77CF8012804D1D5
:104D40006878002801D0001D68702546D03530787D
:104D5000032813D101A8FBF737F8012806D0002853
:104D60000AD1606FA16C4900081806E0216D019816
:104D7000884202D3084600E0206D68602046F5F7BF
:104D800087F82046F6F748F9296814342046EEF7EC
:104D9000F0FB7CBDF0B589B04222855A426C01928D
:104DA0005118069191214900411802910146423162
:104DB000059101462D31039107909A30049000200F
:104DC0000890A9B20122079E3046F5F706FBF16C68
:104DD0004143726C541874640899411808912D1855
:104DE000AFB230463946F5F79BFB0646002802D1A4
:104DF0000698201AE5D4059C2088B84207D90920D6
:104E000040010799091802980088F6F781FB258070
:104E1000002E089D18D10798416C019A8F1A3946C7
:104E2000F5F712FC064600280ED107983946F5F72B
:104E300041FB0646002807D1079839462A46F6F76F
:104E400075F80646002807D0039C207DFBF7B4F9CF
:104E50002670002004990880284609B0F0BD0000A3
:104E6000F0B599B00746408E401C788641203D5CE5
:104E70002D20385C002808D0EDF7DAF92846FBF73A
:104E80009BF92846FAF7A8FFA5E22120C0003E18AA
:104E900038462C300D903C4680343846D030079050
:104EA000EA480068EEF7E0F9099000280B940A96AA
:104EB000089540D03E4614363046EEF705FA3046A7
:104EC000EEF7F6F9204608300C90207A800745D49A
:104ED0003846EEF706FA05463C4628340D98007829
:104EE00000210691032800D0A6E03046EEF7F9F93C
:104EF0000346A54215D0297803200A460240032A1A
:104F00000AD1890600D40220285C062804D138463C
:104F10000593F4F7C5FE059B0C9A106840210143E8
:104F20001160187829780143C80674D40C98007869
:104F3000C0067DD580E03846EEF7C6F93846EEF774
:104F4000B7F90EA80026867706764677BF4C20680C
:104F5000EEF77EF9002810D0012514E03D46A83573
:104F6000EDF766F90D9E707DFBF726F9002028808D
:104F70001321717060833446E5E12068EEF721F972
:104F80000546401E85410EA8C5762068EEF777F9E4
:104F900006900F90002D1FD0EDF74AF90A9DE868A2
:104FA000002802D0C188491CC180286900280B9CB8
:104FB000069E0AD00D98407DEEF7D4FB400029698B
:104FC00008189421425A521C42520EA80125057617
:104FD000A06808340023B9E02068EEF72EF90B9A98
:104FE000117A4B090125294699430EAB9976059014
:104FF0000E90206814460834EEF7BFF800286ED0F3
:105000002078C006049779D4EEF77DF82068102147
:105010000143216076E0079840680590EDF7C7F8F6
:10502000796C081A0599401802D4796F884203D226
:10503000EDF7FEF8012006903846F4F722FF02282B
:105040003DD10B9840690068C10615D4400636D59D
:105050000D98407DEEF7C5FA0B9B58690168402218
:105060009143016098680821884398601220FDF7F9
:1050700069F8ECF7EAF922E0059500200F900E9010
:105080000D9D687DEEF7C1FA687D0EA9EEF78EFCE6
:105090002878032803D10D98407DEEF7AAFC0B9BDE
:1050A0005869016810229143016098680821014302
:1050B00099601220FDF746F8ECF7C7F9059DA54267
:1050C0000A9901D0888AC882069800280D9C00D0D1
:1050D00036E1079801683046EEF74BFA35E15B4858
:1050E0000068EEF762F8002826D00598002823D043
:1050F000EDF79EF80EA83D23837723E0EDF798F8AF
:105100000EA8057637460A98C068002802D0418864
:10511000491C41800A9E306900280AD00D98407DC4
:10512000EEF720FB4000316908184A21425A521C10
:1051300042523B46049F05E02068102188432060CE
:1051400000231D46069E21682020084371427141BC
:1051500089014022904340180C942060002D25D0F6
:105160000EA8807F002869D10EA8C07E00280D9C63
:105170000C9D00D0DCE0B86C002800D1B6E0344EC5
:105180003068D821415C01294BD10568E9F7DAF98B
:10519000012800D094E020790E21414330689C2200
:1051A0008058C06B40694018C0798AE01C46029262
:1051B00038461430EEF795F8054611900178032033
:1051C00001400EAE039171752978890600D4022042
:1051D000285CF075F6F7B6F93075B96E796601237B
:1051E0000699002909D00C990968194005D016269E
:1051F000EDF71EF80EA8867720E00B9949694978EB
:10520000C907059A18D0002A16D0039903290ED190
:105210003D261428ECD8194681400E4801420BD196
:10522000E6E7EDF705F80EA8012101765DE0687864
:10523000002801D03D26DBE7002C0DD00D9C607DC1
:10524000FAF7BAFF0EA8807F60707CE0742400201B
:105250007824002012001000019338461446EEF71F
:1052600040F806460EA80021017741761296069175
:105270001091002C0D9800D147E10078022813D13D
:10528000287831780143C80609D53C6DECF78FFFCB
:10529000796C081A001902D4796F884204D2ECF7AD
:1052A000C7FF0EA8012101766C78002C00D12CE1FB
:1052B0000C9800680826064000D095E00A9CAAE0F9
:1052C00001207E6CEEF78BFC281A7864B96C891B80
:1052D0000818079A5168814201D9081A50600020C5
:1052E000B86478633846F5F797FE0C9D0EA8807E6B
:1052F000012802D1B86E786604E01120FCF722FF85
:10530000ECF7A3F80A98C068002802D00188491C6D
:1053100001800A9E3069002807D0607DEEF722FAEE
:10532000400031690A5A521C0A522079F8F7F0FA03
:105330000EA8007E012808D1286810218843286023
:10534000384600F082FA012600E00026657D2846F6
:10535000EEF7F7F90C990968002805D0480705D43D
:105360002846EEF73EF904E00807F9D52846EEF79F
:105370004CF9002E1DD00B9CE569002D15D00D9E1B
:10538000707DEEF7B9F9024629461031012328460F
:10539000FDF7EEF9707DEEF79BF901462035082206
:1053A0002846FDF757F80020E0610898FAF714FD49
:1053B00001E0EDF7A8FE099800280CD1ECF7EFFE0C
:1053C0007F2805D00546FAF705FC28180A990870C9
:1053D0003846F8F79EFA01242046FCF7DBFEECF78E
:1053E00034F8204619B0F0BDF3F7B2FD012801D022
:1053F0001C2000E0FC2020420A9C0CD06878001F92
:1054000068700220A0711220FCF79CFEECF71DF8DA
:105410000EA8407D03900398032810D10EA8C57DE7
:10542000022D17D111984078022813D10EA801211E
:1054300001770C9D286802210143296042E00D9804
:105440000078032817D1207A002814D00220109960
:1054500001434AE03846F4F702FD002821D00D98B8
:10546000407DEEF7ADFB002E0C9D2BD00D98407DBE
:1054700000F061FA26E011984678F3F769FD0128FB
:1054800001D01F2501E00698C543354028061ED0EF
:105490000698B867EFF76CF800281BD00220109030
:1054A00026E00D980078032808D1272D06D1119801
:1054B00040780B2802D10EA8012141770EA80121C6
:1054C00041760C9D286880210143296014E00698EC
:1054D000109011E0798FEAB20198EFF713F9B867ED
:1054E000002801D0019900E002211091880703D51E
:1054F0000D98407DEEF764FB11980078A18AE18257
:10550000202101400EA88175129E01213846059187
:10551000F4F78AFC05463B4628330B9801680029BE
:1055200011D0087A00070ED5C86900280BD0AE420A
:1055300009D09E4207D00C460C990868029A904305
:105540000860214603E00F9800280D9C17D0AE425A
:10555000039318D09E4225D0486988610E46097B86
:10556000069D3573328A511831828AB273889A4205
:105570001AD2F2895118C90619D034461AE0EDF74B
:10558000C2FD0B9EE3E00C4603213846F4F714FFFE
:105590003846EDF780FEA87827280ED10EA8012105
:1055A00041770AE00C4608E0F469042502E000684F
:1055B0003446B0611098284310903846F4F75BFCED
:1055C00005463846F4F75DFC0EA90E7F002E24D167
:1055D000012822D1012138460691F4F725FC064620
:1055E00038463146EDF7BFFE3246307880060B9ED6
:1055F00021D4907827284CD0154602280D9C52D1F2
:105600000C990868069A10430860607D1F210A46BD
:10561000FAF7A8FDB86E386745E0EEF7B7FF002847
:1056200018D0EDF770FD0E9800280D9C09D00B9E48
:105630000399059808E015463846EDF787FE0D9C5E
:1056400031E011200B9E0399388538460D46EDF761
:105650008AFE71E0002CE4D0012DE2D0012EE0D0D2
:10566000EDF751FD774800688C214058218AE28986
:1056700051181F220A401018811C38460D46EDF7BC
:1056800072FE38462146F4F723FBFC670B9E0D9C07
:1056900052E00D99887D5071C87D154690710020AB
:1056A0000A9A90820C4670690068010715D480063A
:1056B00010D5607DEDF795FF706901682022914358
:1056C0000160B06804218843B0601220FCF73AFD05
:1056D000EBF7BBFEEDF717FD1FE0002017901690CB
:1056E000607DEDF792FF607D16A9EEF7D3F9207883
:1056F000022802D1607DEEF7E9F9EDF704FD70694B
:105700000168082291430160B06804210143B1603F
:105710001220FCF717FDEBF798FE02213846F4F74C
:105720004BFE706901684A0706D504229143016067
:10573000708B06990843708301213846F4F77AFB91
:10574000012804D16878002801D0001D68701098E5
:10575000810707D50C990978090703D5607D00F00A
:10576000EAF81098410705D53046FCF707FFEEF739
:1057700037FF1098C0071ED0119844780026F3F721
:10578000E7FB012801D01F2500E0F5432540B86F55
:1057900040681199891C2A46FBF77AF8B86FC661F0
:1057A00045801199097803220A40017A1143017258
:1057B000EEF7FAFEBE670EA8407E012831D1002127
:1057C0003846F4F731FB054611980178407800021D
:1057D00040182880F5F70AFE0646F5F7FDFD304330
:1057E000C0B2FAF713FA0EA9897D202901D002214F
:1057F00000E00321119A5118001FC3B252789A4257
:105800000B9C00D30246D2B2A81CECF705FC206921
:10581000016801220A4302601520FCF793FCEBF7B4
:1058200014FE0EAD3846294600F00EF8A87D20285B
:1058300000D095E41198807881093846F7F753F93C
:105840008EE4C046782400207047F0B585B0054648
:1058500045208000039028582E464236002802D06A
:105860008188491C81802C4680342846F5F751FEFA
:10587000686C029037882846F4F770FA024628468A
:105880003946F4F7AAFDEA6C4243696C89186964E9
:1058900001903818049087B23088B84207D903982D
:1058A0002818092149016918C089F5F731FEA06857
:1058B00080218843A06028463946F4F731FE074628
:1058C00004983080002F18D1686C0299461A284637
:1058D0003146F4F7B9FE074600280ED12846314676
:1058E000F4F7E8FD0746002807D128463146019A1B
:1058F000F5F71CFB0746002806D02D35287DFAF762
:105900005BFC2F70002060832068002801D0C669EE
:105910000DE000260BE03546F669287A000706D52B
:1059200020462946FCF714FE2846EEF70DFF002E10
:10593000F1D105B0F0BD1CB504466946EDF723FF73
:105940000098411E0091002802D10198401E01904C
:1059500069462046EEF72AF81CBD000070B584B0F9
:1059600015460A460446002B07D00A9882421FD1EA
:105970000B98684000021BD11BE00998089901238D
:10598000002902D006461E4004D1002911D102216F
:1059900008400ED0084800689C214158C868096931
:1059A00003AE009301962B46FCF7FCFD002800D1C6
:1059B000FF24204604B070BD78240020F0B587B0E5
:1059C000CD1EFF21FD2425421CD1002A1AD00D9E98
:1059D0000C990C68059406934B6882C8FF2000065A
:1059E0003C46844312C603930598029006980190A2
:1059F000684268410090C8B25207D30F3A46FFF799
:105A0000ADFF0146084607B0F0BD000010B5012407
:105A1000844008212046FAF7BFFD034909689C220B
:105A200089584C74C86010BD7824002070477047B6
:105A300070470000F8B5002846D00E4601256821C1
:105A40002846FAF7A9FD214F39689C240959886036
:105A5000B540EEB208213046FAF79EFD3968095983
:105A600089684D724860009675001126212E0FD06E
:105A700008212846FAF790FD39680959896889197B
:105A8000491F086038680059806885550836EDE779
:105A900028210098FAF780FD39680959896808605B
:105AA0000B480225012629463246FAF763FD39687C
:105AB000095989688864064831462A46FAF75AFD2A
:105AC000396809598968C864F8BDC046782400203F
:105AD0008824002000207047002070470020704775
:105AE00080B50A4A12683D23D25C0270012A05D0B3
:105AF000002A08D10846F0F74FF902E00846F0F70F
:105B000055F9002080BD862080BDC046C4240020F9
:105B100070B50D4606460620F3F758FC04460028EB
:105B200003D02846EEF710FE08E0308901F0DEF8D9
:105B300002460020024B0146FBF7A0FD204670BD47
:105B400030750000B0B51C461546002907D1018903
:105B500000200622EEF7D6FD0146002809D00220DB
:105B6000488048680572486844720620F3F72EFCA6
:105B7000B0BD8820B0BD80B5FBF7DCF880BDF0B5C6
:105B800097B0044603AE002150223046ECF754FA99
:105B90005920205C71780143717030463E302146B7
:105BA0005A3106252A46ECF737FA207CF070E07D62
:105BB000010716D411202056002804D503A84178E7
:105BC00080220A43427003AE301D21461E3102225C
:105BD000ECF722FAB01D214620310822ECF71CFA1E
:105BE00003E0FE21084003A9887003A80E30214677
:105BF000283110263246ECF70FFA607C81060CD56E
:105C000003AF38461E30214638311022ECF704FA33
:105C10007878202101437970607C40060BD503AF72
:105C200038462E30214648311022ECF7F5F97878C5
:105C3000402101437970A07C052108420AD003AFBE
:105C40003846443021461C310222ECF7E5F97878D9
:105C5000304301E003A84078E17A2940014303A8DA
:105C60004170A16EE26E15911692FBF767F805463A
:105C700000280CD0A11C01AC06222046ECF7CCF980
:105C8000A5714220052107222346FDF751FE284633
:105C900017B0F0BD70B594B00E4604464178801C34
:105CA0006A46FBF76EF80546002E05D0002D03D19D
:105CB0006846214600F004F8284614B070BD000084
:105CC000F8B50C46054601208873E8780874084644
:105CD0001C30294644310226194F3246B847204627
:105CE0001E30291D3246B84720462030A91D082203
:105CF000B8472046283029460E3110263246B8478C
:105D00002046383029461E313246B84720464830B2
:105D100029462E313246B847A86CA066E86CE0668A
:105D2000687806210140E172E0210140607C08436F
:105D30006074A878010702D5FE210840E075F8BD1F
:105D40001920051070B594B014460E464178801C99
:105D50006A46FBF716F80546002807D10020307088
:105D600069463E3106222046ECF756F9284614B023
:105D700070BDB0B594B014466A46FBF77BF8054693
:105D8000002803D168462146FFF79AFF284614B041
:105D9000B0BD1F207047000070B50446807B032112
:105DA0000140258903290AD12046FFF7E8FE002893
:105DB00005D008210022204600F026F870BD2846B4
:105DC00000F094FF0246012000210E4BFBF756FC29
:105DD000E07C032802D1002000F0E6FF20461830C6
:105DE000002604223146ECF727F92046314600F020
:105DF0003BF8F120A0720220294632463346FDF7D7
:105E00000BFE70BD30750000F8B516460C46054611
:105E1000008900F06BFF024601200027114B394634
:105E2000FBF72CFC2889FBF7EDFB0221284600F04C
:105E30001BF82846183004223946ECF7FDF8E87BB9
:105E40002F210140E973002E04D06878A91C00F0CE
:105E500051FEFB27AF722989022002462346FDF737
:105E6000DBFDF8BD30750000BCB56022825CD20756
:105E7000827A04D16032D2B2512A04D30FE0503278
:105E8000D2B2402A0BD8094A1268B123D35C002B46
:105E900005D0B132047D0125A540AB4313706A469D
:105EA00011710090104600F0B2FFBCBDC424002068
:105EB000B0B50C466021615C01220A40A37A4068BB
:105EC000417A02D19F2B02D8B0BDB02B14D3F02B56
:105ED00015D9F12B0ED10F290CD1254659350F219B
:105EE00001222046FFF790FF29785A342046FAF71E
:105EF000AFFFB0BD002AE7D0207E8007E4D00122AA
:105F00002046FFF781FFB0BDF8B51F4613460C468B
:105F10000546052219462346FFF714FE0646002FC4
:105F200001D1882E04D0012228462146FFF76CFFBC
:105F30003046F8BD10B50B490A68B121535CB13247
:105F40000021032905D001248C401C4203D0491CA8
:105F5000F7E7032103E0002801D023431370C8B200
:105F600010BDC046C42400200001002900D0083024
:105F7000C0B270471CB5042107226C462346EEF7D9
:105F8000FFFB62780A21042A13D86A469278012A14
:105F90000FD86A46D27892070BD407490968342291
:105FA0008A5C69460979914202D31129014600D3DE
:105FB000062108461CBDC046C424002080B5127DC1
:105FC0001201002900D00832D1B2044A12685318D5
:105FD000B43304210722EEF7D3FB80BDC424002094
:105FE000F0B524490968027D12010832D2B28B183B
:105FF000B5241C5D0473B6241B5D012B03D1437BC8
:1060000002241C4344730B463633032515430C46C8
:10601000B434655D01262E40877B374387730426A1
:106020003540C77B2F43C7731643A55D057405250F
:106030001543645D6025455DED070ED11D782C404C
:1060400007252C408474062422438918B422895CD5
:106050005A780A402A404274F0BD5D782540457464
:10606000062422438918B422895C1A780A40827473
:10607000F0BDC046C4240020F8B5017B427BD307A5
:1060800001D0930705D4C37D08241C4003D0920798
:1060900001D0032219E0C37B0522134214D0424BE6
:1060A0001B6840255D5D4A43404B9A18525DC2749F
:1060B00003461333002A0BD1002C3DD101296FD1A7
:1060C000012D6DD101226CE00122C274034613330D
:1060D0006024055D0126354003D11A240457002CA5
:1060E00026D404460F342478E40704D0012A02D1D0
:1060F00003241C7052E0C37D1B0703D5022A01D183
:106100000023C376022A11D1C27BEF231340C3734D
:10611000254A12684023D25C0024022A274618D35D
:10612000042A0BD0022A13D1374612E0002435E0AE
:106130001D4C24683134D6E7042232E00229374668
:1061400007D304292F4604D0022901D1274600E0B5
:10615000FF27174909684E22895C49071ED5068921
:106160001448006880690225462203232946EEF779
:106170009FFC002812D001468672042048720D72DE
:106180000024CC71052088710F73FF204871822094
:106190000871300AC8722846EEF727FD2046F8BD80
:1061A00002221A7094E7C046C4240020F892061018
:1061B00078240020282400200B49096830228A5CBA
:1061C0000123134030314A78D207520FD218CB78CE
:1061D000DB07DB0ED21889784B080B43D907090F70
:1061E000511801707047C046C424002070B50546A0
:1061F0000089FBF72AFE464246411B4909683C22BA
:10620000895C022904D0002401292AD1002828D140
:1062100008200143A975154800684E21405C0124FF
:1062200080071ED52D8912480068806902214B2203
:106230000323EEF73DFC002813D0014685720420AD
:1062400048720B2008720020C871052088710E73F7
:10625000FF20487182200871280AC8720220EEF7D8
:10626000C4FC204670BDC046C42400207824002011
:106270002824002010B507244480446821720B496B
:1062800009684024095D4468617201211140426837
:1062900091724168CB724168029A0A734168039A0D
:1062A0004A7340680499817310BDC046C42400201D
:1062B000F8B50C46074601252846FFF73BFE0228A5
:1062C00001D93820F8BD06463846FFF753FE0028AE
:1062D00010D0014610480068B122825C002A03D029
:1062E000B130B540AA430270002201232046FFF7D7
:1062F0000BFEF8BD2675012138462246FFF75EFEEB
:106300002046FFF773FF002801D00020F8BD20468B
:1063100000F004F8F8BDC046C4240020F0B587B0F2
:10632000044606A80026067021890B223046EEF7A7
:10633000E9F900281BD00590B020A072E675E07B3B
:106340002F210140E173434F3D68207D01210491DD
:10635000FFF70AFE4019B721455C38683221405CDE
:10636000022806D10820284003D1032151E08826C5
:1063700061E0207EC00705D106AF3846FFF71CFF5D
:10638000387802E0607D06A9087005401820284092
:10639000E17D0143E175080701D4B42706E02046FA
:1063A00000F031FD0146002833D1B227204600F02D
:1063B000DFFC06984107C90FE173C007800FA07387
:1063C0002046FFF70DFE2046FFF756FE0146002847
:1063D0001FD1E07C022804D1E07BC00601D44D200F
:1063E000C7431C4800683521405C06A90B78627BD6
:1063F000617CA57C0090019102950221059D2846B3
:10640000FFF738FF20462946FFF782FB01460028A8
:1064100014D010480068B122825C002A05D0B13047
:10642000237D049D9D40AA43027001232046059AC6
:10643000FFF76AFD0646304607B0F0BDE07AF82166
:106440000140E172059831462246FFF7B7FDA77279
:10645000F1E7C046C4240020F0B589B00C460746D9
:106460000989002515222846EEF74CF9002813D09B
:106470000646002F06D02346283305211022384631
:10648000EEF77EF9E07D000708D42146483105AAE1
:10649000204600F031F807E0882019E005A80290B6
:1064A000019401A800F061F9112070807068032147
:1064B00001720521102205AB3046EEF783F9204624
:1064C0003146FFF725FB002802D1B620A0722846EE
:1064D00009B0F0BD10B50446483010210022FCF789
:1064E00058F9E07D000702D4B520A07210BD204607
:1064F00000F03AF910BD0000F0B59BB014460691CB
:1065000007460FAE00252E2230462946EBF794FDB4
:106510003046103010220699EBF77EFD2036F87CCD
:1065200003280DD0022812D144480068806B0FA9BF
:106530000870020A4A70020C8A70000EC87006E0E9
:106540003E48016844310FA81022EBF765FD387D05
:1065500001210591FFF708FD0290387D2946FFF7DC
:1065600003FD01906120385CF07106960FAE304655
:1065700028303946623106220092314B0490984708
:1065800078780699087030462130B91C0390009A3B
:106590002B4B98472948006801994118B4310BAF3B
:1065A0003846093007220192254B98472348006856
:1065B00002994118B431B81C019A214B9847781CB4
:1065C0000699C91D059A1E4B98471D4B38460699DA
:1065D000059A98471036102D07D0705D0BA9495DBC
:1065E000414007A841556D1CF5E70FA807A92246B1
:1065F000F2F754FC0BAE0025102230462946EBF78B
:106600001BFD0627304604993A46EBF705FDB01D01
:1066100003993A46EBF700FD102D07D0605D0BA9FA
:10662000495D414007A841556D1CF5E70FA807A932
:106630002246F2F733FC1BB0F0BDC046C424002054
:1066400019200510F0B58BB00D46064600240294C3
:10665000098915222046EEF755F8002820D0074674
:106660002B4638330521102230461E46EEF788F8B7
:10667000E87D000716D40094344603AE2846214630
:106680003246FFF739FF2946283110223046264688
:10669000009CEBF7E1FC01A9BC220A7002900CE01F
:1066A00088245BE001A80A9002A8099003A808903A
:1066B000079507A800F05AF80298002806D0042190
:1066C000012328463A46FFF71FFC1BE01120788083
:1066D0007868042101722B46483305211022384680
:1066E000EEF770F828463946FFF712FA002809D16C
:1066F0000198A8721B4800683521405C297C8142C2
:1067000000D928740298002828D1E87D000725D4F4
:1067100007A8002410222146EBF78EFCE87C032812
:106720000DD0022812D10F480068806B07A90870AD
:10673000020A4A70020C8A70000EC87006E009480E
:106740000168443107A81022EBF766FC294648315E
:10675000283507A832462B46FAF7D0FC20460BB066
:10676000F0BDC046C424002070477047704780B514
:10677000012911D1427C530705D0C37D1B071DD5CC
:1067800006231A401AD16022835C01221A40002994
:1067900006D0002A19D103E0002900D080BD0022D4
:1067A000817CCB0704D0C37D1B0701D4D12109E034
:1067B0008B0706D4490708D5D52103E0D021817283
:1067C00080BDD3218172002A02D000F004F880BD80
:1067D00000F016F880BD80B56021415CC90706D184
:1067E00011214156002902D5817E8A0602D4FFF785
:1067F000D3FA80BD042211438176FFF7CAFA80BD27
:10680000F0B589B0044608A8002606802189152223
:106810003046EDF777FF00282DD005466020205C3C
:10682000C0060BD42746603720461C3002210022C8
:10683000FBF7AFFF3878102101433970A07AD138C7
:10684000042875D878440079400087440219384EEE
:1068500060003C48006821461C31083008AA04AE9C
:106860003346FAF7CDFB6868062101721120688073
:10687000227C052158E00E200021FBF775FC5FE02B
:1068800004AE08210291002230460196FBF781FFF9
:1068900020461C3008AF31463A46FAF77BFB0B2006
:1068A00068806868072606720521022228463B4652
:1068B000EDF788FF28463146029A019B36E0112009
:1068C000688068680821017204A800211022EBF793
:1068D000B3FBEFF789F9002802D004A8FAF7A4FB6C
:1068E0000521102204AB284620E003A8067004AE60
:1068F0003146FFF7F5F808206880686809210172C1
:10690000686803994172062128460A460DE0112065
:10691000688068680A21017220461C3004AE314646
:10692000FAF704FC0521102228463346EDF74AFF0A
:1069300020462946FFF7ECF8002801D1DD20A0729F
:1069400009B0F0BD2424002080B5827ADD2A23D14D
:106950008A1F042A1ED8D2217A4412795200974401
:10696000180211070A00817C8A0702D5D32110E0A2
:10697000817C49070CD46021415CC90704D1FFF731
:106980002AFF80BDD42104E00121FFF7F0FE80BD85
:10699000D5218172FFF734FF80BD0000F0B585B0CE
:1069A00007464068057AA81F042823D80C46887A31
:1069B0008626D0281FD1204659300190208900F02A
:1069C00095F902460020444B02900146FAF756FE24
:1069D000062D05D0092D11D0082D34D0072D3DD11D
:1069E000E07D000707D4607CC00704D0062D44D1A9
:1069F00028342CE08426304605B0F0BD607C80074A
:106A0000F9D503AB00269E800396062138460A4638
:106A1000EDF7ADFE002845D07868407A019D2870DA
:106A200023465A33062138460A46EDF7A9FE287850
:106A3000012803D1A8798009032845D3617C20204F
:106A4000084360742FE0607C8007D4D5383405217A
:106A5000102238462346EDF793FE33E0607C400772
:106A6000C9D523464833052110223846EDF788FE64
:106A7000607C40210143617417E07868407AA07718
:106A80007868807AE0772346203307210822384649
:106A9000EDF776FE607C8021014361744007800F32
:106AA00010D102E0607C4007A5D40198C079C007EE
:106AB00005D1002620463146FFF759FE9BE72046C8
:106AC000FFF76AF9029E96E708210022012320467B
:106AD000FFF71AFA06468EE73075000080B50320EE
:106AE0000821F9F759FD02490968A822885080BD9C
:106AF000C4240020FEB50191032002900027304AF3
:106B00003D4616461068A8240059C019801C06226C
:106B10000199EBF7A1FA002831D0029803283246F8
:106B200009D110680059C05D8006800F01D0032094
:106B300000E0E8B2029008376D1C032DE1D1106827
:106B40004125415DA830022936D80299CF0000685E
:106B5000C019801C164606220199EBF75DFA3068D1
:106B600000591021C1550298C2B200200121154BD5
:106B7000FAF784FD3068415D491C4155FEBD30681F
:106B80000059C35DCF211940103103221A40531C14
:106B9000032A02D0DC2421401943C155032A00D125
:106BA000134609A0C05C7D21CB004343EAB200201C
:106BB0000121FAF763FDFEBD01210172FEBDC04651
:106BC000C4240020B80B000003050A14F8B5294EB0
:106BD0003168A8254959C4000A5DD3060ED493062E
:106BE00046D50919930735D0FC231340521E0324C0
:106BF0001440E2180A7000F041F8F8BD00F03EF8C9
:106C0000306840590019841C6520C64337466537F3
:106C1000194800683421405C7F1C874228D21548FF
:106C20000068A42540598019703668300622214634
:106C3000EBF712FA0028EBD10E4800684059815D4D
:106C4000FB2915D1102181550E20FBF77BFAEAF7BD
:106C5000FCFBF8BD35460024082208462146EBF728
:106C6000EBF93068B02144544121425C521E425439
:106C7000F8BDC046C42400202424002010B50446DA
:106C800000200121074B2246FAF7F8FC064800686D
:106C9000A8214058E100425CCF23134020334354E5
:106CA00010BDC046204E0000C4240020F8B50C469C
:106CB0000720C0430C4E05460835182D10D031680A
:106CC000A827C95908180A3006222146EBF7C4F94B
:106CD00000282846F0D13068C059405DC00601D474
:106CE0000020F8BD0120F8BDC4240020B0B50D4936
:106CF00009683422895C002811D00B4A1268A4323A
:106D00000023DCB28C420AD27025654314686419F2
:106D100024894440240501D05B1CF2E71946C8B21F
:106D2000B0BDC04624240020C4240020F0B5014694
:106D30000020002917D00C4A12683423D35C70223B
:106D40005A436F23DD43094B1B68A4332C46703430
:106D5000A24208D01E6875197827ED5B4D402D05BD
:106D60002546F4D13019F0BD24240020C42400208D
:106D7000B0B504460B480068AC2140584578801CEB
:106D8000A11C0622EBF768F901460020002900D07B
:106D9000B0BD61788D42FBD1617B012001436173FD
:106DA000B0BDC046C424002080B528225043044909
:106DB0000968AC23C95808180021EBF73DF980BDDC
:106DC000C424002070B50D4909683422895C702202
:106DD0004A430B490B68A43300210C46A2420AD057
:106DE0001D682D19EE7DF60702D02D89854201D14F
:106DF0007034F3E70121084670BDC046242400200A
:106E0000C424002070471F2070471F207047704720
:106E10007047000010B5034B0100186800F030F80F
:106E200010BDC046C828002010B5034B01001868EB
:106E300000F074FB10BDC046C828002070B50F4E8E
:106E40000D0031680400002902D100F02BFB3060F6
:106E50002900200000F026FB431C03D101256D42D0
:106E6000280070BD0323C51C9D43A842F8D0291AF1
:106E7000200000F017FB0130F2D1EFE7D024002012
:106E8000F7B50322CB1C9343083305001F000C2BDE
:106E900034D20C27B94233D8280000F071F8374EAD
:106EA00033681C00002C2FD139002800FFF7C6FFE3
:106EB0000400431C5FD134680094009B002B4AD12E
:106EC000002C52D023682800E3180099019300F0A9
:106ED000E9FA019B834248D123682800FF1A390050
:106EE000FFF7ACFF013040D02368DB192360336823
:106EF0005A68002A33D1009B336019E0002BC9DAAD
:106F00000C232B600020FEBD2168C91B20D40B2957
:106F10000AD9E2192760A34204D132606368116084
:106F2000536005E05A60F9E76268A3420ED132600F
:106F3000280000F02DF8200007220B30231D90437D
:106F4000C21A9842DFD01B1AA350DCE75A60EFE761
:106F500023006468A6E7009C63680093ADE71A000D
:106F60005B68A342FBD10023DAE70C2328002B60E7
:106F700000F00EF8C6E70760DAE7C046D424002028
:106F800010B5024800F0BBFA10BDC046182600201C
:106F900010B5024800F0B4FA10BDC0461826002013
:106FA000002310B504000360436083608181436661
:106FB000C281036143618361190008225C3000F0E3
:106FC0002FFA0B4B246263620A4BA3620A4BE36203
:106FD0000A4B23630A4B9C4205D00A4B9C4202D0C9
:106FE000094B9C4203D12000583000F087FA10BDB5
:106FF0002D720610557206108D720610B9720610A9
:10700000D824002040250020A825002010B5034AE0
:107010000349044800F06CF810BDC046BC280020AD
:10702000717C0610CC28002041680B4B10B5040081
:10703000994201D000F01CFEA168084B994202D091
:10704000200000F015FEE168054B994202D02000B7
:1070500000F00EFE10BDC046D824002040250020C0
:10706000A825002010B5094B094A04211A600948D7
:107070000022FFF795FF012209210748FFF790FF43
:10708000022212210548FFF78BFF10BD10260020B9
:107090000D700610D824002040250020A8250020CF
:1070A00010B5024800F02BFA10BDC046192600208A
:1070B00010B5024800F024FA10BDC0461926002081
:1070C00010B50400FFF7ECFF236A002B02D0FFF796
:1070D000EFFF10BD044B2362044B1B68002BF6D15D
:1070E000FFF7C0FFF3E7C046297006101026002006
:1070F000F7B51400002600900191A5686768013F6C
:1071000004D52468002CF8D13000FEBDAB89012BDA
:1071100008D90E22AB5E013304D029000098019BF0
:10712000984706436835EAE7036A70B505000E0024
:107130008468002B01D1FFF7C3FF636EDB0705D422
:10714000A3899B0502D4A06D00F0D9F9A3891B0780
:1071500002D52369002B1FD12100280000F0F4F88C
:10716000002819D001256D42636EDB0705D4A38981
:107170009B0502D4A06D00F0C3F9280070BD013654
:10718000A360002B04DAA2699A4216DC0A2914D003
:1071900023685A1C22601970A3683178013B0029CA
:1071A000EDD1A360002B0FDA220028000A3100F095
:1071B00089F80130D6D00A25D6E72200280000F051
:1071C00081F80130E8D1CDE723685A1C22600A22F9
:1071D0001A70F0E710B5034B01001868FFF7A4FF21
:1071E00010BDC046C82800200EB410B500240C49BC
:1071F0009DB01FAB029006900791049109480A497F
:1072000004CB0591006802A901931B9400F030FAA9
:10721000029B1C701DB010BC08BC03B01847C046D0
:10722000FFFFFF7FC82800200802FFFF70B50C0099
:107230000E25495F00F022F9002803DB636D1B185F
:10724000636570BDA389024A1340A381F9E7C04674
:10725000FFEFFFFFF8B51F008B8905000C0016003B
:10726000DB0505D50E23C95E0022022300F0F2F8EB
:10727000A389054A28001340A38132000E23E15E52
:107280003B0000F021F9F8BDFFEFFFFF70B50C00E7
:107290000E25495F00F0DEF8A389421C03D1054AA0
:1072A0001340A38170BD802252011343A381606506
:1072B000F8E7C046FFEFFFFF10B50E23C95E00F0F0
:1072C000B7F810BDF8B506000D001400002804D072
:1072D000036A002B01D1FFF7F3FEA369A360A38922
:1072E0001B0702D52369002B09D12100300000F0D3
:1072F0002BF8002803D001256D422800F8BD236932
:107300002068EFB2C01A6369EDB2834205DC210048
:10731000300000F0ADFC0028EDD1A3680130013B46
:10732000A36023685A1C22601F706369834204D0E3
:10733000A389DB07E1D50A2DDFD12100300000F061
:1073400097FC0028D9D0D6E72D4B70B505001868FA
:107350000C00002804D0036A002B01D1FFF7B0FE17
:107360000C22A35E1A0723D4DA0607D409222A6066
:10737000402201201343A38140423AE05B0713D52A
:10738000616B002908D023004433994202D02800C1
:1073900000F0C4F8002363632422A3899343A381EC
:1073A00000236360236923600823A2891343A38118
:1073B0002369002B0BD1A0218022A3898900920090
:1073C0000B40934203D02100280000F0A7FC0C22C0
:1073D000A35E01211A000A400B420BD00022A260DA
:1073E00062695242A26100202269824201D11A06DA
:1073F000BED470BD990700D46269A260F3E7C046AD
:10740000C828002030B500240139A24201D1002053
:1074100005E0035D01340D5DAB42F6D0581B30BD75
:1074200003008218934200D1704719700133F9E7C5
:10743000002370B5064D040008002B60DFF73FFB0A
:10744000431C03D12B68002B00D0236070BDC046C5
:107450001426002070B50400080011001A00002353
:10746000054D2B60DFF74CFB431C03D12B68002B31
:1074700000D0236070BDC0461426002070B5040003
:10748000080011001A000023054D2B60DFF7DEFA1B
:10749000431C03D12B68002B00D0236070BDC04675
:1074A00014260020002370B5064D040008002B6050
:1074B000DFF732FB431C03D12B68002B00D0236085
:1074C00070BDC0461426002070B5040008001100ED
:1074D0001A000023054D2B60DFF7D5FA431C03D1BA
:1074E0002B68002B00D0236070BDC04614260020FE
:1074F000014B18687047C046C82800207047704785
:10750000704710B500F001F810BD002310B59A4285
:1075100000D110BDCC5CC4540133F8E770B5050050
:107520000C1E10D0043C2368002B00DAE41828005D
:10753000FFF726FD1D4A1368002B05D16360146018
:107540002800FFF725FD70BDA34208D92068211847
:107550008B42F3D119685B6809182160EEE71A00C5
:107560005B68002B01D0A342F9D911685018A042E2
:107570000BD120680918501811608342E0D11868B7
:107580005B68411811605360DAE7A04202D90C230E
:107590002B60D5E7206821188B4203D119685B68FE
:1075A0000918216063605460CAE7C046D4240020F3
:1075B000F0B58E6885B01F000C000B680290039236
:1075C000BE4230D80C21625E9021C9000A4228D008
:1075D000032021695B1A0193636943430198DD0F1E
:1075E000ED187B1C1B186D10AB4200D91D00520515
:1075F00028D529000298FFF743FC061E2CD0019ADB
:107600002169FFF782FFA289184B1A408023134398
:10761000A381019B2661F61826603E006561ED1A84
:10762000A560BE4200D93E0032000399206800F0F8
:10763000B6FB0020A3689B1BA36023689B192360F3
:1076400005B0F0BD2A00029800F0EBFB061EE0D169
:1076500021690298FFF762FF0C230120029A404241
:107660001360A28934331343A381E9E77FFBFFFF53
:10767000F0B5A1B003901D008B890F0016001B060A
:1076800011D50B69002B0ED14021FFF7F9FB3860B3
:107690003861002805D10C23039A13600120404271
:1076A000CFE040237B61002308AC63612033637625
:1076B0001033A376079535002B78002B01D0252BAE
:1076C00048D1AB1B0593B5420BD03200390003986B
:1076D000FFF76EFF013000D1AEE06369059A9B1899
:1076E00063612B78002B00D1A6E0012200235242D7
:1076F000626004A9543252186E1C2360E360A360D8
:107700001370A365544B052218003178059300F0DF
:107710007DFB751C00281FD12268D30604D5532396
:1077200004A95B1820211970130704D5532304A959
:107730005B182B21197033782A2B16D035000021C5
:107740000A20E3682A786E1C303A092A50D90029A9
:1077500011D117E00135AFE7059B2268C01A01235C
:10776000834013432E002360CCE7079B191D1B6841
:107770000791002B01DB0B9304E05B42E3600223E3
:10778000134323602B782E2B0CD16B782A2B34D10A
:10779000079B02351A1D1B680792002B01DA012393
:1077A0005B4209932D4E03223000297800F02EFB16
:1077B000002806D04023801B8340226801351343F4
:1077C00023602978062226486E1C217600F01EFBD5
:1077D000002838D0234B002B22D10722079B0733E8
:1077E0009343083307936369049A9B18636162E7C4
:1077F0004343350001219B18A4E700230A20190008
:10780000013563602A786E1C303A092A03D9002BAF
:10781000C8D00991C6E74143350001238918F1E733
:1078200007AA009221003A000F4B039800E000BF26
:107830000490049B0133D6D1BB890D985B0600D51B
:107840002CE721B0F0BD07AA009221003A00064BB8
:10785000039800F07BF8EBE71193061017930610DE
:107860001B93061000000000B1750610F7B5160056
:1078700001938A680B690C000090934200DA1300B0
:107880002200336043321278002A01D00133336082
:1078900023689B0602D533680233336022680623CF
:1078A00015001D401A4227D0230043331B785A1E6F
:1078B00093412268920630D4220001990098089DD5
:1078C0004332A847013025D0062223680025134003
:1078D000042B05D13368E568ED1AEB43DB171D4037
:1078E000A3682269934201DD9B1AED180026B54278
:1078F00020D1002010E00135E36832689B1AAB42CA
:10790000D2DD2200012301990098089F1932B8475F
:107910000130F0D101204042FEBD3020E11843315A
:10792000087021005A1C45310978A21843320233ED
:107930001170C1E72200012301990098089F1A32B3
:10794000B8470130E6D00136D1E70000F0B58BB082
:1079500006920A0043320793059003920A7E0C00B8
:10796000109B782A09D8622A0BD8002A00D1BAE0E5
:107970007A490491582A00D18EE0250042352A70B8
:1079800022E0100063381528F7D8D8F74FFC16000E
:107990001F00F6FFF6FFF6FFF6FF1F00F6FFF6FFEB
:1079A000F6FFF6FF9F0036007E00F6FFF6FFB00000
:1079B000F6FF3600F6FFF6FF820025001A68423512
:1079C000111D196013682B7001239EE01868096867
:1079D000021D0D060BD506681A60002E03DA2D2352
:1079E000039A764213705D4B0A27049318E00668E9
:1079F0001A604906F1D536B2EFE70868196840C940
:107A0000050602D4400600D5B6B21960534B0A27CA
:107A100004936F2A00D1023F2300002243331A70DF
:107A20006368A360002B06DB04212268039D8A4360
:107A3000226033430CD0039D30003900D8F786FC18
:107A4000049B013D5B5C2B70330006009F42F3D921
:107A5000082F09D12368DB0706D5626823699A429B
:107A600002DC3023013D2B70039B5B1B2361079BD2
:107A7000210000930598069B09AAFFF7F7FE013045
:107A800048D1012040420BB0F0BD202209680A43D2
:107A90002260782232490491210045310A70196828
:107AA000226840C9100602D4500600D5B6B219604B
:107AB000D30702D5202313432360002E01D01027C3
:107AC000AAE72022236893432360F8E71A680D6829
:107AD000101D4969186013682E0601D5196002E06F
:107AE0006D06FBD519800023039D2361BFE71A684B
:107AF000111D1960156800212800626800F086F9E0
:107B0000002801D0401B6060636823610023039A52
:107B10001370ACE72A00236906990598079DA847CA
:107B20000130AED023689B0715D4099BE0689842CA
:107B3000A9DA1800A7E72200012306990598079EF5
:107B40001932B04701309CD00135E368099A9B1A7D
:107B5000AB42F0DCE9E70025F7E7C04622930610C8
:107B600033930610F7B50C228B5E05000C001A0744
:107B700056D44A68002A02DC0A6C002A4EDDE76A05
:107B8000002F4BD0002280202E682A601A0040016E
:107B9000216A0240034233D0626DA3895B0706D598
:107BA0006368D21A636B002B01D0236CD21A0023B6
:107BB0002800E76A216AB847A289431C06D12968D0
:107BC0001D2946D8294BCB40DB0742D500236360F3
:107BD00023692360D20405D5431C02D12B68002BF6
:107BE00000D16065616B2E60002917D023004433FB
:107BF000994202D02800FFF791FC002363630DE057
:107C000001232800B8470200431CC6D12B68002B73
:107C1000C3D01D2B01D0162B1AD12E6000201EE0E0
:107C20000E69002EFAD00F680E60BA1B0192002276
:107C30009B0700D14A69A260019B002BEEDDA36A7D
:107C400032001F002800019B216AB847002807DC8A
:107C5000A2894023012013431BB2A3814042FEBDF1
:107C6000019B36181B1A0193E6E7C046010040202D
:107C70000B6970B505000C00002B02D1002528000F
:107C800070BD002804D0036A002B01D1FFF718FA59
:107C90000C22A35E002BF1D0626ED20704D49B05A8
:107CA00002D4A06DFFF72BFC28002100FFF75AFF3C
:107CB000636E0500DB07E2D4A3899B05DFD4A06DCA
:107CC000FFF71EFCDBE7000070B50E001D000E2361
:107CD000C95E140096B000290CDAB2898023110025
:107CE00019401A4214D18023DB0000202960236050
:107CF00016B070BD6A4600F065F80028EDDBF02391
:107D000001991B021940044BC9184B425941EAE73B
:107D100000214023E9E7C04600E0FFFFF0B502265E
:107D20008B8905000C0085B0334207D02300473310
:107D3000236023610123636105B0F0BD03AB02AA98
:107D4000FFF7C2FF029F019039002800FFF798F863
:107D5000002808D10C22A35E9A05EDD40322934398
:107D60001E43A681E2E78023A28920601343A381FA
:107D7000039B20616761002B0CD028000E23E15E7D
:107D800000F032F8002805D00323A2899A43023B71
:107D90001343A381A389019A1343A381CCE710B5B0
:107DA000884202D98B18984208D300239A4207D000
:107DB000CC5CC4540133F9E78B5C8354013AFBD2A9
:107DC00010BD0000002370B5064D0400080011002E
:107DD0002B60DEF77EFE431C03D12B68002B00D006
:107DE000236070BD14260020002370B5064D0400EA
:107DF00008002B60DEF77BFE431C03D12B68002BB1
:107E000000D0236070BDC04614260020C9B282187D
:107E1000904201D10020704703788B42FBD00130A3
:107E2000F6E7F7B506000C001500002905D1110092
:107E3000FFF726F804002000FEBD002A03D1FFF75B
:107E40006DFB2C00F7E700F01CF80700854202D814
:107E50004308AB42EFD329003000FFF711F801903F
:107E6000002801D1019CE6E72A00BD4200D93A0072
:107E700021000198FFF749FB21003000FFF74EFB7E
:107E8000F0E70B1F1B68181F002B01DA0B58C018F6
:107E900070470000F7B500258AB00E46044600285A
:107EA00004D0002E06D10C98002803DD612040018B
:107EB0000DB0F0BD0C98002804DB102804DA2079FE
:107EC000800601D48C48F3E72079410701D481076B
:107ED00002D58948401CEBE7402108432071204629
:107EE000143008901CE0002081004A199219537840
:107EF00017781B023B4397785BBA1B043F02D2788A
:107F00003B4313430A195269401C534004AA53507F
:107F10000428E9DBA26804A80899E6F73DFE009D65
:107F20000C992846103000908842DCDB20798006CE
:107F30001ED400291CDD002081004A1992195378B3
:107F400017781B023B4397785BBA1B043F02D27839
:107F50003B4313430A195269401C534004AA53502F
:107F60000428E9DBA26804A80899E6F715FEC0E03A
:107F70000020009001900290039069460846A26894
:107F8000E6F70AFE00998722C80F5043019A49007C
:107F9000D20F114300910199029A4900D20F114367
:107FA00001910299039A4900D20F1143029103995A
:107FB0000C9A4900414028461030039190421AD152
:107FC000002081004A1993195A781F7812023A4307
:107FD0009F7852BA12043F023A43DB786F461A4345
:107FE0000B195B697F58401C7B405A4004AB5A50C8
:107FF0000428E6DB74E0009A8723D00F5843019BE6
:108000005200DB0F1A430092019A029B5200DB0FD1
:108010001A430192029ACB0F52001A4302924A006D
:10802000424003920C9A0020531BDA179C46920F91
:1080300062449210964616E081004A1993195A78C4
:108040001F7812023A439F7852BA12043F023A4311
:10805000DB786F461A430B195B697F587B405A40A7
:1080600004AB5A50401C8645E6DC81000A196B4679
:1080700052695B5867465A4004AB5A507F1A002237
:108080004B19BC469E460BE073469B18F35CD70029
:108090001825ED1BAB4004AD6F587B406B50521C54
:1080A0009445F1DC002A09D0D600182204AB961BB7
:1080B0005D588022B24055405D5005E004AA5358F7
:1080C0000125ED076B40535004AB6A4605E0810083
:1080D0000D196D69565875405D50401C0428F6DB3B
:1080E000A26818460899E6F757FD2079042108434D
:1080F00020710020DCE600001D0C0000F8B51646DB
:108100000F46040009D0002E07D025468035E86DC3
:10811000401E102804D31348F8BD61204001F8BD6B
:108120002079400604D4002211462046FFF7B2FE13
:108130002079022108432071002018210CE0C21789
:10814000920F121892089200121983075269DB0EDF
:10815000CB1ADA403A54401CEA6D8242EFDC002030
:108160003260F8BD1F0C000010B5040007D00223D8
:108170000022A16800F01AF8010003D00CE0612091
:10818000400110BD002010222261024683001B190D
:10819000401C5A610428F9DB606A102801D00248AB
:1081A00010BD084610BD00001D0C0000F0B50028F1
:1081B00007D0002905D05B079C0F002A04D1012CB1
:1081C00002D061204001F0BD436A102B03D0182B70
:1081D00001D0202B05D1012C05D005696D1E102D75
:1081E00001D31A48F0BD102B02D01848801EF0BDF4
:1081F000C2600379F9252B400371012C20D00023A4
:108200001C469D002D185B1C6C61042BF9DB0023C0
:1082100013E0DC17A40FE418A408A40025182E46C8
:108220001436B4461C1BD65CE40018276D693C1B51
:10823000A640354366465B1C356004699C42E8DC19
:108240000279D20700D181600020F0BD1F0C000030
:04825000F8B5C04677
:04825400F8B5C04673
:108258004D61696E206D656E7520252E32642F255F
:108268002E326420252E32643A252E32640A426169
:10827800636B3A706C617920747261636B0A536541
:108288006C3A617070656E64207363686564756CC0
:10829800650A25633A53657420446174652F7469CF
:1082A8006D650A25633A6D6F7265206F7074696F2A
:1082B8006E730A566F6C756D653A202563252E33EB
:1082C8006425630A43757272656E7420736F6E67F6
:1082D8002025642D2564000053656C656374204671
:1082E8006F6C6465720A20202020202020202563DE
:1082F800202020202020202025630A466F6C6465FA
:10830800723A20256420547261636B3A2025640A0E
:10831800202020202020202025632020202020200D
:10832800202025630A0000004F7074696F6E730A7D
:108338002044757479204379636C653A2025632558
:108348002E326425630A20536F6E673A25632563CE
:108358000A256356696577205363686564756C659B
:1083680025630A2563436C656172205363686564FD
:10837800756C6525630A2563436C656172204C6FD3
:10838800677325630A0000005365742044617465AF
:108398002F54696D650A2025632020256320202538
:1083A80063202025630A252E32642F252E3264206F
:1083B800252E32643A252E32640A20256320202592
:1083C8006320202563202025630A00005363686525
:1083D80064756C652074696D6520746F20706C61BC
:1083E800790A2025632020256320202020202020B2
:1083F8002025630A252E32642F252E326420746FBF
:1084080020252E32642F252E3264202E2E2E0A206F
:10841800256320202563202020202020202025637C
:108428000A20202025632020256320202020256382
:10843800202025630A533A252E32643A252E3264C9
:1084480020453A252E32643A252E32640A2020200F
:1084580025632020256320202020256320202563F4
:108468000A6D6F6E74683D31202D207265706561EC
:1084780074000000746865207363686564756C65D2
:1084880020697320656D7074790A70726573732042
:108498006261636B20746F206C6561766500000013
:1084A800256320202020202020202020202020207C
:1084B800202020202025630A7363686564756C6535
:1084C800202325640A6D6F6E74683A2025640A6457
:1084D8006179733A2025642D25640A74696D6520D5
:1084E800252E32643A252E32642D252E32643A2503
:1084F8002E32640A666F6C6465723A2025642C20FB
:10850800747261636B3A202564000000616E206517
:1085180072726F72206F636375727265640A70722B
:10852800657373206261636B20746F207265636F7B
:10853800766572006661696C656420746F20736586
:108548007420766F6C756D65000000006C6F677342
:1085580020627566666572206F766572666C6F77E5
:1085680065642C206D6F737420726563656E74206A
:108578006461746120686173206265656E206C6F48
:10858800737400006661696C656420746F2073659C
:10859800742064757479206379636C650000000049
:1085A8006661696C656420746F20636C6561722014
:1085B8007363686564756C650000000073636865C3
:1085C80064756C6520636F6D706C65746500000080
:1085D8007363686564756C65206F766572666C6F29
:1085E800772C20666F7263656420746F20636F6DEB
:1085F800706C6574650000006661696C6564207361
:1086080065742074696D653A206D696E75746500CE
:108618006661696C6564207365742074696D653A78
:1086280020686F75720000006661696C656420736C
:1086380065742074696D653A2064617900000000F2
:108648006661696C6564207365742074696D653A48
:10865800206D6F6E7468000048616E646C652070F0
:108668006F737369626C79206E6F742076616C69C0
:108678006420616E796D6F7265210D0018290020E4
:108688003E2200001400010200001E00F700000056
:10869800A00F0000F40102100802010317000100F6
:1086A80000010101010101000001000300040000B4
:1086B80000000000000000302C222C3000303C3E2E
:1086C8003C30000C3444340C000C3C7C3C0C001056
:1086D8002844FE000010387CFE0000FE44281000EC
:1086E80000FE7C38100000000000000000000000C0
:1086F8000000000000000000000000000000000072
:108708000000000000000000000000000000000061
:108718000000000000000000000000000000000051
:108728000000000000000000000000000000000041
:108738000000000000000000000000000000000031
:108748000000000000000000000000000000000021
:108758000000000000000000000000000000000011
:108768000000000000000000000000000000000001
:1087780000000000000000005E0000000C02000C79
:108788000200147F147F1400242A7F2A1200231366
:108798000864620036495122500000000C020000B3
:1087A80000003E41000000413E0000000A041F0492
:1087B8000A0008083E0808000000503000000808B9
:1087C800080808000060600000004030080601004A
:1087D8003E5149453E0042427F4040004661514972
:1087E80046002241494936001814127F10004F49AB
:1087F800494931003C4A49493000017109050300E3
:10880800364949493600064949291E0000003636CE
:10881800000000005636000008142241000014141D
:10882800141414000041221408000601510906001E
:108838003E415D553E007E0909097E007F49494950
:1088480036003E41414141007F4141413E007F4960
:10885800494941007F09090901003E414149390060
:108868007F0808087F0041417F4141003141413F75
:1088780001007F08081463007F40404040007F02E9
:108888000C027F007F0408107F003E4141413E00FA
:108898007F09090906003E4151215E007F09090947
:1088A800760046494949310001017F0101003F40F6
:1088B80040403F001F2040201F003F4030403F0005
:1088C80063140814630007087008070061514945DC
:1088D8004300007F4141000001060830400000418C
:1088E800417F000004020102040040404040400073
:1088F8000001020400002054545478007F4444448A
:108908003800384444444400384444447F003854D0
:1089180054545800087E0909020008545454380079
:108928007F040404780000487A4000002040403A60
:1089380000007F101028440000017F4000007C04E4
:1089480078047C007C0804047800384444443800E7
:10895800FC242424180018242424FC007C08040483
:108968000400485454542400043E444400003C404D
:1089780040403C001C2040201C003C4020403C0063
:108988004428102844000C5050503C004464544C77
:10899800440008083641000000007F000000004144
:1089A8003608080008040808040000103810000001
:1089B80000000000000000000000000000000000AF
:1089C800000000000000000000000000000000009F
:1089D800000000000000000000000000000000008F
:1089E800000000000000000000000000000000007F
:1089F800000000000000000000000000000000006F
:108A0800000000000000000000000000000000005E
:108A1800000000000000000000000000000000004E
:108A2800000000000000000000000000000000003E
:108A3800000000000000000000000000000000002E
:108A4800000000000000000000000000000000001E
:108A5800000000000000000000000000000000000E
:108A680000000000000000000000000000000000FE
:108A780000000000000000000000000000000000EE
:108A880000000000000000000000000000000000DE
:108A980000000000000000000000000000000000CE
:108AA80000000000000000000000000000000000BE
:108AB80000000000000000000000000000000000AE
:108AC800000000000000000000000000000000009E
:108AD800000000000000000000000000000000008E
:108AE800000000000000000000000000000000007E
:108AF800000000000000000000000000000000006E
:108B0800000000000000000000000000000000005D
:108B1800000000000000000000000000000000004D
:108B2800000000000000000000000000000000003D
:108B3800000000000000000000000000000000002D
:108B4800000000000000000000000000000000001D
:108B5800000000000000000000000000000000000D
:108B680000000000000000000000000000000000FD
:108B780000000000000000000000000000000000ED
:108B880000000000000000000000000000000000DD
:108B980000000000000000000000000000000000CD
:108BA80000000000000000000000000000000000BD
:108BB80000000000000000000000000000000000AD
:108BC800000000000000000000000000000000009D
:108BD800000000000000000000000000000000008D
:108BE800000000000000000000000000000000007D
:108BF800000000000000000000000000000000006D
:108C0800000000000000000000000000000000005C
:108C1800000000000000000000000000000000004C
:108C2800000000000000000000000000000000003C
:108C3800000000000000000000000000000000002C
:108C4800000000000000000000000000000000001C
:108C5800000000000000000000000000000000000C
:108C680000000000000000000000000000000000FC
:108C780000000000000000000000000000000000EC
:108C880000060909060000000000000000000000BE
:108C980000000000000000000000000000000000CC
:108CA80000000000000000000000000000000000BC
:108CB80036150410181704104A190410281E041039
:108CC80074200410E2250410CE2804103C1A041065
:108CD8005A1A0410781A0410961A0410CC1A0410A0
:108CE800F81A04102E1B0410EE1B0410101C04109C
:108CF800321C0410541C0410801C0410B61C0410F0
:108D0800E21C0410AA260410AA26041068260410DF
:108D18007A26041090260410022C0410242C041027
:108D2800C42C0410022D04102A2D04106C2D0410DC
:108D3800C02D0410DE2E04101E2F0410902F0410D6
:108D4800283004105030041078300410A03004107B
:108D5800C8300410F0300410243104104C310410D1
:108D6800C43104103C320410B4320410542C0410E2
:108D7800662C0410782C0410C02C04108A2C0410C3
:108D88009C2C0410C02C0410C02C0410C02C0410FF
:108D9800C02C0410C02C0410C02C0410C02C0410CB
:108DA800C02C0410C02C0410AE2C04106E45041006
:108DB8008045041098450410A8450410D0450410B7
:108DC800E0450410F04504103A46041082460410A9
:108DD800E0CB0410F4CA041010CB0410E0CB04104C
:108DE800E0CB0410E0CB0410E0CB0410E0CB04107F
:108DF80030CB0410E0CB0410E0CB0410E0CB04101F
:108E0800E0CB0410E0CB0410E0CB0410E0CB04105E
:108E180080CB0410E0CB0410E0CB0410E0CB0410AE
:108E2800E0CB0410E0CB0410E0CB0410E0CB04103E
:108E3800E0CB0410E0CB0410E0CB0410E0CB04102E
:108E4800E0CB0410E0CB0410E0CB0410E0CB04101E
:108E58009ECB0410010002000400060008000A006E
:108E68000C001000200040008000000101010103F7
:108E780007010000080402040801010100F00610BF
:108E880000080000AA02000000F80610F807010018
:108E98000000000053544D333257423000000000A8
:108EA800020000002023002000000000080000004D
:108EB8004C2700200000000001000000542700207B
:108EC8000000FFFF0000000004000000C88E06102C
:108ED800000000000500000024230020010000001D
:108EE8000000000001000000E48E061001000000F0
:108EF800030000002C23002020000000FB349B5FAF
:108F08008000008000100000052A0000100000000A
:108F18000100000034280020CC8E06100A00000052
:108F2800FB349B5F8000008000100000292B0000AC
:108F3800100000000000000000000000D88E06109D
:108F480002000000FB349B5F8000008000100000DE
:108F58002A2B0000100000000000000000000000A4
:108F68000000000002000000FB349B5F80000080CE
:108F7800001000003A2B0000100000000000000064
:108F880000000000E88E0610800E0510A40E0510E3
:108F98005C0E0510CA0E0510F00E051057696C64BA
:108FA8006C69666520506C61796261636B205370EF
:108FB80065616B65720000002C1805101E180510FD
:108FC8003E1805107E180510441805105C18051089
:108FD80002100000669A0C200008A790F0117A2B66
:108FE800D18BDED2800000000000000000000000ED
:108FF8008828002004100000669A0C200008A7901A
:10900800F0117A2BD28BDED2800000000000000025
:1090180000000000942800200A100000669A0C2026
:109028000008A790F0117A2BD38BDED280000000C5
:109038000000000000000000A0280020669A0C2014
:109048000008A790F0117A2BD08BDED280000000A8
:109058000100000000000000000000000300000004
:10906800D88F0610F21905104C1B0510441B05106B
:109078004C1B05104C1B05104C1B05104C1B0510F8
:109088004C1B05104C1B05104C1B05104C1B0510E8
:109098004C1B05104C1B05104C1B05104C1B0510D8
:1090A8004C1B05104C1B05104C1B05104C1B0510C8
:1090B8004C1B05104C1B05103C1B05104C1B0510C8
:1090C8004C1B0510981A0510F21A05100403020229
:1090D800010101010000000000000000C9E40410C3
:1090E800E9E40410DFB30510E7B30510E3B3051096
:1090F80075E5041095E50410B5E50410D5E50410F0
:10910800E150051015E6041035E6041055E6041084
:10911800F5E50410E5500510E9500510ED5005106F
:10912800F1500510B9550510C96D0510656E05108B
:109138005F6F051057700510697205106972051088
:109148007F7305105770051059750510597505106E
:109158005975051039760510F57605103B77051019
:109168007F730510830085000700070083008500D2
:1091780005000700030003000F00050082008100BE
:1091880005000300FFFFFFFFFFFFFFFFFFFFFFFFDB
:10919800FFFF010000000000FFFF01000000FFFFCB
:1091A800FB349B5F8000008000100000052A00004F
:1091B80010000000FB349B5F80000080001000005E
:1091C800292B00001000000002000000030000002E
:1091D8000300000006000000030000000300000078
:1091E8003C0000007000000070000000D003000088
:1091F80070000000C3010000F401FA00960064004A
:109208004B0032001E001400000C0002080004028B
:1092180000011703010D03010100010100150200FF
:1092280003090003090001010001010005060014FB
:10923800020003090116180016180014030008019B
:1092480001080100060901060901070302070300D6
:109258000705001603000A02020A0100092300128A
:1092680002011202010E24020E09020E100010045F
:10927800000B04020B05000B0500110B02110B007B
:109288000C04010D0B00092B00000000F54C051023
:10929800F1920510CB4C0610FB920510F9920510BF
:1092A8008DE40410D96105101FE904103DE904108C
:1092B8005BE9041079E9041097E90410C545061024
:1092C800116E0610C7E80410E5E80410FDB3051098
:1092D80027E5041085E70410FFE6041061C60510B1
:1092E80009E50410FB349B5F80000080001000003B
:1092F8000101020102010002010002020201020151
:10930800010101010200020100232D302B20006819
:109318006C4C00656667454647003031323334355A
:1093280036373839414243444546003031323334C8
:0C933800353637383961626364656600C1
:08934400D872FD7F010000005A
:10934C00FF000000020000001200000000000000FE
:10935C0000000000010000000000004100000000BF
:10936C0000000000000000000000000000000000F1
:10937C0000000000000000000000000000000000E1
:10938C0000000000000000000000000000000000D1
:10939C0000000000000000000000000000000000C1
:1093AC00000000000000000000000000795B0410C9
:1093BC000040004100000000000000000000000020
:1093CC000000000000000000000000000000000091
:1093DC000000000000000000000000000000000081
:1093EC000000000000000000000000000000000071
:1093FC000000000000000000000000000000000061
:10940C000000000000000000000000000000000050
:10941C00992A04102D470410FD5A041091120410BF
:10942C00012B0410094804109D5B04100513041053
:10943C00D12B0410A94A0410155C041085140410D7
:10944C000024F4000200100004000000000010488A
:10945C00000010480000104804000000010000004B
:10946C00020000000300000032000000EC2200208B
:10947C00FFFFFFFF0000FFFF0100000002070000DC
:10948C00FB349B5F8000008000100000002A00006D
:10949C001000000000000000000000004027002029
:1094AC0002070000FB349B5F80000080001000006E
:1094BC00012A000010000000000000000000000065
:1094CC00A48E061002070000FB349B5F8000008016
:1094DC0000100000042A0000100000000000000032
:1094EC0000000000B08E061002070000FB349B5FEA
:1094FC008000008000100000A62A00001000000070
:10950C000000000000000000BC8E061022070900BD
:10951C00FB349B5F8000008000100000882B000053
:10952C00100000000000000000000000000000001F
:10953C00FB349B5F800000800010000000180000CE
:10954C0010000000010000000000000000000000FE
:10955C00020000005827002003070000FB349B5F2B
:10956C0080000080001000000229000010000000A4
:10957C00F48E0610FB349B5F80000080001000000E
:10958C0001180000100000000100000000000000A5
:10959C000000000000000000000000000201060CAA
:1095AC00095750535F737065616B65720100010060
:1095BC00010000004C23002001000100010000000C
:1095CC005023002001000100010000005423002062
:1095DC00FFFFFFFFFFFFFFFF3B410610854C06100E
:1095EC000000000003000000D8240020CC2800203C
:1095FC0000000000D824002040250020A8250020D1
:10960C00000000000000000000000000000000004E
:10961C00000000000000000000000000000000003E
:10962C00000000000000000000000000000000002E
:0C963C0000000000000000000000000022
:0400000510046E99DC
:00000001FF
